-- Adminer 4.8.1 MySQL 8.0.28 dump

SET NAMES utf8;
SET time_zone = '+00:00';
SET foreign_key_checks = 0;
SET sql_mode = 'NO_AUTO_VALUE_ON_ZERO';

SET NAMES utf8mb4;

INSERT INTO `booking` (`id_booking`, `amount`, `creation_client_id`, `creation_date`, `date`, `description`, `payment_id`, `payment_method`, `payment_date`, `status`, `update_client_id`, `update_date`, `id_booking_cancellation`, `client_id_person`, `creation_id_person`, `update_id_person`, `status_date`, `wait_confirm_until`) VALUES
('108876b0-e127-44e9-a57e-2791b7827a20',	24000,	NULL,	'2022-10-30 18:42:28',	'2022-10-30 18:42:28',	NULL,	NULL,	NULL,	NULL,	'INITIATED',	NULL,	'2022-10-30 18:42:28',	NULL,	'208876b0-e127-44e9-a57e-2791b7827a90',	NULL,	NULL,	'2022-10-30 18:42:28',	'2022-10-30 18:47:28'),
('108876b0-e127-44e9-a57e-2791b7827a21',	24000,	NULL,	'2022-10-30 18:54:11',	'2022-10-30 18:54:11',	NULL,	'33',	'CREDIT_CARD',	NULL,	'CONFIRMED',	NULL,	'2022-10-30 18:59:12',	NULL,	'208876b0-e127-44e9-a57e-2791b7827a90',	NULL,	NULL,	'2022-10-30 18:59:12',	'2022-10-30 18:59:11'),
('108876b0-e127-44e9-a57e-2791b7827a22',	12000,	NULL,	'2022-10-30 19:48:33',	'2022-10-30 19:48:33',	NULL,	NULL,	NULL,	NULL,	'INITIATED',	NULL,	'2022-10-30 19:48:33',	NULL,	'208876b0-e127-44e9-a57e-2791b7827a90',	NULL,	NULL,	'2022-10-30 19:48:33',	'2022-10-30 19:53:32'),
('108876b0-e127-44e9-a57e-2791b7827a23',	12000,	NULL,	'2022-10-30 20:01:25',	'2022-10-30 20:01:25',	NULL,	NULL,	NULL,	NULL,	'INITIATED',	NULL,	'2022-10-30 20:01:25',	NULL,	'208876b0-e127-44e9-a57e-2791b7827a90',	NULL,	NULL,	'2022-10-30 20:01:25',	'2022-10-30 20:06:25'),
('108876b0-e127-44e9-a57e-2791b7827a24',	24000,	NULL,	'2022-10-30 20:20:05',	'2022-10-30 20:20:05',	NULL,	NULL,	NULL,	NULL,	'INITIATED',	NULL,	'2022-10-30 20:20:05',	NULL,	'208876b0-e127-44e9-a57e-2791b7827a90',	NULL,	NULL,	'2022-10-30 20:20:05',	'2022-10-30 20:25:05'),
('108876b0-e127-44e9-a57e-2791b7827a25',	12000,	NULL,	'2022-11-02 15:23:01',	'2022-11-02 15:23:01',	NULL,	NULL,	NULL,	NULL,	'INITIATED',	NULL,	'2022-11-02 15:23:01',	NULL,	'208876b0-e127-44e9-a57e-2791b7827a90',	NULL,	NULL,	'2022-11-02 15:23:01',	'2022-11-02 15:28:01'),
('108876b0-e127-44e9-a57e-2791b7827a26',	12000,	NULL,	'2022-11-04 06:27:03',	'2022-11-04 06:27:03',	NULL,	NULL,	NULL,	NULL,	'INITIATED',	NULL,	'2022-11-04 06:27:03',	NULL,	'208876b0-e127-44e9-a57e-2791b7827a90',	NULL,	NULL,	'2022-11-04 06:27:03',	'2022-11-04 06:32:03'),
('108876b0-e127-44e9-a57e-2791b7827a27',	0,	NULL,	'2022-11-05 04:22:50',	'2022-11-05 04:22:50',	NULL,	NULL,	NULL,	NULL,	'INITIATED',	NULL,	'2022-11-05 04:22:50',	NULL,	'208876b0-e127-44e9-a57e-2791b7827a90',	NULL,	NULL,	'2022-11-05 04:22:50',	'2022-11-05 04:27:50'),
('108876b0-e127-44e9-a57e-2791b7827a28',	12000,	NULL,	'2022-11-06 16:40:58',	'2022-11-06 16:40:58',	NULL,	NULL,	NULL,	NULL,	'INITIATED',	NULL,	'2022-11-06 16:40:58',	NULL,	'208876b0-e127-44e9-a57e-2791b7827a90',	'208876b0-e127-44e9-a57e-2791b7827a90',	NULL,	'2022-11-06 16:40:58',	'2022-11-06 16:45:57');


INSERT INTO `booking_line` (`id_booking_line`, `price`, `amount`, `boarding_date`, `check_in_date`, `creation_client_id`, `creation_date`, `description`, `status`, `update_client_id`, `update_date`, `id_booking`, `id_booking_cancellation`, `creation_id_person`, `id_departure`, `transferred_from_id_organization`, `update_id_person`) VALUES
('108876b0-e127-44e9-a57e-2791b7827a30',	12000,	24000,	NULL,	NULL,	NULL,	'2022-10-30 18:42:28',	NULL,	'INITIATED',	NULL,	'2022-10-30 18:42:28',	'108876b0-e127-44e9-a57e-2791b7827a20',	NULL,	NULL,	'108876b0-e127-44e9-a57e-2791b7827a70',	NULL,	NULL),
('108876b0-e127-44e9-a57e-2791b7827a31',	12000,	24000,	NULL,	NULL,	NULL,	'2022-10-30 18:54:11',	NULL,	'CONFIRMED',	NULL,	'2022-10-30 18:59:12',	'108876b0-e127-44e9-a57e-2791b7827a21',	NULL,	NULL,	'108876b0-e127-44e9-a57e-2791b7827a70',	NULL,	NULL),
('108876b0-e127-44e9-a57e-2791b7827a32',	12000,	12000,	NULL,	NULL,	NULL,	'2022-10-30 19:48:33',	NULL,	'INITIATED',	NULL,	'2022-10-30 19:48:33',	'108876b0-e127-44e9-a57e-2791b7827a22',	NULL,	NULL,	'108876b0-e127-44e9-a57e-2791b7827a70',	NULL,	NULL),
('108876b0-e127-44e9-a57e-2791b7827a33',	12000,	12000,	NULL,	NULL,	NULL,	'2022-10-30 20:01:25',	NULL,	'INITIATED',	NULL,	'2022-10-30 20:01:25',	'108876b0-e127-44e9-a57e-2791b7827a23',	NULL,	NULL,	'108876b0-e127-44e9-a57e-2791b7827a70',	NULL,	NULL),
('108876b0-e127-44e9-a57e-2791b7827a34',	12000,	24000,	NULL,	NULL,	NULL,	'2022-10-30 20:20:05',	NULL,	'INITIATED',	NULL,	'2022-10-30 20:20:05',	'108876b0-e127-44e9-a57e-2791b7827a24',	NULL,	NULL,	'108876b0-e127-44e9-a57e-2791b7827a70',	NULL,	NULL),
('108876b0-e127-44e9-a57e-2791b7827a35',	12000,	12000,	NULL,	NULL,	NULL,	'2022-11-02 15:23:01',	NULL,	'INITIATED',	NULL,	'2022-11-02 15:23:01',	'108876b0-e127-44e9-a57e-2791b7827a25',	NULL,	NULL,	'108876b0-e127-44e9-a57e-2791b7827a70',	NULL,	NULL),
('108876b0-e127-44e9-a57e-2791b7827a36',	12000,	12000,	NULL,	NULL,	NULL,	'2022-11-04 06:27:03',	NULL,	'INITIATED',	NULL,	'2022-11-04 06:27:03',	'108876b0-e127-44e9-a57e-2791b7827a26',	NULL,	NULL,	'108876b0-e127-44e9-a57e-2791b7827a70',	NULL,	NULL),
('108876b0-e127-44e9-a57e-2791b7827a37',	12000,	0,	NULL,	NULL,	NULL,	'2022-11-05 04:22:50',	NULL,	'INITIATED',	NULL,	'2022-11-05 04:22:50',	'108876b0-e127-44e9-a57e-2791b7827a27',	NULL,	NULL,	'108876b0-e127-44e9-a57e-2791b7827a70',	NULL,	NULL),
('108876b0-e127-44e9-a57e-2791b7827a38',	12000,	12000,	NULL,	NULL,	NULL,	'2022-11-06 16:40:58',	NULL,	'INITIATED',	NULL,	'2022-11-06 16:40:58',	'108876b0-e127-44e9-a57e-2791b7827a28',	NULL,	NULL,	'108876b0-e127-44e9-a57e-2791b7827a70',	NULL,	NULL);



INSERT INTO `booking_line_seat` (`id_booking_line_seat`, `creation_client_id`, `creation_date`, `seat_number`, `status`, `update_client_id`, `update_date`, `id_booking_line`, `id_booking_cancellation`, `creation_id_person`, `update_id_person`) VALUES
('108876b0-e127-44e9-a57e-2791b7827a40',	NULL,	'2022-10-30 18:42:28',	5,	'LOCKED',	NULL,	'2022-10-30 18:42:28',	'108876b0-e127-44e9-a57e-2791b7827a30',	NULL,	NULL,	NULL),
('108876b0-e127-44e9-a57e-2791b7827a41',	NULL,	'2022-10-30 18:42:28',	8,	'LOCKED',	NULL,	'2022-10-30 18:42:28',	'108876b0-e127-44e9-a57e-2791b7827a30',	NULL,	NULL,	NULL),
('108876b0-e127-44e9-a57e-2791b7827a42',	NULL,	'2022-10-30 18:54:11',	4,	'BOOKED',	NULL,	'2022-10-30 18:59:12',	'108876b0-e127-44e9-a57e-2791b7827a31',	NULL,	NULL,	NULL),
('108876b0-e127-44e9-a57e-2791b7827a43',	NULL,	'2022-10-30 18:54:12',	1,	'BOOKED',	NULL,	'2022-10-30 18:59:12',	'108876b0-e127-44e9-a57e-2791b7827a31',	NULL,	NULL,	NULL),
('108876b0-e127-44e9-a57e-2791b7827a44',	NULL,	'2022-10-30 19:48:33',	13,	'LOCKED',	NULL,	'2022-10-30 19:48:33',	'108876b0-e127-44e9-a57e-2791b7827a33',	NULL,	NULL,	NULL),
('108876b0-e127-44e9-a57e-2791b7827a45',	NULL,	'2022-10-30 20:01:25',	13,	'LOCKED',	NULL,	'2022-10-30 20:01:25',	'108876b0-e127-44e9-a57e-2791b7827a34',	NULL,	NULL,	NULL),
('108876b0-e127-44e9-a57e-2791b7827a46',	NULL,	'2022-10-30 20:20:05',	14,	'LOCKED',	NULL,	'2022-10-30 20:20:05',	'108876b0-e127-44e9-a57e-2791b7827a35',	NULL,	NULL,	NULL),
('108876b0-e127-44e9-a57e-2791b7827a47',	NULL,	'2022-10-30 20:20:05',	10,	'LOCKED',	NULL,	'2022-10-30 20:20:05',	'108876b0-e127-44e9-a57e-2791b7827a35',	NULL,	NULL,	NULL),
('108876b0-e127-44e9-a57e-2791b7827a48',	NULL,	'2022-11-02 15:23:01',	5,	'LOCKED',	NULL,	'2022-11-02 15:23:01',	'108876b0-e127-44e9-a57e-2791b7827a36',	NULL,	NULL,	NULL),
('108876b0-e127-44e9-a57e-2791b7827a49',	NULL,	'2022-11-04 06:27:03',	8,	'LOCKED',	NULL,	'2022-11-04 06:27:03',	'108876b0-e127-44e9-a57e-2791b7827a37',	NULL,	NULL,	NULL),
('208876b0-e127-44e9-a57e-2791b7827a40',	NULL,	'2022-11-06 16:40:58',	6,	'LOCKED',	NULL,	'2022-11-06 16:40:58',	'108876b0-e127-44e9-a57e-2791b7827a38',	NULL,	'208876b0-e127-44e9-a57e-2791b7827a90',	NULL);

INSERT INTO `category` (`id_category`, `creation_client_id`, `creation_date`, `name`, `update_client_id`, `update_date`, `creation_id_person`, `id_organization`, `update_id_person`) VALUES
('108876b0-e127-44e9-a57e-2791b7827a50',	NULL,	NULL,	'LITE',	NULL,	NULL,	NULL,	'108876b0-e127-44e9-a57e-2791b7827a90',	NULL),
('108876b0-e127-44e9-a57e-2791b7827a51',	NULL,	NULL,	'PREMIUM',	NULL,	NULL,	NULL,	'108876b0-e127-44e9-a57e-2791b7827a90',	NULL),
('108876b0-e127-44e9-a57e-2791b7827a52',	NULL,	NULL,	'VIP',	NULL,	NULL,	NULL,	'108876b0-e127-44e9-a57e-2791b7827a90',	NULL);

INSERT INTO `city` (`id_city`, `zip_code`,`latitude`, `longitude`, `name`, `trigram`) VALUES
('108876b0-e127-44e9-a57e-2791b7827a60',101,	NULL,	NULL,	'ANTANANARIVO',	'TNR'),
('108876b0-e127-44e9-a57e-2791b7827a61',102,	NULL,	NULL,	'ANTSIRABE',	'ABE'),
('108876b0-e127-44e9-a57e-2791b7827a62',201,	NULL,	NULL,	'ANTSIRANANA (DIEGO SUAREZ)',	'DIE'),
('108876b0-e127-44e9-a57e-2791b7827a63',301,	NULL,	NULL,	'FIANARANTSOA',	'FNR'),
('108876b0-e127-44e9-a57e-2791b7827a64',401,	NULL,	NULL,	'MAHAJANGA',	'MJN'),
('108876b0-e127-44e9-a57e-2791b7827a65',501,	NULL,	NULL,	'TOAMASINA',	'TOA'),
('108876b0-e127-44e9-a57e-2791b7827a66',601,	NULL,	NULL,	'TOLIARA',	'TOL');

INSERT INTO `departure` (`id_departure`, `car_registration_number`, `seat_columns`, `creation_client_id`, `creation_date`, `date_time`, `end_date_time`, `seat_lines`, `lock_until`, `locked_by_phone`, `price`, `status`, `update_client_id`, `update_date`, `version`, `id_category`, `creation_id_person`, `id_employee_driver`, `id_employee_driver2`, `from_id_city`, `locked_by_id_person`, `id_organization`, `to_id_city`, `update_id_person`, `id_vehicle`, `total_seats`, `available_seats`, `id_vehicle_type`) VALUES
('108876b0-e127-44e9-a57e-2791b7827a70',	'11212AA',	4,	NULL,	NULL,	'2022-10-20 09:00:00',	NULL,	5,	NULL,	NULL,	12000,	NULL,	NULL,	NULL,	4,	'108876b0-e127-44e9-a57e-2791b7827a50',	NULL,	NULL,	NULL,	'108876b0-e127-44e9-a57e-2791b7827a60',	NULL,	'108876b0-e127-44e9-a57e-2791b7827a90',	'108876b0-e127-44e9-a57e-2791b7827a62',	NULL,	'308876b0-e127-44e9-a57e-2791b7827a90',	14,	14,	'408876b0-e127-44e9-a57e-2791b7827a90');


INSERT INTO `departure_vehicle_seat` (`id_departure_vehicle_seat`, `creation_client_id`, `creation_date`, `lock_until`, `locked_by_phone`, `seat_number`, `status`, `update_client_id`, `update_date`, `version`, `x`, `y`, `creation_id_person`, `id_departure`, `locked_by_id_person`, `update_id_person`) VALUES
('108876b0-e127-44e9-a57e-2791b7827a80',	NULL,	NULL,	NULL,	NULL,	-2,	'AVAILABLE',	NULL,	NULL,	0,	1,	1,	NULL,	'108876b0-e127-44e9-a57e-2791b7827a70',	NULL,	NULL),
('108876b0-e127-44e9-a57e-2791b7827a81',	NULL,	NULL,	NULL,	NULL,	-1,	'AVAILABLE',	NULL,	NULL,	0,	2,	1,	NULL,	'108876b0-e127-44e9-a57e-2791b7827a70',	NULL,	NULL),
('108876b0-e127-44e9-a57e-2791b7827a82',	NULL,	NULL,	NULL,	NULL,	1,	'BOOKED',	NULL,	'2022-10-30 18:59:12',	0,	3,	1,	NULL,	'108876b0-e127-44e9-a57e-2791b7827a70',	NULL,	NULL),
('108876b0-e127-44e9-a57e-2791b7827a83',	NULL,	NULL,	NULL,	NULL,	2,	'AVAILABLE',	NULL,	NULL,	0,	4,	1,	NULL,	'108876b0-e127-44e9-a57e-2791b7827a70',	NULL,	NULL),
('108876b0-e127-44e9-a57e-2791b7827a84',	NULL,	NULL,	NULL,	NULL,	3,	'AVAILABLE',	NULL,	NULL,	0,	1,	2,	NULL,	'108876b0-e127-44e9-a57e-2791b7827a70',	NULL,	NULL),
('108876b0-e127-44e9-a57e-2791b7827a85',	NULL,	NULL,	NULL,	NULL,	4,	'BOOKED',	NULL,	'2022-10-30 18:59:12',	0,	2,	2,	NULL,	'108876b0-e127-44e9-a57e-2791b7827a70',	NULL,	NULL),
('108876b0-e127-44e9-a57e-2791b7827a86',	NULL,	NULL,	NULL,	NULL,	-1,	'AVAILABLE',	NULL,	NULL,	0,	3,	2,	NULL,	'108876b0-e127-44e9-a57e-2791b7827a70',	NULL,	NULL),
('108876b0-e127-44e9-a57e-2791b7827a87',	NULL,	NULL,	NULL,	NULL,	-1,	'AVAILABLE',	NULL,	NULL,	0,	4,	2,	NULL,	'108876b0-e127-44e9-a57e-2791b7827a70',	NULL,	NULL),
('108876b0-e127-44e9-a57e-2791b7827a88',	NULL,	NULL,	'2022-11-02 15:28:01',	NULL,	5,	'AVAILABLE',	NULL,	NULL,	1,	1,	3,	NULL,	'108876b0-e127-44e9-a57e-2791b7827a70',	'208876b0-e127-44e9-a57e-2791b7827a90',	NULL),
('108876b0-e127-44e9-a57e-2791b7827a89',	NULL,	NULL,	'2022-11-06 16:45:57',	NULL,	6,	'AVAILABLE',	NULL,	NULL,	1,	2,	3,	NULL,	'108876b0-e127-44e9-a57e-2791b7827a70',	'208876b0-e127-44e9-a57e-2791b7827a90',	NULL),
('208876b0-e127-44e9-a57e-2791b7827a81',	NULL,	NULL,	NULL,	NULL,	-1,	'AVAILABLE',	NULL,	NULL,	0,	3,	3,	NULL,	'108876b0-e127-44e9-a57e-2791b7827a70',	NULL,	NULL),
('208876b0-e127-44e9-a57e-2791b7827a82',	NULL,	NULL,	NULL,	NULL,	7,	'AVAILABLE',	NULL,	NULL,	0,	4,	3,	NULL,	'108876b0-e127-44e9-a57e-2791b7827a70',	NULL,	NULL),
('208876b0-e127-44e9-a57e-2791b7827a83',	NULL,	NULL,	'2022-11-04 06:32:03',	NULL,	8,	'AVAILABLE',	NULL,	NULL,	1,	1,	4,	NULL,	'108876b0-e127-44e9-a57e-2791b7827a70',	'208876b0-e127-44e9-a57e-2791b7827a90',	NULL),
('208876b0-e127-44e9-a57e-2791b7827a84',	NULL,	NULL,	NULL,	NULL,	9,	'AVAILABLE',	NULL,	NULL,	0,	2,	4,	NULL,	'108876b0-e127-44e9-a57e-2791b7827a70',	NULL,	NULL),
('208876b0-e127-44e9-a57e-2791b7827a85',	NULL,	NULL,	NULL,	NULL,	-1,	'AVAILABLE',	NULL,	NULL,	0,	3,	4,	NULL,	'108876b0-e127-44e9-a57e-2791b7827a70',	NULL,	NULL),
('208876b0-e127-44e9-a57e-2791b7827a86',	NULL,	NULL,	'2022-10-30 20:25:05',	NULL,	10,	'AVAILABLE',	NULL,	NULL,	1,	4,	4,	NULL,	'108876b0-e127-44e9-a57e-2791b7827a70',	'208876b0-e127-44e9-a57e-2791b7827a90',	NULL),
('208876b0-e127-44e9-a57e-2791b7827a87',	NULL,	NULL,	NULL,	NULL,	11,	'AVAILABLE',	NULL,	NULL,	0,	1,	5,	NULL,	'108876b0-e127-44e9-a57e-2791b7827a70',	NULL,	NULL),
('208876b0-e127-44e9-a57e-2791b7827a88',	NULL,	NULL,	NULL,	NULL,	12,	'AVAILABLE',	NULL,	NULL,	0,	2,	5,	NULL,	'108876b0-e127-44e9-a57e-2791b7827a70',	NULL,	NULL),
('208876b0-e127-44e9-a57e-2791b7827a89',	NULL,	NULL,	'2022-10-30 20:06:25',	NULL,	13,	'AVAILABLE',	NULL,	NULL,	2,	3,	5,	NULL,	'108876b0-e127-44e9-a57e-2791b7827a70',	'208876b0-e127-44e9-a57e-2791b7827a90',	NULL),
('208876b0-e127-44e9-a57e-2791b7827a80',	NULL,	NULL,	'2022-10-30 20:25:05',	NULL,	14,	'AVAILABLE',	NULL,	NULL,	1,	4,	5,	NULL,	'108876b0-e127-44e9-a57e-2791b7827a70',	'208876b0-e127-44e9-a57e-2791b7827a90',	NULL);

INSERT INTO `organization` (`id_organization`, `address`, `creation_client_id`, `creation_date`, `id_parent`, `logo`, `name`, `ticket_logo`, `type`, `update_client_id`, `update_date`, `creation_id_person`, `update_id_person`) VALUES
('108876b0-e127-44e9-a57e-2791b7827a90',	NULL,	NULL,	NULL,	NULL,	'https://cotisse-transport.com/assets/images/logo/logo-cotisse.png',	'COTISSE TRANSPORT',	'https://cotisse-transport.com/assets/images/logo/logo-cotisse.png',	'COMPANY',	NULL,	NULL,	NULL,	NULL);



INSERT INTO `person` (`id_person`, `address`, `civility`, `creation_client_id`, `creation_date`, `creation_id_person`, `email`, `first_name`, `id_duplicate_date`, `id_duplicate_location`, `id_issue_date`, `id_issue_location`, `id_number`, `id_type`, `last_name`, `phone_number`, `update_client_id`, `update_id_person`, `update_date`, `id_user`) VALUES
('208876b0-e127-44e9-a57e-2791b7827a90',	NULL,	NULL,	NULL,	'2022-08-20 17:54:41',	NULL,	'alfred.jaugeon@yopmail.com',	'Alfred',	NULL,	NULL,	NULL,	NULL,	NULL,	NULL,	NULL,	'+261346718250',	NULL,	NULL,	NULL,	'87940f89-c095-47ae-b16f-18409dc80586');


INSERT INTO `vehicle` (`id_vehicle`, `car_registration_number`, `seat_columns`, `creation_client_id`, `creation_date`, `seat_lines`, `update_client_id`, `update_date`, `creation_id_person`, `id_organization`, `update_id_person`, `id_vehicle_type`) VALUES
('308876b0-e127-44e9-a57e-2791b7827a90',	'1213FA',	4,	NULL,	NULL,	5,	NULL,	NULL,	NULL,	'108876b0-e127-44e9-a57e-2791b7827a90',	NULL,	'408876b0-e127-44e9-a57e-2791b7827a90');




INSERT INTO `vehicle_type` (`id_vehicle_type`, `name`) VALUES
('408876b0-e127-44e9-a57e-2791b7827a90',	'SPRINTER'),
('408876b0-e127-44e9-a57e-2791b7827a91',	'MINIBUS'),
('408876b0-e127-44e9-a57e-2791b7827a92',	'4X4'),
('408876b0-e127-44e9-a57e-2791b7827a93',	'STAREX');

-- 2022-11-06 13:46:18