-- Adminer 4.8.1 MySQL 8.0.28 dump

SET NAMES utf8;
SET time_zone = '+00:00';
SET foreign_key_checks = 0;
SET sql_mode = 'NO_AUTO_VALUE_ON_ZERO';

SET NAMES utf8mb4;

DROP TABLE IF EXISTS `ADMIN_EVENT_ENTITY`;
CREATE TABLE `ADMIN_EVENT_ENTITY` (
  `ID` varchar(36) NOT NULL,
  `ADMIN_EVENT_TIME` bigint DEFAULT NULL,
  `REALM_ID` varchar(255) DEFAULT NULL,
  `OPERATION_TYPE` varchar(255) DEFAULT NULL,
  `AUTH_REALM_ID` varchar(255) DEFAULT NULL,
  `AUTH_CLIENT_ID` varchar(255) DEFAULT NULL,
  `AUTH_USER_ID` varchar(255) DEFAULT NULL,
  `IP_ADDRESS` varchar(255) DEFAULT NULL,
  `RESOURCE_PATH` text,
  `REPRESENTATION` text,
  `ERROR` varchar(255) DEFAULT NULL,
  `RESOURCE_TYPE` varchar(64) DEFAULT NULL,
  PRIMARY KEY (`ID`),
  KEY `IDX_ADMIN_EVENT_TIME` (`REALM_ID`,`ADMIN_EVENT_TIME`)
) ENGINE=InnoDB DEFAULT CHARSET=utf8mb4 COLLATE=utf8mb4_0900_ai_ci;


DROP TABLE IF EXISTS `ASSOCIATED_POLICY`;
CREATE TABLE `ASSOCIATED_POLICY` (
  `POLICY_ID` varchar(36) NOT NULL,
  `ASSOCIATED_POLICY_ID` varchar(36) NOT NULL,
  PRIMARY KEY (`POLICY_ID`,`ASSOCIATED_POLICY_ID`),
  KEY `IDX_ASSOC_POL_ASSOC_POL_ID` (`ASSOCIATED_POLICY_ID`),
  CONSTRAINT `FK_FRSR5S213XCX4WNKOG82SSRFY` FOREIGN KEY (`ASSOCIATED_POLICY_ID`) REFERENCES `RESOURCE_SERVER_POLICY` (`ID`),
  CONSTRAINT `FK_FRSRPAS14XCX4WNKOG82SSRFY` FOREIGN KEY (`POLICY_ID`) REFERENCES `RESOURCE_SERVER_POLICY` (`ID`)
) ENGINE=InnoDB DEFAULT CHARSET=utf8mb4 COLLATE=utf8mb4_0900_ai_ci;

INSERT INTO `ASSOCIATED_POLICY` (`POLICY_ID`, `ASSOCIATED_POLICY_ID`) VALUES
('1370c602-f5d5-4f7b-9cc3-8e4dcd483be6',	'7b40e82c-4b54-406f-b3be-33a7fde2c597'),
('7b87b619-851c-4d15-9f8a-c03ed0e3bab9',	'7dbaca15-744b-44af-91c3-72b5b77dd355'),
('35a1e1fe-df57-46bc-a0f8-2e2a820dc5a1',	'9263c6b9-e683-4699-97cd-26aa633f728e'),
('2844f3fc-92ec-4ab3-9907-95ebb497bf1b',	'9b28876a-1b18-4561-84e4-a6b44b4add4e'),
('27be8a3c-ba53-4daf-9933-da6cbe6f5206',	'c5073277-2204-4132-bd23-83fb53c475bd');

DROP TABLE IF EXISTS `AUTHENTICATION_EXECUTION`;
CREATE TABLE `AUTHENTICATION_EXECUTION` (
  `ID` varchar(36) NOT NULL,
  `ALIAS` varchar(255) DEFAULT NULL,
  `AUTHENTICATOR` varchar(36) DEFAULT NULL,
  `REALM_ID` varchar(36) DEFAULT NULL,
  `FLOW_ID` varchar(36) DEFAULT NULL,
  `REQUIREMENT` int DEFAULT NULL,
  `PRIORITY` int DEFAULT NULL,
  `AUTHENTICATOR_FLOW` bit(1) NOT NULL DEFAULT b'0',
  `AUTH_FLOW_ID` varchar(36) DEFAULT NULL,
  `AUTH_CONFIG` varchar(36) DEFAULT NULL,
  PRIMARY KEY (`ID`),
  KEY `IDX_AUTH_EXEC_REALM_FLOW` (`REALM_ID`,`FLOW_ID`),
  KEY `IDX_AUTH_EXEC_FLOW` (`FLOW_ID`),
  CONSTRAINT `FK_AUTH_EXEC_FLOW` FOREIGN KEY (`FLOW_ID`) REFERENCES `AUTHENTICATION_FLOW` (`ID`),
  CONSTRAINT `FK_AUTH_EXEC_REALM` FOREIGN KEY (`REALM_ID`) REFERENCES `REALM` (`ID`)
) ENGINE=InnoDB DEFAULT CHARSET=utf8mb4 COLLATE=utf8mb4_0900_ai_ci;

INSERT INTO `AUTHENTICATION_EXECUTION` (`ID`, `ALIAS`, `AUTHENTICATOR`, `REALM_ID`, `FLOW_ID`, `REQUIREMENT`, `PRIORITY`, `AUTHENTICATOR_FLOW`, `AUTH_FLOW_ID`, `AUTH_CONFIG`) VALUES
('007d8af8-64b5-4cdb-9894-737cb8b37656',	NULL,	'conditional-user-configured',	'841f5ece-1c66-4bb9-93e5-6a5f6101ad0b',	'c0c7a1ee-05e8-4a68-ba8e-1aaa4a8ac411',	0,	10,	CONV('0', 2, 10) + 0,	NULL,	NULL),
('015edfe8-0faf-4570-add9-2214a47bb459',	NULL,	'registration-recaptcha-action',	'f0d9d1ed-4880-4b89-95f9-0deb74dc4ead',	'43cea6b8-81fb-4e16-ad5f-3680de916529',	3,	60,	CONV('0', 2, 10) + 0,	NULL,	NULL),
('04120556-6969-4c84-a1b6-0cf0d79bb755',	NULL,	NULL,	'841f5ece-1c66-4bb9-93e5-6a5f6101ad0b',	'5c1cc350-cb00-4dd8-b50c-9833e0a75d88',	2,	20,	CONV('1', 2, 10) + 0,	'30297e09-0e3b-4e66-948b-0ed40a98c0e8',	NULL),
('058e8bbe-8392-4c6d-a5e8-a5ed3800a1a7',	NULL,	'reset-otp',	'f0d9d1ed-4880-4b89-95f9-0deb74dc4ead',	'189e0db6-b3b9-432b-b1d5-fceed669ae2d',	0,	20,	CONV('0', 2, 10) + 0,	NULL,	NULL),
('0986baa9-9989-4771-83a1-1c3bdc5b7160',	NULL,	NULL,	'6b962f6f-6e63-4547-bf35-50e79dd06c0d',	'e52272f1-eaec-4c12-b7d1-820e22fcf3f4',	1,	20,	CONV('1', 2, 10) + 0,	'aeb95b15-c920-4523-86cd-b916ebbf7cdb',	NULL),
('0ad4bf70-0c6c-4413-bd33-90eebc9dd1d4',	NULL,	'idp-review-profile',	'6b962f6f-6e63-4547-bf35-50e79dd06c0d',	'5b7af9e2-acd9-4f42-8844-1163d9d8af86',	0,	10,	CONV('0', 2, 10) + 0,	NULL,	'372a0163-87dc-4431-9e69-21b7a7a85e0d'),
('0ade5a6f-ec0a-41ec-aa3f-cce6eecede0f',	NULL,	'registration-recaptcha-action',	'841f5ece-1c66-4bb9-93e5-6a5f6101ad0b',	'76808da3-75e4-48f2-96d5-3e0a71066cde',	3,	60,	CONV('0', 2, 10) + 0,	NULL,	NULL),
('0bc11172-b40c-4c6b-bb4c-7dce1451871e',	NULL,	NULL,	'f0d9d1ed-4880-4b89-95f9-0deb74dc4ead',	'5586ef82-c7a3-4a2e-86ec-02a4ffc9080e',	0,	20,	CONV('1', 2, 10) + 0,	'8e273a6f-1afd-4359-9117-b000d132eb1c',	NULL),
('0c7209a4-7c33-4937-a7aa-2752095fb19b',	NULL,	NULL,	'841f5ece-1c66-4bb9-93e5-6a5f6101ad0b',	'fb83a6da-d5ca-45e9-adcb-11417c456ce1',	2,	20,	CONV('1', 2, 10) + 0,	'29db869f-922b-49b7-b40e-827e2e83c17f',	NULL),
('0e0196cb-ab90-4c36-8997-100079095bb8',	NULL,	'no-cookie-redirect',	'f0d9d1ed-4880-4b89-95f9-0deb74dc4ead',	'5586ef82-c7a3-4a2e-86ec-02a4ffc9080e',	0,	10,	CONV('0', 2, 10) + 0,	NULL,	NULL),
('0e28b653-e95f-433a-948b-13c2263b1adc',	NULL,	'conditional-user-configured',	'6b962f6f-6e63-4547-bf35-50e79dd06c0d',	'67dcc580-ec22-4992-89e3-eed392a161a0',	0,	10,	CONV('0', 2, 10) + 0,	NULL,	NULL),
('13688099-49c8-4e77-9ef6-2ff350b3583a',	NULL,	'reset-password',	'f0d9d1ed-4880-4b89-95f9-0deb74dc4ead',	'2cba63f6-adb0-4afa-8284-3899f3e0b414',	0,	30,	CONV('0', 2, 10) + 0,	NULL,	NULL),
('1429578f-4ca0-45ae-822a-1a8d5e940343',	NULL,	'conditional-user-configured',	'f0d9d1ed-4880-4b89-95f9-0deb74dc4ead',	'ab490be2-99c1-47d3-8f1a-96abdbfbf76a',	0,	10,	CONV('0', 2, 10) + 0,	NULL,	NULL),
('143ba9a5-2e8d-45cc-886f-e048626c3b60',	NULL,	'auth-otp-form',	'6b962f6f-6e63-4547-bf35-50e79dd06c0d',	'd0bbd314-eda6-4468-87d7-b42ca381b6b9',	0,	20,	CONV('0', 2, 10) + 0,	NULL,	NULL),
('14e8672c-5bf6-447e-9977-34bc6b3037c3',	NULL,	'registration-recaptcha-action',	'6b962f6f-6e63-4547-bf35-50e79dd06c0d',	'4b3f4cca-17d4-4e21-92a5-3b920573a932',	3,	60,	CONV('0', 2, 10) + 0,	NULL,	NULL),
('1593754c-6926-4bf0-8c29-052157e8b156',	NULL,	'conditional-user-configured',	'841f5ece-1c66-4bb9-93e5-6a5f6101ad0b',	'12042630-66bd-47ed-9dd7-735f710a7931',	0,	10,	CONV('0', 2, 10) + 0,	NULL,	NULL),
('18d9d8e6-480a-49ff-af80-51864e9f2fff',	NULL,	'auth-otp-form',	'841f5ece-1c66-4bb9-93e5-6a5f6101ad0b',	'12042630-66bd-47ed-9dd7-735f710a7931',	0,	20,	CONV('0', 2, 10) + 0,	NULL,	NULL),
('1952ccaf-d391-4ee5-b10c-c19f5e693899',	NULL,	NULL,	'6b962f6f-6e63-4547-bf35-50e79dd06c0d',	'1b7d1ed1-bc98-4559-9008-5c62c771b9df',	1,	30,	CONV('1', 2, 10) + 0,	'9a0a917d-d894-4f3c-9b1a-375c51d87987',	NULL),
('1a15013c-439a-406a-98da-4bfce551f9f3',	NULL,	'idp-review-profile',	'841f5ece-1c66-4bb9-93e5-6a5f6101ad0b',	'4063185e-3cd6-40e9-8498-2b21db5250c0',	0,	10,	CONV('0', 2, 10) + 0,	NULL,	'7dff2ea7-8d2a-45a3-933e-39ddb4d6f7d7'),
('1a8f339a-0aea-49da-ace5-1ff2936e11f4',	NULL,	NULL,	'841f5ece-1c66-4bb9-93e5-6a5f6101ad0b',	'7e8f4bc2-4a92-4709-b63c-8c1b0b25fc5f',	1,	21,	CONV('1', 2, 10) + 0,	'12042630-66bd-47ed-9dd7-735f710a7931',	NULL),
('1b6e9269-85e1-4905-8abb-fb362e5e641e',	NULL,	'reset-credentials-choose-user',	'f0d9d1ed-4880-4b89-95f9-0deb74dc4ead',	'2cba63f6-adb0-4afa-8284-3899f3e0b414',	0,	10,	CONV('0', 2, 10) + 0,	NULL,	NULL),
('1b83f5de-6d02-4455-a0b0-3a82ac1d4169',	NULL,	'registration-profile-action',	'6b962f6f-6e63-4547-bf35-50e79dd06c0d',	'4b3f4cca-17d4-4e21-92a5-3b920573a932',	0,	40,	CONV('0', 2, 10) + 0,	NULL,	NULL),
('1c9431c4-2ea5-453e-9529-8e278dbb9323',	NULL,	'reset-credentials-choose-user',	'6b962f6f-6e63-4547-bf35-50e79dd06c0d',	'42ae01e6-87a2-4c48-9af0-77fd2665b8c3',	0,	10,	CONV('0', 2, 10) + 0,	NULL,	NULL),
('1f0bca75-5bfe-4896-b1b1-7ba286e17863',	NULL,	'identity-provider-redirector',	'841f5ece-1c66-4bb9-93e5-6a5f6101ad0b',	'0b49c1ad-9214-4b3c-ba10-77bedbd3027d',	2,	25,	CONV('0', 2, 10) + 0,	NULL,	NULL),
('1f17e15d-491b-40db-9dbe-b43bdb8f4d84',	NULL,	'identity-provider-redirector',	'6b962f6f-6e63-4547-bf35-50e79dd06c0d',	'ec4a1293-56c5-403f-a3ae-c68b3445c559',	2,	25,	CONV('0', 2, 10) + 0,	NULL,	NULL),
('1f5e3850-657d-4028-91aa-fb197b6f43b5',	NULL,	'identity-provider-redirector',	'6b962f6f-6e63-4547-bf35-50e79dd06c0d',	'10810f5f-0ffd-4601-8e23-e9b35fa368b1',	3,	27,	CONV('0', 2, 10) + 0,	NULL,	NULL),
('202c1f5d-35a7-444c-bbc0-0f107491a184',	NULL,	'idp-confirm-link',	'6b962f6f-6e63-4547-bf35-50e79dd06c0d',	'933dea2f-4beb-4b96-9106-40dd49209446',	0,	10,	CONV('0', 2, 10) + 0,	NULL,	NULL),
('24f317f3-15d8-4e3b-98e6-8951ae22f8dd',	NULL,	'auth-spnego',	'6b962f6f-6e63-4547-bf35-50e79dd06c0d',	'10810f5f-0ffd-4601-8e23-e9b35fa368b1',	3,	20,	CONV('0', 2, 10) + 0,	NULL,	NULL),
('25da53fb-b3af-4981-96a0-0170a2e751a3',	NULL,	'reset-credential-email',	'841f5ece-1c66-4bb9-93e5-6a5f6101ad0b',	'3e971277-9cc1-430e-853f-976d8257f69a',	0,	20,	CONV('0', 2, 10) + 0,	NULL,	NULL),
('26b3f0ec-8d98-4608-890f-6ac9064480a6',	NULL,	'registration-profile-action',	'f0d9d1ed-4880-4b89-95f9-0deb74dc4ead',	'43cea6b8-81fb-4e16-ad5f-3680de916529',	0,	40,	CONV('0', 2, 10) + 0,	NULL,	NULL),
('293ce67f-4d93-42e1-80e0-f770d20af8b8',	NULL,	'mgo-registration-profile-action',	'6b962f6f-6e63-4547-bf35-50e79dd06c0d',	'1c47dcd8-4865-4d09-a2cf-87665f8f4110',	0,	50,	CONV('0', 2, 10) + 0,	NULL,	NULL),
('2fe9a16c-6253-4e19-8843-3c4510690453',	NULL,	NULL,	'f0d9d1ed-4880-4b89-95f9-0deb74dc4ead',	'ee78ed06-f44c-411a-a128-07c64c664223',	2,	30,	CONV('1', 2, 10) + 0,	'ef486a55-98bb-4261-a57e-7f5cd6f5b561',	NULL),
('3099f56c-3678-45db-8380-ee24a4c2ab71',	NULL,	'auth-cookie',	'6b962f6f-6e63-4547-bf35-50e79dd06c0d',	'a605f2cc-5f90-421d-8f7c-ecc5df1a3040',	2,	10,	CONV('0', 2, 10) + 0,	NULL,	NULL),
('33aa68a0-3d26-4234-9bdb-4c1ec2a7327d',	NULL,	NULL,	'6b962f6f-6e63-4547-bf35-50e79dd06c0d',	'5b7af9e2-acd9-4f42-8844-1163d9d8af86',	0,	20,	CONV('1', 2, 10) + 0,	'ca085766-4297-4846-a4e4-fbfbc8aa94e1',	NULL),
('33afd5c6-533d-42e2-8a15-9e994ffc0c57',	NULL,	'idp-create-user-if-unique',	'841f5ece-1c66-4bb9-93e5-6a5f6101ad0b',	'fb83a6da-d5ca-45e9-adcb-11417c456ce1',	2,	10,	CONV('0', 2, 10) + 0,	NULL,	'468223a2-a538-4248-b7da-2068be6a575a'),
('36e12010-060f-4e7f-9f9d-e701c2932c09',	NULL,	'conditional-user-configured',	'f0d9d1ed-4880-4b89-95f9-0deb74dc4ead',	'424117fc-8229-4ba9-a320-102c78cb7d8e',	0,	10,	CONV('0', 2, 10) + 0,	NULL,	NULL),
('372928be-d402-404a-a31d-5612cc5aad66',	NULL,	'registration-page-form',	'f0d9d1ed-4880-4b89-95f9-0deb74dc4ead',	'6581c984-0f96-4a99-ba98-5f38afbeaa85',	0,	10,	CONV('1', 2, 10) + 0,	'43cea6b8-81fb-4e16-ad5f-3680de916529',	NULL),
('377c3696-897f-42aa-ae65-c46f7d7af63d',	NULL,	'direct-grant-validate-otp',	'f0d9d1ed-4880-4b89-95f9-0deb74dc4ead',	'4030ec28-c6fe-4a92-8bcf-6ff510672a58',	0,	20,	CONV('0', 2, 10) + 0,	NULL,	NULL),
('39fe8db6-b9c3-4f7b-bd45-4b6a3a1e65f8',	NULL,	'registration-user-creation',	'f0d9d1ed-4880-4b89-95f9-0deb74dc4ead',	'43cea6b8-81fb-4e16-ad5f-3680de916529',	0,	20,	CONV('0', 2, 10) + 0,	NULL,	NULL),
('3a383e5b-5911-41df-afa5-3ffb3492c9ca',	NULL,	'idp-email-verification',	'f0d9d1ed-4880-4b89-95f9-0deb74dc4ead',	'99f7914c-df82-40b7-814a-bddcb644ca3e',	2,	10,	CONV('0', 2, 10) + 0,	NULL,	NULL),
('3fa02716-f688-4b6b-a183-f72c5b164e2a',	NULL,	'direct-grant-validate-username',	'6b962f6f-6e63-4547-bf35-50e79dd06c0d',	'1b7d1ed1-bc98-4559-9008-5c62c771b9df',	0,	10,	CONV('0', 2, 10) + 0,	NULL,	NULL),
('4003e22d-53ef-43ab-8538-02724a7ecef0',	NULL,	NULL,	'841f5ece-1c66-4bb9-93e5-6a5f6101ad0b',	'0b49c1ad-9214-4b3c-ba10-77bedbd3027d',	2,	30,	CONV('1', 2, 10) + 0,	'e9b103e6-1aa9-407b-a017-fcf024cce8ce',	NULL),
('43cc3bb7-5bd1-4525-ad34-09f1c9938d8f',	NULL,	'idp-review-profile',	'f0d9d1ed-4880-4b89-95f9-0deb74dc4ead',	'717aff09-3216-4c12-8f02-48ac3568d2d6',	0,	10,	CONV('0', 2, 10) + 0,	NULL,	'1a95f2aa-d756-49af-8dd7-92ea26aea789'),
('483e5f0d-a277-4838-8514-dc51f6223cad',	NULL,	NULL,	'6b962f6f-6e63-4547-bf35-50e79dd06c0d',	'933dea2f-4beb-4b96-9106-40dd49209446',	0,	20,	CONV('1', 2, 10) + 0,	'f4598334-5c72-4d83-b39f-d09678870c16',	NULL),
('493e861d-a624-40eb-be69-be7750da8d3b',	NULL,	'idp-create-user-if-unique',	'6b962f6f-6e63-4547-bf35-50e79dd06c0d',	'ca085766-4297-4846-a4e4-fbfbc8aa94e1',	2,	10,	CONV('0', 2, 10) + 0,	NULL,	'37b9334e-c65b-43e4-850a-5fd036f45c35'),
('4b12b1fc-49dc-4004-a034-972e484a1f50',	NULL,	'conditional-user-configured',	'f0d9d1ed-4880-4b89-95f9-0deb74dc4ead',	'4030ec28-c6fe-4a92-8bcf-6ff510672a58',	0,	10,	CONV('0', 2, 10) + 0,	NULL,	NULL),
('4c64e3bf-f568-477e-b627-aa6f32047319',	NULL,	NULL,	'f0d9d1ed-4880-4b89-95f9-0deb74dc4ead',	'afe6f714-b81a-4add-9039-04cbaea5f132',	2,	20,	CONV('1', 2, 10) + 0,	'48a76d83-71ac-42b7-a237-184c7a5d5f42',	NULL),
('4e38a5f5-821d-470d-ba28-a9eb137fb7a0',	NULL,	'auth-cookie',	'841f5ece-1c66-4bb9-93e5-6a5f6101ad0b',	'528bbccd-ce65-4740-a104-8a9c0673fb6d',	2,	10,	CONV('0', 2, 10) + 0,	NULL,	NULL),
('51362a5f-5825-4cb3-9cc6-5fa9de3e4a62',	NULL,	'direct-grant-validate-otp',	'841f5ece-1c66-4bb9-93e5-6a5f6101ad0b',	'c0c7a1ee-05e8-4a68-ba8e-1aaa4a8ac411',	0,	20,	CONV('0', 2, 10) + 0,	NULL,	NULL),
('51ccee74-126b-4da2-9e18-07fa4f4f46de',	NULL,	'direct-grant-validate-password',	'6b962f6f-6e63-4547-bf35-50e79dd06c0d',	'1b7d1ed1-bc98-4559-9008-5c62c771b9df',	0,	20,	CONV('0', 2, 10) + 0,	NULL,	NULL),
('5267847d-fc57-4d8e-90d5-7b824d02e3a3',	NULL,	'http-basic-authenticator',	'841f5ece-1c66-4bb9-93e5-6a5f6101ad0b',	'299f4ed2-1384-44cf-8b44-b364fd95d56c',	0,	10,	CONV('0', 2, 10) + 0,	NULL,	NULL),
('54c8e7e9-99e9-455b-8e39-c6aff4ace256',	NULL,	'auth-otp-form',	'6b962f6f-6e63-4547-bf35-50e79dd06c0d',	'aeb95b15-c920-4523-86cd-b916ebbf7cdb',	0,	20,	CONV('0', 2, 10) + 0,	NULL,	NULL),
('55471ca5-603a-45b4-ae99-fd99f21a4dd9',	NULL,	'client-secret-jwt',	'6b962f6f-6e63-4547-bf35-50e79dd06c0d',	'6989d529-bde1-42e2-a047-396690a2bb29',	2,	30,	CONV('0', 2, 10) + 0,	NULL,	NULL),
('58653152-2ea3-4081-b439-646193f4560e',	NULL,	'idp-create-user-if-unique',	'f0d9d1ed-4880-4b89-95f9-0deb74dc4ead',	'afe6f714-b81a-4add-9039-04cbaea5f132',	2,	10,	CONV('0', 2, 10) + 0,	NULL,	'9465f125-ee99-44d4-b2c6-c13bca99acd3'),
('5c047f5a-0f85-4f7e-b9bc-7dfb4106fc97',	NULL,	'auth-spnego',	'841f5ece-1c66-4bb9-93e5-6a5f6101ad0b',	'51108da5-84f9-4cc4-9c97-489e3f52e6db',	3,	30,	CONV('0', 2, 10) + 0,	NULL,	NULL),
('5c68c634-e93f-42ce-88e8-4146432d0923',	NULL,	'mgo-authenticator',	'6b962f6f-6e63-4547-bf35-50e79dd06c0d',	'10810f5f-0ffd-4601-8e23-e9b35fa368b1',	0,	28,	CONV('0', 2, 10) + 0,	NULL,	NULL),
('5d5667ee-bf5b-4276-8822-98ece58bc324',	NULL,	'registration-password-action',	'841f5ece-1c66-4bb9-93e5-6a5f6101ad0b',	'4b6af08d-dc91-4316-96be-0bd05769bd71',	0,	61,	CONV('0', 2, 10) + 0,	NULL,	NULL),
('5d8a2ba7-c9b9-48c5-8d0e-39b14961e510',	NULL,	'auth-cookie',	'841f5ece-1c66-4bb9-93e5-6a5f6101ad0b',	'0b49c1ad-9214-4b3c-ba10-77bedbd3027d',	2,	10,	CONV('0', 2, 10) + 0,	NULL,	NULL),
('5e3599e7-e313-47cf-b050-51f96d99c174',	NULL,	'auth-username-password-form',	'f0d9d1ed-4880-4b89-95f9-0deb74dc4ead',	'ef486a55-98bb-4261-a57e-7f5cd6f5b561',	0,	10,	CONV('0', 2, 10) + 0,	NULL,	NULL),
('5f3f30fa-cd68-4620-bcd9-d6f9320e6a36',	NULL,	'reset-otp',	'841f5ece-1c66-4bb9-93e5-6a5f6101ad0b',	'51a60bb5-d14c-4413-83bf-f6309f1b74d2',	0,	20,	CONV('0', 2, 10) + 0,	NULL,	NULL),
('602a6c6c-d850-4e7e-b039-f56bf19bed9c',	NULL,	'direct-grant-validate-otp',	'6b962f6f-6e63-4547-bf35-50e79dd06c0d',	'9a0a917d-d894-4f3c-9b1a-375c51d87987',	0,	20,	CONV('0', 2, 10) + 0,	NULL,	NULL),
('637a4de7-0d7f-4994-b727-885085080c90',	NULL,	'registration-user-creation',	'6b962f6f-6e63-4547-bf35-50e79dd06c0d',	'4b3f4cca-17d4-4e21-92a5-3b920573a932',	0,	20,	CONV('0', 2, 10) + 0,	NULL,	NULL),
('639f4ff2-6b80-41a2-abb2-957603eb4bc9',	NULL,	'conditional-user-configured',	'6b962f6f-6e63-4547-bf35-50e79dd06c0d',	'aeb95b15-c920-4523-86cd-b916ebbf7cdb',	0,	10,	CONV('0', 2, 10) + 0,	NULL,	NULL),
('668ea65f-4e57-4e2a-8837-733dac087348',	NULL,	'idp-confirm-link',	'841f5ece-1c66-4bb9-93e5-6a5f6101ad0b',	'29db869f-922b-49b7-b40e-827e2e83c17f',	0,	10,	CONV('0', 2, 10) + 0,	NULL,	NULL),
('67175532-d283-4010-8bf5-8aa5478d9ad5',	NULL,	'basic-auth',	'841f5ece-1c66-4bb9-93e5-6a5f6101ad0b',	'51108da5-84f9-4cc4-9c97-489e3f52e6db',	0,	10,	CONV('0', 2, 10) + 0,	NULL,	NULL),
('67905479-7b7d-4a99-a7a0-017de9e3f00c',	NULL,	NULL,	'6b962f6f-6e63-4547-bf35-50e79dd06c0d',	'0e3edb7b-1e2f-45d6-8191-693844cbcba8',	1,	20,	CONV('1', 2, 10) + 0,	'd0bbd314-eda6-4468-87d7-b42ca381b6b9',	NULL),
('6b71545b-b128-4c9a-af5e-5bfeb03a8872',	NULL,	'reset-password',	'6b962f6f-6e63-4547-bf35-50e79dd06c0d',	'42ae01e6-87a2-4c48-9af0-77fd2665b8c3',	0,	30,	CONV('0', 2, 10) + 0,	NULL,	NULL),
('6f8e5c88-8dfd-40cf-b9e3-84c3b45968d7',	NULL,	'conditional-user-configured',	'f0d9d1ed-4880-4b89-95f9-0deb74dc4ead',	'189e0db6-b3b9-432b-b1d5-fceed669ae2d',	0,	10,	CONV('0', 2, 10) + 0,	NULL,	NULL),
('7044f4fd-088c-41cf-8369-3ee60b4308db',	NULL,	'auth-otp-form',	'f0d9d1ed-4880-4b89-95f9-0deb74dc4ead',	'424117fc-8229-4ba9-a320-102c78cb7d8e',	0,	20,	CONV('0', 2, 10) + 0,	NULL,	NULL),
('70d1637e-5ff5-419f-bdba-38cc43b35f00',	NULL,	'registration-page-form',	'841f5ece-1c66-4bb9-93e5-6a5f6101ad0b',	'fa7c79c0-8ac1-43f3-864c-ce596e8e959e',	0,	10,	CONV('1', 2, 10) + 0,	'76808da3-75e4-48f2-96d5-3e0a71066cde',	NULL),
('713c8771-7694-4fab-a253-ddfcf35b66a7',	NULL,	'identity-provider-redirector',	'6b962f6f-6e63-4547-bf35-50e79dd06c0d',	'a605f2cc-5f90-421d-8f7c-ecc5df1a3040',	2,	25,	CONV('0', 2, 10) + 0,	NULL,	NULL),
('714c467d-f55f-4c49-9dd9-90edfb8214cb',	NULL,	'direct-grant-validate-password',	'f0d9d1ed-4880-4b89-95f9-0deb74dc4ead',	'ab0f665a-f7d9-4f29-b63f-463956054cf4',	0,	20,	CONV('0', 2, 10) + 0,	NULL,	NULL),
('71aac924-ee79-43ee-9bf7-afd4b58e1106',	NULL,	'no-cookie-redirect',	'6b962f6f-6e63-4547-bf35-50e79dd06c0d',	'e0989b03-3225-497d-98a9-85a4c8d08e27',	0,	10,	CONV('0', 2, 10) + 0,	NULL,	NULL),
('71ed3fd2-eac0-4f0a-bdda-72be90eda7ee',	NULL,	'mgo-registration-profile-action',	'841f5ece-1c66-4bb9-93e5-6a5f6101ad0b',	'4b6af08d-dc91-4316-96be-0bd05769bd71',	0,	40,	CONV('0', 2, 10) + 0,	NULL,	NULL),
('7229b9c1-9390-4e1e-950f-79c473e1d23f',	NULL,	NULL,	'841f5ece-1c66-4bb9-93e5-6a5f6101ad0b',	'e9b103e6-1aa9-407b-a017-fcf024cce8ce',	1,	20,	CONV('1', 2, 10) + 0,	'106a6a6d-01a3-4d86-82eb-179c5dc1286c',	NULL),
('7301254e-bf01-44bc-8418-9785744ddcf6',	NULL,	'conditional-user-configured',	'841f5ece-1c66-4bb9-93e5-6a5f6101ad0b',	'106a6a6d-01a3-4d86-82eb-179c5dc1286c',	0,	10,	CONV('0', 2, 10) + 0,	NULL,	NULL),
('738bebd1-a883-42ca-8253-bc943940014a',	NULL,	'client-x509',	'6b962f6f-6e63-4547-bf35-50e79dd06c0d',	'6989d529-bde1-42e2-a047-396690a2bb29',	2,	40,	CONV('0', 2, 10) + 0,	NULL,	NULL),
('760b1e37-2e07-457d-b520-735dda4c1abc',	NULL,	'idp-confirm-link',	'f0d9d1ed-4880-4b89-95f9-0deb74dc4ead',	'48a76d83-71ac-42b7-a237-184c7a5d5f42',	0,	10,	CONV('0', 2, 10) + 0,	NULL,	NULL),
('76222b0c-8b6b-4103-9569-465851d740a2',	NULL,	NULL,	'841f5ece-1c66-4bb9-93e5-6a5f6101ad0b',	'e6ad6bbc-cd78-4ded-a1df-d922706eb165',	0,	20,	CONV('1', 2, 10) + 0,	'51108da5-84f9-4cc4-9c97-489e3f52e6db',	NULL),
('76a5a05e-5fc1-4e11-b9ff-145493427026',	NULL,	'registration-password-action',	'6b962f6f-6e63-4547-bf35-50e79dd06c0d',	'1c47dcd8-4865-4d09-a2cf-87665f8f4110',	0,	62,	CONV('0', 2, 10) + 0,	NULL,	NULL),
('7a18cbd2-9cdf-43bf-8a9f-ee0831965f95',	NULL,	'auth-otp-form',	'6b962f6f-6e63-4547-bf35-50e79dd06c0d',	'9b948b4d-42c8-4016-b06a-5b9569e11114',	0,	20,	CONV('0', 2, 10) + 0,	NULL,	NULL),
('7a3f248e-2df6-451e-afed-19263bacc6b9',	NULL,	'registration-recaptcha-action',	'841f5ece-1c66-4bb9-93e5-6a5f6101ad0b',	'4b6af08d-dc91-4316-96be-0bd05769bd71',	3,	62,	CONV('0', 2, 10) + 0,	NULL,	NULL),
('7ace9981-6cb2-4d9d-9290-57f3a0d3c778',	NULL,	'auth-username-password-form',	'6b962f6f-6e63-4547-bf35-50e79dd06c0d',	'e52272f1-eaec-4c12-b7d1-820e22fcf3f4',	0,	10,	CONV('0', 2, 10) + 0,	NULL,	NULL),
('7d5c5d3c-87a2-43f7-945e-3e09f6e51ef8',	NULL,	'docker-http-basic-authenticator',	'f0d9d1ed-4880-4b89-95f9-0deb74dc4ead',	'd4b52bfd-d32b-4449-96a6-e4a1dca4e492',	0,	10,	CONV('0', 2, 10) + 0,	NULL,	NULL),
('7e4d5d9c-ebe1-4df7-b17e-83e967b29da0',	NULL,	'reset-credential-email',	'6b962f6f-6e63-4547-bf35-50e79dd06c0d',	'42ae01e6-87a2-4c48-9af0-77fd2665b8c3',	0,	20,	CONV('0', 2, 10) + 0,	NULL,	NULL),
('87382927-f742-409c-9bde-78f2e5657666',	NULL,	'mgo-authenticator',	'841f5ece-1c66-4bb9-93e5-6a5f6101ad0b',	'7e8f4bc2-4a92-4709-b63c-8c1b0b25fc5f',	0,	10,	CONV('0', 2, 10) + 0,	NULL,	NULL),
('8946b0f6-9312-48a5-a77f-77f993ed8ded',	NULL,	'auth-cookie',	'f0d9d1ed-4880-4b89-95f9-0deb74dc4ead',	'ee78ed06-f44c-411a-a128-07c64c664223',	2,	10,	CONV('0', 2, 10) + 0,	NULL,	NULL),
('89dba5f5-b8a9-4fff-9f9b-1f4b2a9c05ca',	NULL,	'conditional-user-configured',	'6b962f6f-6e63-4547-bf35-50e79dd06c0d',	'9b948b4d-42c8-4016-b06a-5b9569e11114',	0,	10,	CONV('0', 2, 10) + 0,	NULL,	NULL),
('8a3d8446-3cb9-42a5-92fc-f49413de402f',	NULL,	'registration-page-form',	'6b962f6f-6e63-4547-bf35-50e79dd06c0d',	'0af964bf-c8cd-4cf0-835c-4fbf5e838e0d',	0,	10,	CONV('1', 2, 10) + 0,	'4b3f4cca-17d4-4e21-92a5-3b920573a932',	NULL),
('8a745b54-98ac-4e37-9908-2212b38c31d6',	NULL,	'direct-grant-validate-username',	'f0d9d1ed-4880-4b89-95f9-0deb74dc4ead',	'ab0f665a-f7d9-4f29-b63f-463956054cf4',	0,	10,	CONV('0', 2, 10) + 0,	NULL,	NULL),
('8b5baaf1-1c63-4a55-a7bc-03a7f3c7a070',	NULL,	NULL,	'f0d9d1ed-4880-4b89-95f9-0deb74dc4ead',	'48a76d83-71ac-42b7-a237-184c7a5d5f42',	0,	20,	CONV('1', 2, 10) + 0,	'99f7914c-df82-40b7-814a-bddcb644ca3e',	NULL),
('8bde79e4-0f7a-46d6-9a3a-82f22644cc54',	NULL,	'auth-otp-form',	'841f5ece-1c66-4bb9-93e5-6a5f6101ad0b',	'ff18183c-e2ee-4cc3-b1b7-1b36b773d63b',	0,	20,	CONV('0', 2, 10) + 0,	NULL,	NULL),
('8cd0d64f-fc63-4ef5-9153-4ef0df6b50c8',	NULL,	'idp-username-password-form',	'f0d9d1ed-4880-4b89-95f9-0deb74dc4ead',	'53e0ad0c-bf1d-4c1a-a144-f5fb84215627',	0,	10,	CONV('0', 2, 10) + 0,	NULL,	NULL),
('8f26b186-bbe6-4151-9cb1-7e7eae1d1a53',	NULL,	'auth-spnego',	'6b962f6f-6e63-4547-bf35-50e79dd06c0d',	'e5221242-cb46-4a8a-8adb-382462e91bb3',	3,	30,	CONV('0', 2, 10) + 0,	NULL,	NULL),
('90400ed5-b77f-437a-ace0-4d14ec3fc822',	NULL,	'conditional-user-configured',	'841f5ece-1c66-4bb9-93e5-6a5f6101ad0b',	'ff18183c-e2ee-4cc3-b1b7-1b36b773d63b',	0,	10,	CONV('0', 2, 10) + 0,	NULL,	NULL),
('91251039-89d8-4885-868a-8dc850765e8c',	NULL,	'registration-password-action',	'6b962f6f-6e63-4547-bf35-50e79dd06c0d',	'4b3f4cca-17d4-4e21-92a5-3b920573a932',	0,	50,	CONV('0', 2, 10) + 0,	NULL,	NULL),
('9354334d-dbd5-4df1-b8e3-54b185174270',	NULL,	'auth-spnego',	'f0d9d1ed-4880-4b89-95f9-0deb74dc4ead',	'ee78ed06-f44c-411a-a128-07c64c664223',	3,	20,	CONV('0', 2, 10) + 0,	NULL,	NULL),
('93b6ac3b-3518-43a5-a41b-e2480d1f6556',	NULL,	'auth-otp-form',	'6b962f6f-6e63-4547-bf35-50e79dd06c0d',	'67dcc580-ec22-4992-89e3-eed392a161a0',	0,	20,	CONV('0', 2, 10) + 0,	NULL,	NULL),
('9640f368-7463-4602-a0b2-f3aaadd9f5b8',	NULL,	'client-secret',	'841f5ece-1c66-4bb9-93e5-6a5f6101ad0b',	'1f265486-6527-45e7-b381-fc576c3c395f',	2,	10,	CONV('0', 2, 10) + 0,	NULL,	NULL),
('974c5c70-e530-491e-b174-189846e7edee',	NULL,	'reset-password',	'841f5ece-1c66-4bb9-93e5-6a5f6101ad0b',	'3e971277-9cc1-430e-853f-976d8257f69a',	0,	30,	CONV('0', 2, 10) + 0,	NULL,	NULL),
('97cdd421-0865-4d9b-9dea-ede67b2fc4db',	NULL,	'http-basic-authenticator',	'f0d9d1ed-4880-4b89-95f9-0deb74dc4ead',	'67642c11-4e82-4cbb-bc7d-af6aa103ed4f',	0,	10,	CONV('0', 2, 10) + 0,	NULL,	NULL),
('97ed1ff5-baf7-4b76-892c-f788dfa56cb9',	NULL,	'auth-spnego',	'841f5ece-1c66-4bb9-93e5-6a5f6101ad0b',	'0b49c1ad-9214-4b3c-ba10-77bedbd3027d',	3,	20,	CONV('0', 2, 10) + 0,	NULL,	NULL),
('9986ca3c-5f21-42b0-bf85-c4d7ee87273e',	NULL,	'docker-http-basic-authenticator',	'6b962f6f-6e63-4547-bf35-50e79dd06c0d',	'4b7f2358-6d48-4d31-a550-2b4333ba6dee',	0,	10,	CONV('0', 2, 10) + 0,	NULL,	NULL),
('9aaa0d0b-8b64-4a95-a0ca-1832337fb078',	NULL,	NULL,	'841f5ece-1c66-4bb9-93e5-6a5f6101ad0b',	'4063185e-3cd6-40e9-8498-2b21db5250c0',	0,	20,	CONV('1', 2, 10) + 0,	'fb83a6da-d5ca-45e9-adcb-11417c456ce1',	NULL),
('9b18fc1a-4c0f-4fc6-8401-5d63371b685d',	NULL,	'client-x509',	'841f5ece-1c66-4bb9-93e5-6a5f6101ad0b',	'1f265486-6527-45e7-b381-fc576c3c395f',	2,	40,	CONV('0', 2, 10) + 0,	NULL,	NULL),
('9bf3f87d-3234-4479-a42d-f5818cd99df6',	NULL,	NULL,	'f0d9d1ed-4880-4b89-95f9-0deb74dc4ead',	'717aff09-3216-4c12-8f02-48ac3568d2d6',	0,	20,	CONV('1', 2, 10) + 0,	'afe6f714-b81a-4add-9039-04cbaea5f132',	NULL),
('9c5264f9-ce5f-4ed8-ac84-ebac44082a3a',	NULL,	'idp-email-verification',	'6b962f6f-6e63-4547-bf35-50e79dd06c0d',	'f4598334-5c72-4d83-b39f-d09678870c16',	2,	10,	CONV('0', 2, 10) + 0,	NULL,	NULL),
('9e189d76-a7aa-4761-9545-9a3a17a8af96',	NULL,	'http-basic-authenticator',	'6b962f6f-6e63-4547-bf35-50e79dd06c0d',	'c116870a-d8a9-4b8e-ba92-fa466dacdb7e',	0,	10,	CONV('0', 2, 10) + 0,	NULL,	NULL),
('9f599b26-294f-498f-acb8-13c4f4c3d9d6',	NULL,	'identity-provider-redirector',	'f0d9d1ed-4880-4b89-95f9-0deb74dc4ead',	'ee78ed06-f44c-411a-a128-07c64c664223',	2,	25,	CONV('0', 2, 10) + 0,	NULL,	NULL),
('a053d4ec-5b6c-449f-85c1-a8f4319309c9',	NULL,	'docker-http-basic-authenticator',	'841f5ece-1c66-4bb9-93e5-6a5f6101ad0b',	'384cb1a2-bfc2-45f7-aca5-7011eefb9542',	0,	10,	CONV('0', 2, 10) + 0,	NULL,	NULL),
('a16a5e2f-db39-4342-a4ab-85775b983df6',	NULL,	NULL,	'841f5ece-1c66-4bb9-93e5-6a5f6101ad0b',	'30297e09-0e3b-4e66-948b-0ed40a98c0e8',	1,	20,	CONV('1', 2, 10) + 0,	'ff18183c-e2ee-4cc3-b1b7-1b36b773d63b',	NULL),
('a4e163e8-e552-4981-80f8-745cf95bf749',	NULL,	'basic-auth-otp',	'841f5ece-1c66-4bb9-93e5-6a5f6101ad0b',	'51108da5-84f9-4cc4-9c97-489e3f52e6db',	3,	20,	CONV('0', 2, 10) + 0,	NULL,	NULL),
('a84bcb5e-bde7-407c-ac98-86d4314bf209',	NULL,	'auth-spnego',	'841f5ece-1c66-4bb9-93e5-6a5f6101ad0b',	'528bbccd-ce65-4740-a104-8a9c0673fb6d',	3,	20,	CONV('0', 2, 10) + 0,	NULL,	NULL),
('a8ac926c-5992-48d0-88c6-cef06176834a',	NULL,	'idp-email-verification',	'841f5ece-1c66-4bb9-93e5-6a5f6101ad0b',	'5c1cc350-cb00-4dd8-b50c-9833e0a75d88',	2,	10,	CONV('0', 2, 10) + 0,	NULL,	NULL),
('a8e326dc-e800-4a15-8337-f3eff532f449',	NULL,	NULL,	'6b962f6f-6e63-4547-bf35-50e79dd06c0d',	'ca085766-4297-4846-a4e4-fbfbc8aa94e1',	2,	20,	CONV('1', 2, 10) + 0,	'933dea2f-4beb-4b96-9106-40dd49209446',	NULL),
('aa16111b-611c-4d46-9ca7-b3cb76446dc1',	NULL,	NULL,	'f0d9d1ed-4880-4b89-95f9-0deb74dc4ead',	'53e0ad0c-bf1d-4c1a-a144-f5fb84215627',	1,	20,	CONV('1', 2, 10) + 0,	'424117fc-8229-4ba9-a320-102c78cb7d8e',	NULL),
('aa4a2652-e8c3-4163-944e-7e5c88e55e21',	NULL,	'client-jwt',	'f0d9d1ed-4880-4b89-95f9-0deb74dc4ead',	'26fc7a33-f74a-460e-87d5-dd3437f7131b',	2,	20,	CONV('0', 2, 10) + 0,	NULL,	NULL),
('ab950375-7ec6-4803-b7ef-00621bdc97ed',	NULL,	NULL,	'841f5ece-1c66-4bb9-93e5-6a5f6101ad0b',	'3a9e06b3-44a5-4800-b402-3f4e16de251c',	1,	30,	CONV('1', 2, 10) + 0,	'c0c7a1ee-05e8-4a68-ba8e-1aaa4a8ac411',	NULL),
('ac972a91-0ef4-4c5c-9a77-f4167b6e6694',	NULL,	'mgo-registration-user-creation',	'6b962f6f-6e63-4547-bf35-50e79dd06c0d',	'1c47dcd8-4865-4d09-a2cf-87665f8f4110',	0,	40,	CONV('0', 2, 10) + 0,	NULL,	NULL),
('b0c069f3-cdbe-48dc-a140-119f5d14cce3',	NULL,	'basic-auth-otp',	'6b962f6f-6e63-4547-bf35-50e79dd06c0d',	'e5221242-cb46-4a8a-8adb-382462e91bb3',	3,	20,	CONV('0', 2, 10) + 0,	NULL,	NULL),
('b132ad57-0abe-43c6-881b-4ade29719c81',	NULL,	'auth-otp-form',	'f0d9d1ed-4880-4b89-95f9-0deb74dc4ead',	'ab490be2-99c1-47d3-8f1a-96abdbfbf76a',	0,	20,	CONV('0', 2, 10) + 0,	NULL,	NULL),
('b360b94a-0403-4e4c-b250-36c559ae4a00',	NULL,	NULL,	'841f5ece-1c66-4bb9-93e5-6a5f6101ad0b',	'29db869f-922b-49b7-b40e-827e2e83c17f',	0,	20,	CONV('1', 2, 10) + 0,	'5c1cc350-cb00-4dd8-b50c-9833e0a75d88',	NULL),
('b5a2a3b3-dd3f-46d3-9c62-86652d0a4e30',	NULL,	'conditional-user-configured',	'841f5ece-1c66-4bb9-93e5-6a5f6101ad0b',	'51a60bb5-d14c-4413-83bf-f6309f1b74d2',	0,	10,	CONV('0', 2, 10) + 0,	NULL,	NULL),
('b81075c7-d7bf-4bf4-b830-9efe92e4ec98',	NULL,	'auth-cookie',	'6b962f6f-6e63-4547-bf35-50e79dd06c0d',	'ec4a1293-56c5-403f-a3ae-c68b3445c559',	2,	10,	CONV('0', 2, 10) + 0,	NULL,	NULL),
('b88d7335-e53d-42fc-99c5-438e0a7990e2',	NULL,	'conditional-user-configured',	'6b962f6f-6e63-4547-bf35-50e79dd06c0d',	'd0bbd314-eda6-4468-87d7-b42ca381b6b9',	0,	10,	CONV('0', 2, 10) + 0,	NULL,	NULL),
('b96e68b3-d010-4b22-a1d4-0c2ff2bb0bb4',	NULL,	'basic-auth-otp',	'f0d9d1ed-4880-4b89-95f9-0deb74dc4ead',	'8e273a6f-1afd-4359-9117-b000d132eb1c',	3,	20,	CONV('0', 2, 10) + 0,	NULL,	NULL),
('bb1ed251-5e1d-48c1-b783-f0c3d8c9c433',	NULL,	NULL,	'6b962f6f-6e63-4547-bf35-50e79dd06c0d',	'f4598334-5c72-4d83-b39f-d09678870c16',	2,	20,	CONV('1', 2, 10) + 0,	'0e3edb7b-1e2f-45d6-8191-693844cbcba8',	NULL),
('bd8359dd-9427-4141-870d-3d43cbd7a60c',	NULL,	'conditional-user-configured',	'6b962f6f-6e63-4547-bf35-50e79dd06c0d',	'9a0a917d-d894-4f3c-9b1a-375c51d87987',	0,	10,	CONV('0', 2, 10) + 0,	NULL,	NULL),
('bdc55ca9-55d2-4b1c-991e-798ceb25a609',	NULL,	'client-secret-jwt',	'f0d9d1ed-4880-4b89-95f9-0deb74dc4ead',	'26fc7a33-f74a-460e-87d5-dd3437f7131b',	2,	30,	CONV('0', 2, 10) + 0,	NULL,	NULL),
('bfa03a4b-e008-4885-ba7d-4b9070f7da8a',	NULL,	'basic-auth',	'6b962f6f-6e63-4547-bf35-50e79dd06c0d',	'e5221242-cb46-4a8a-8adb-382462e91bb3',	0,	10,	CONV('0', 2, 10) + 0,	NULL,	NULL),
('c1a69b18-53ef-4b18-b696-96adfac579c6',	NULL,	'mgo-registration-user-creation',	'841f5ece-1c66-4bb9-93e5-6a5f6101ad0b',	'4b6af08d-dc91-4316-96be-0bd05769bd71',	0,	20,	CONV('0', 2, 10) + 0,	NULL,	NULL),
('c2d93591-cb9a-495c-b6c3-93b727345b32',	NULL,	'client-secret',	'f0d9d1ed-4880-4b89-95f9-0deb74dc4ead',	'26fc7a33-f74a-460e-87d5-dd3437f7131b',	2,	10,	CONV('0', 2, 10) + 0,	NULL,	NULL),
('c391a25a-b3c4-4cfe-b5fa-ffc69c635e48',	NULL,	'client-secret-jwt',	'841f5ece-1c66-4bb9-93e5-6a5f6101ad0b',	'1f265486-6527-45e7-b381-fc576c3c395f',	2,	30,	CONV('0', 2, 10) + 0,	NULL,	NULL),
('c4a431ff-9450-435e-9e1a-eb34684fcff4',	NULL,	'conditional-user-configured',	'6b962f6f-6e63-4547-bf35-50e79dd06c0d',	'ae11db05-afb9-4615-a09d-e98875206ee9',	0,	10,	CONV('0', 2, 10) + 0,	NULL,	NULL),
('c5db4ee6-fe58-412f-b0bf-1bad3834e62c',	NULL,	'direct-grant-validate-username',	'841f5ece-1c66-4bb9-93e5-6a5f6101ad0b',	'3a9e06b3-44a5-4800-b402-3f4e16de251c',	0,	10,	CONV('0', 2, 10) + 0,	NULL,	NULL),
('ca6348af-e88e-4f95-8153-7d4f0e899520',	NULL,	'basic-auth',	'f0d9d1ed-4880-4b89-95f9-0deb74dc4ead',	'8e273a6f-1afd-4359-9117-b000d132eb1c',	0,	10,	CONV('0', 2, 10) + 0,	NULL,	NULL),
('cac5a69c-7a3e-4fa8-89e9-b2c109d74243',	NULL,	'client-secret',	'6b962f6f-6e63-4547-bf35-50e79dd06c0d',	'6989d529-bde1-42e2-a047-396690a2bb29',	2,	10,	CONV('0', 2, 10) + 0,	NULL,	NULL),
('cc22617d-1b0e-47b8-b9d3-64638bb956b2',	NULL,	'client-jwt',	'6b962f6f-6e63-4547-bf35-50e79dd06c0d',	'6989d529-bde1-42e2-a047-396690a2bb29',	2,	20,	CONV('0', 2, 10) + 0,	NULL,	NULL),
('cd2bb41d-79d8-4b33-ad30-360ad6496389',	NULL,	'idp-username-password-form',	'6b962f6f-6e63-4547-bf35-50e79dd06c0d',	'0e3edb7b-1e2f-45d6-8191-693844cbcba8',	0,	10,	CONV('0', 2, 10) + 0,	NULL,	NULL),
('cdbcff8e-af91-4618-89c8-b3e6d6a725f1',	NULL,	'direct-grant-validate-password',	'841f5ece-1c66-4bb9-93e5-6a5f6101ad0b',	'3a9e06b3-44a5-4800-b402-3f4e16de251c',	0,	20,	CONV('0', 2, 10) + 0,	NULL,	NULL),
('cf08badf-ebbf-4581-a0ae-f6383baed8e5',	NULL,	'registration-profile-action',	'841f5ece-1c66-4bb9-93e5-6a5f6101ad0b',	'76808da3-75e4-48f2-96d5-3e0a71066cde',	0,	40,	CONV('0', 2, 10) + 0,	NULL,	NULL),
('cfa533e6-b742-4890-a1ca-329a49398f33',	NULL,	NULL,	'f0d9d1ed-4880-4b89-95f9-0deb74dc4ead',	'99f7914c-df82-40b7-814a-bddcb644ca3e',	2,	20,	CONV('1', 2, 10) + 0,	'53e0ad0c-bf1d-4c1a-a144-f5fb84215627',	NULL),
('d0276de1-801b-448a-8b90-f874acb75570',	NULL,	'auth-cookie',	'6b962f6f-6e63-4547-bf35-50e79dd06c0d',	'10810f5f-0ffd-4601-8e23-e9b35fa368b1',	2,	10,	CONV('0', 2, 10) + 0,	NULL,	NULL),
('d095a02a-a0ae-44a3-87ba-9c9477ec77b3',	NULL,	'client-x509',	'f0d9d1ed-4880-4b89-95f9-0deb74dc4ead',	'26fc7a33-f74a-460e-87d5-dd3437f7131b',	2,	40,	CONV('0', 2, 10) + 0,	NULL,	NULL),
('d379d813-e937-4fe5-9ebe-de439a0d6e45',	NULL,	'registration-recaptcha-action',	'6b962f6f-6e63-4547-bf35-50e79dd06c0d',	'1c47dcd8-4865-4d09-a2cf-87665f8f4110',	3,	63,	CONV('0', 2, 10) + 0,	NULL,	NULL),
('d52e8b40-5810-471e-82aa-842b3e2d9a2e',	NULL,	'auth-spnego',	'f0d9d1ed-4880-4b89-95f9-0deb74dc4ead',	'8e273a6f-1afd-4359-9117-b000d132eb1c',	3,	30,	CONV('0', 2, 10) + 0,	NULL,	NULL),
('d5432a00-ccc0-4d2f-a752-426748ef13cb',	NULL,	'registration-password-action',	'f0d9d1ed-4880-4b89-95f9-0deb74dc4ead',	'43cea6b8-81fb-4e16-ad5f-3680de916529',	0,	50,	CONV('0', 2, 10) + 0,	NULL,	NULL),
('d5d6d949-660e-4e7e-b69b-92f7856023b3',	NULL,	NULL,	'f0d9d1ed-4880-4b89-95f9-0deb74dc4ead',	'ef486a55-98bb-4261-a57e-7f5cd6f5b561',	1,	20,	CONV('1', 2, 10) + 0,	'ab490be2-99c1-47d3-8f1a-96abdbfbf76a',	NULL),
('d61d2de8-e101-4139-b026-6f95e6884cc1',	NULL,	'auth-spnego',	'6b962f6f-6e63-4547-bf35-50e79dd06c0d',	'a605f2cc-5f90-421d-8f7c-ecc5df1a3040',	2,	20,	CONV('0', 2, 10) + 0,	NULL,	NULL),
('d9923b34-5945-428b-a829-01c097f0a94f',	NULL,	'registration-page-form',	'6b962f6f-6e63-4547-bf35-50e79dd06c0d',	'fab0f7ef-f846-4224-9734-2326318b8eba',	0,	10,	CONV('1', 2, 10) + 0,	'1c47dcd8-4865-4d09-a2cf-87665f8f4110',	NULL),
('dd6aebd4-1fde-4eea-9d01-3780f5bb7783',	NULL,	'reset-credential-email',	'f0d9d1ed-4880-4b89-95f9-0deb74dc4ead',	'2cba63f6-adb0-4afa-8284-3899f3e0b414',	0,	20,	CONV('0', 2, 10) + 0,	NULL,	NULL),
('dec4e962-6752-40af-a81d-cc56e539f53c',	NULL,	'reset-otp',	'6b962f6f-6e63-4547-bf35-50e79dd06c0d',	'ae11db05-afb9-4615-a09d-e98875206ee9',	0,	20,	CONV('0', 2, 10) + 0,	NULL,	NULL),
('e00420ee-a06e-40b5-8f6a-bb8e5d4df59a',	NULL,	'auth-otp-form',	'841f5ece-1c66-4bb9-93e5-6a5f6101ad0b',	'106a6a6d-01a3-4d86-82eb-179c5dc1286c',	0,	20,	CONV('0', 2, 10) + 0,	NULL,	NULL),
('e0c7879e-5aeb-449e-987f-9b4264001f18',	NULL,	'registration-password-action',	'841f5ece-1c66-4bb9-93e5-6a5f6101ad0b',	'76808da3-75e4-48f2-96d5-3e0a71066cde',	0,	50,	CONV('0', 2, 10) + 0,	NULL,	NULL),
('e3412381-a3b8-40a3-9a1e-40e61811d0df',	NULL,	NULL,	'f0d9d1ed-4880-4b89-95f9-0deb74dc4ead',	'2cba63f6-adb0-4afa-8284-3899f3e0b414',	1,	40,	CONV('1', 2, 10) + 0,	'189e0db6-b3b9-432b-b1d5-fceed669ae2d',	NULL),
('e47efbcd-2669-4879-b293-6647341590bf',	NULL,	'identity-provider-redirector',	'841f5ece-1c66-4bb9-93e5-6a5f6101ad0b',	'528bbccd-ce65-4740-a104-8a9c0673fb6d',	2,	25,	CONV('0', 2, 10) + 0,	NULL,	NULL),
('e9e224a0-cf16-49af-9d7b-73a1dfefdff7',	NULL,	NULL,	'6b962f6f-6e63-4547-bf35-50e79dd06c0d',	'42ae01e6-87a2-4c48-9af0-77fd2665b8c3',	1,	40,	CONV('1', 2, 10) + 0,	'ae11db05-afb9-4615-a09d-e98875206ee9',	NULL),
('ea1a63f5-d4e9-4672-90b0-466aa3b637e1',	NULL,	'registration-user-creation',	'841f5ece-1c66-4bb9-93e5-6a5f6101ad0b',	'76808da3-75e4-48f2-96d5-3e0a71066cde',	0,	20,	CONV('0', 2, 10) + 0,	NULL,	NULL),
('ed144f46-a5b1-4bb2-ac0f-26094caa3ff3',	NULL,	'auth-spnego',	'6b962f6f-6e63-4547-bf35-50e79dd06c0d',	'ec4a1293-56c5-403f-a3ae-c68b3445c559',	3,	20,	CONV('0', 2, 10) + 0,	NULL,	NULL),
('eea8d305-c43e-4316-b828-7e440fbdcdd6',	NULL,	'registration-page-form',	'841f5ece-1c66-4bb9-93e5-6a5f6101ad0b',	'128c8408-f0b5-43d5-a3ef-ceb96bccedc6',	0,	10,	CONV('1', 2, 10) + 0,	'4b6af08d-dc91-4316-96be-0bd05769bd71',	NULL),
('ef45fc1f-4cb6-48a1-a1d5-057ddde83636',	NULL,	NULL,	'841f5ece-1c66-4bb9-93e5-6a5f6101ad0b',	'528bbccd-ce65-4740-a104-8a9c0673fb6d',	2,	30,	CONV('1', 2, 10) + 0,	'7e8f4bc2-4a92-4709-b63c-8c1b0b25fc5f',	NULL),
('f050ede0-748a-4f0d-9467-8d8b74bfa92e',	NULL,	NULL,	'6b962f6f-6e63-4547-bf35-50e79dd06c0d',	'ec4a1293-56c5-403f-a3ae-c68b3445c559',	2,	30,	CONV('1', 2, 10) + 0,	'e52272f1-eaec-4c12-b7d1-820e22fcf3f4',	NULL),
('f59359d9-92c3-468c-934d-0de45827c706',	NULL,	'no-cookie-redirect',	'841f5ece-1c66-4bb9-93e5-6a5f6101ad0b',	'e6ad6bbc-cd78-4ded-a1df-d922706eb165',	0,	10,	CONV('0', 2, 10) + 0,	NULL,	NULL),
('f6ab6d2e-c50b-4755-8069-b99aebbc434d',	NULL,	'mgo-authenticator',	'6b962f6f-6e63-4547-bf35-50e79dd06c0d',	'a605f2cc-5f90-421d-8f7c-ecc5df1a3040',	0,	31,	CONV('0', 2, 10) + 0,	NULL,	NULL),
('f8dadd80-9262-4555-9a60-66351f4b550c',	NULL,	'client-jwt',	'841f5ece-1c66-4bb9-93e5-6a5f6101ad0b',	'1f265486-6527-45e7-b381-fc576c3c395f',	2,	20,	CONV('0', 2, 10) + 0,	NULL,	NULL),
('f952a95e-cecd-4a29-ac89-a122aa01398a',	NULL,	NULL,	'841f5ece-1c66-4bb9-93e5-6a5f6101ad0b',	'3e971277-9cc1-430e-853f-976d8257f69a',	1,	40,	CONV('1', 2, 10) + 0,	'51a60bb5-d14c-4413-83bf-f6309f1b74d2',	NULL),
('fcc65b14-6696-4d96-84e4-e11c0df7a58b',	NULL,	'reset-credentials-choose-user',	'841f5ece-1c66-4bb9-93e5-6a5f6101ad0b',	'3e971277-9cc1-430e-853f-976d8257f69a',	0,	10,	CONV('0', 2, 10) + 0,	NULL,	NULL),
('fe2fb141-7144-4e22-9af0-1c8ae63907ca',	NULL,	'idp-username-password-form',	'841f5ece-1c66-4bb9-93e5-6a5f6101ad0b',	'30297e09-0e3b-4e66-948b-0ed40a98c0e8',	0,	10,	CONV('0', 2, 10) + 0,	NULL,	NULL),
('feb02d47-a49c-4296-9efe-7eea8e51c09e',	NULL,	'auth-username-password-form',	'841f5ece-1c66-4bb9-93e5-6a5f6101ad0b',	'e9b103e6-1aa9-407b-a017-fcf024cce8ce',	0,	10,	CONV('0', 2, 10) + 0,	NULL,	NULL),
('ff075183-9792-40c4-98da-c369871224ba',	NULL,	NULL,	'f0d9d1ed-4880-4b89-95f9-0deb74dc4ead',	'ab0f665a-f7d9-4f29-b63f-463956054cf4',	1,	30,	CONV('1', 2, 10) + 0,	'4030ec28-c6fe-4a92-8bcf-6ff510672a58',	NULL),
('ff933d84-39f2-4b5f-a435-13bbe7dd4293',	NULL,	NULL,	'6b962f6f-6e63-4547-bf35-50e79dd06c0d',	'e0989b03-3225-497d-98a9-85a4c8d08e27',	0,	20,	CONV('1', 2, 10) + 0,	'e5221242-cb46-4a8a-8adb-382462e91bb3',	NULL);

DROP TABLE IF EXISTS `AUTHENTICATION_FLOW`;
CREATE TABLE `AUTHENTICATION_FLOW` (
  `ID` varchar(36) NOT NULL,
  `ALIAS` varchar(255) DEFAULT NULL,
  `DESCRIPTION` varchar(255) CHARACTER SET utf8 COLLATE utf8_general_ci DEFAULT NULL,
  `REALM_ID` varchar(36) DEFAULT NULL,
  `PROVIDER_ID` varchar(36) NOT NULL DEFAULT 'basic-flow',
  `TOP_LEVEL` bit(1) NOT NULL DEFAULT b'0',
  `BUILT_IN` bit(1) NOT NULL DEFAULT b'0',
  PRIMARY KEY (`ID`),
  KEY `IDX_AUTH_FLOW_REALM` (`REALM_ID`),
  CONSTRAINT `FK_AUTH_FLOW_REALM` FOREIGN KEY (`REALM_ID`) REFERENCES `REALM` (`ID`)
) ENGINE=InnoDB DEFAULT CHARSET=utf8mb4 COLLATE=utf8mb4_0900_ai_ci;

INSERT INTO `AUTHENTICATION_FLOW` (`ID`, `ALIAS`, `DESCRIPTION`, `REALM_ID`, `PROVIDER_ID`, `TOP_LEVEL`, `BUILT_IN`) VALUES
('0af964bf-c8cd-4cf0-835c-4fbf5e838e0d',	'registration',	'registration flow',	'6b962f6f-6e63-4547-bf35-50e79dd06c0d',	'basic-flow',	CONV('1', 2, 10) + 0,	CONV('1', 2, 10) + 0),
('0b49c1ad-9214-4b3c-ba10-77bedbd3027d',	'browser',	'browser based authentication',	'841f5ece-1c66-4bb9-93e5-6a5f6101ad0b',	'basic-flow',	CONV('1', 2, 10) + 0,	CONV('1', 2, 10) + 0),
('0e3edb7b-1e2f-45d6-8191-693844cbcba8',	'Verify Existing Account by Re-authentication',	'Reauthentication of existing account',	'6b962f6f-6e63-4547-bf35-50e79dd06c0d',	'basic-flow',	CONV('0', 2, 10) + 0,	CONV('1', 2, 10) + 0),
('106a6a6d-01a3-4d86-82eb-179c5dc1286c',	'Browser - Conditional OTP',	'Flow to determine if the OTP is required for the authentication',	'841f5ece-1c66-4bb9-93e5-6a5f6101ad0b',	'basic-flow',	CONV('0', 2, 10) + 0,	CONV('1', 2, 10) + 0),
('10810f5f-0ffd-4601-8e23-e9b35fa368b1',	'Copy of browser',	'browser based authentication',	'6b962f6f-6e63-4547-bf35-50e79dd06c0d',	'basic-flow',	CONV('1', 2, 10) + 0,	CONV('0', 2, 10) + 0),
('12042630-66bd-47ed-9dd7-735f710a7931',	'MGO browser Browser - Conditional OTP',	'Flow to determine if the OTP is required for the authentication',	'841f5ece-1c66-4bb9-93e5-6a5f6101ad0b',	'basic-flow',	CONV('0', 2, 10) + 0,	CONV('0', 2, 10) + 0),
('128c8408-f0b5-43d5-a3ef-ceb96bccedc6',	'MGO registration',	'registration flow',	'841f5ece-1c66-4bb9-93e5-6a5f6101ad0b',	'basic-flow',	CONV('1', 2, 10) + 0,	CONV('0', 2, 10) + 0),
('189e0db6-b3b9-432b-b1d5-fceed669ae2d',	'Reset - Conditional OTP',	'Flow to determine if the OTP should be reset or not. Set to REQUIRED to force.',	'f0d9d1ed-4880-4b89-95f9-0deb74dc4ead',	'basic-flow',	CONV('0', 2, 10) + 0,	CONV('1', 2, 10) + 0),
('1b7d1ed1-bc98-4559-9008-5c62c771b9df',	'direct grant',	'OpenID Connect Resource Owner Grant',	'6b962f6f-6e63-4547-bf35-50e79dd06c0d',	'basic-flow',	CONV('1', 2, 10) + 0,	CONV('1', 2, 10) + 0),
('1c47dcd8-4865-4d09-a2cf-87665f8f4110',	'MGO registration registration form',	'registration form',	'6b962f6f-6e63-4547-bf35-50e79dd06c0d',	'form-flow',	CONV('0', 2, 10) + 0,	CONV('0', 2, 10) + 0),
('1f265486-6527-45e7-b381-fc576c3c395f',	'clients',	'Base authentication for clients',	'841f5ece-1c66-4bb9-93e5-6a5f6101ad0b',	'client-flow',	CONV('1', 2, 10) + 0,	CONV('1', 2, 10) + 0),
('26fc7a33-f74a-460e-87d5-dd3437f7131b',	'clients',	'Base authentication for clients',	'f0d9d1ed-4880-4b89-95f9-0deb74dc4ead',	'client-flow',	CONV('1', 2, 10) + 0,	CONV('1', 2, 10) + 0),
('299f4ed2-1384-44cf-8b44-b364fd95d56c',	'saml ecp',	'SAML ECP Profile Authentication Flow',	'841f5ece-1c66-4bb9-93e5-6a5f6101ad0b',	'basic-flow',	CONV('1', 2, 10) + 0,	CONV('1', 2, 10) + 0),
('29db869f-922b-49b7-b40e-827e2e83c17f',	'Handle Existing Account',	'Handle what to do if there is existing account with same email/username like authenticated identity provider',	'841f5ece-1c66-4bb9-93e5-6a5f6101ad0b',	'basic-flow',	CONV('0', 2, 10) + 0,	CONV('1', 2, 10) + 0),
('2cba63f6-adb0-4afa-8284-3899f3e0b414',	'reset credentials',	'Reset credentials for a user if they forgot their password or something',	'f0d9d1ed-4880-4b89-95f9-0deb74dc4ead',	'basic-flow',	CONV('1', 2, 10) + 0,	CONV('1', 2, 10) + 0),
('30297e09-0e3b-4e66-948b-0ed40a98c0e8',	'Verify Existing Account by Re-authentication',	'Reauthentication of existing account',	'841f5ece-1c66-4bb9-93e5-6a5f6101ad0b',	'basic-flow',	CONV('0', 2, 10) + 0,	CONV('1', 2, 10) + 0),
('384cb1a2-bfc2-45f7-aca5-7011eefb9542',	'docker auth',	'Used by Docker clients to authenticate against the IDP',	'841f5ece-1c66-4bb9-93e5-6a5f6101ad0b',	'basic-flow',	CONV('1', 2, 10) + 0,	CONV('1', 2, 10) + 0),
('3a9e06b3-44a5-4800-b402-3f4e16de251c',	'direct grant',	'OpenID Connect Resource Owner Grant',	'841f5ece-1c66-4bb9-93e5-6a5f6101ad0b',	'basic-flow',	CONV('1', 2, 10) + 0,	CONV('1', 2, 10) + 0),
('3e971277-9cc1-430e-853f-976d8257f69a',	'reset credentials',	'Reset credentials for a user if they forgot their password or something',	'841f5ece-1c66-4bb9-93e5-6a5f6101ad0b',	'basic-flow',	CONV('1', 2, 10) + 0,	CONV('1', 2, 10) + 0),
('4030ec28-c6fe-4a92-8bcf-6ff510672a58',	'Direct Grant - Conditional OTP',	'Flow to determine if the OTP is required for the authentication',	'f0d9d1ed-4880-4b89-95f9-0deb74dc4ead',	'basic-flow',	CONV('0', 2, 10) + 0,	CONV('1', 2, 10) + 0),
('4063185e-3cd6-40e9-8498-2b21db5250c0',	'first broker login',	'Actions taken after first broker login with identity provider account, which is not yet linked to any Keycloak account',	'841f5ece-1c66-4bb9-93e5-6a5f6101ad0b',	'basic-flow',	CONV('1', 2, 10) + 0,	CONV('1', 2, 10) + 0),
('424117fc-8229-4ba9-a320-102c78cb7d8e',	'First broker login - Conditional OTP',	'Flow to determine if the OTP is required for the authentication',	'f0d9d1ed-4880-4b89-95f9-0deb74dc4ead',	'basic-flow',	CONV('0', 2, 10) + 0,	CONV('1', 2, 10) + 0),
('42ae01e6-87a2-4c48-9af0-77fd2665b8c3',	'reset credentials',	'Reset credentials for a user if they forgot their password or something',	'6b962f6f-6e63-4547-bf35-50e79dd06c0d',	'basic-flow',	CONV('1', 2, 10) + 0,	CONV('1', 2, 10) + 0),
('43cea6b8-81fb-4e16-ad5f-3680de916529',	'registration form',	'registration form',	'f0d9d1ed-4880-4b89-95f9-0deb74dc4ead',	'form-flow',	CONV('0', 2, 10) + 0,	CONV('1', 2, 10) + 0),
('48a76d83-71ac-42b7-a237-184c7a5d5f42',	'Handle Existing Account',	'Handle what to do if there is existing account with same email/username like authenticated identity provider',	'f0d9d1ed-4880-4b89-95f9-0deb74dc4ead',	'basic-flow',	CONV('0', 2, 10) + 0,	CONV('1', 2, 10) + 0),
('4b3f4cca-17d4-4e21-92a5-3b920573a932',	'registration form',	'registration form',	'6b962f6f-6e63-4547-bf35-50e79dd06c0d',	'form-flow',	CONV('0', 2, 10) + 0,	CONV('1', 2, 10) + 0),
('4b6af08d-dc91-4316-96be-0bd05769bd71',	'MGO registration registration form',	'registration form',	'841f5ece-1c66-4bb9-93e5-6a5f6101ad0b',	'form-flow',	CONV('0', 2, 10) + 0,	CONV('0', 2, 10) + 0),
('4b7f2358-6d48-4d31-a550-2b4333ba6dee',	'docker auth',	'Used by Docker clients to authenticate against the IDP',	'6b962f6f-6e63-4547-bf35-50e79dd06c0d',	'basic-flow',	CONV('1', 2, 10) + 0,	CONV('1', 2, 10) + 0),
('51108da5-84f9-4cc4-9c97-489e3f52e6db',	'Authentication Options',	'Authentication options.',	'841f5ece-1c66-4bb9-93e5-6a5f6101ad0b',	'basic-flow',	CONV('0', 2, 10) + 0,	CONV('1', 2, 10) + 0),
('51a60bb5-d14c-4413-83bf-f6309f1b74d2',	'Reset - Conditional OTP',	'Flow to determine if the OTP should be reset or not. Set to REQUIRED to force.',	'841f5ece-1c66-4bb9-93e5-6a5f6101ad0b',	'basic-flow',	CONV('0', 2, 10) + 0,	CONV('1', 2, 10) + 0),
('528bbccd-ce65-4740-a104-8a9c0673fb6d',	'MGO browser',	'browser based authentication',	'841f5ece-1c66-4bb9-93e5-6a5f6101ad0b',	'basic-flow',	CONV('1', 2, 10) + 0,	CONV('0', 2, 10) + 0),
('53e0ad0c-bf1d-4c1a-a144-f5fb84215627',	'Verify Existing Account by Re-authentication',	'Reauthentication of existing account',	'f0d9d1ed-4880-4b89-95f9-0deb74dc4ead',	'basic-flow',	CONV('0', 2, 10) + 0,	CONV('1', 2, 10) + 0),
('5586ef82-c7a3-4a2e-86ec-02a4ffc9080e',	'http challenge',	'An authentication flow based on challenge-response HTTP Authentication Schemes',	'f0d9d1ed-4880-4b89-95f9-0deb74dc4ead',	'basic-flow',	CONV('1', 2, 10) + 0,	CONV('1', 2, 10) + 0),
('5b7af9e2-acd9-4f42-8844-1163d9d8af86',	'first broker login',	'Actions taken after first broker login with identity provider account, which is not yet linked to any Keycloak account',	'6b962f6f-6e63-4547-bf35-50e79dd06c0d',	'basic-flow',	CONV('1', 2, 10) + 0,	CONV('1', 2, 10) + 0),
('5c1cc350-cb00-4dd8-b50c-9833e0a75d88',	'Account verification options',	'Method with which to verity the existing account',	'841f5ece-1c66-4bb9-93e5-6a5f6101ad0b',	'basic-flow',	CONV('0', 2, 10) + 0,	CONV('1', 2, 10) + 0),
('6581c984-0f96-4a99-ba98-5f38afbeaa85',	'registration',	'registration flow',	'f0d9d1ed-4880-4b89-95f9-0deb74dc4ead',	'basic-flow',	CONV('1', 2, 10) + 0,	CONV('1', 2, 10) + 0),
('67642c11-4e82-4cbb-bc7d-af6aa103ed4f',	'saml ecp',	'SAML ECP Profile Authentication Flow',	'f0d9d1ed-4880-4b89-95f9-0deb74dc4ead',	'basic-flow',	CONV('1', 2, 10) + 0,	CONV('1', 2, 10) + 0),
('67dcc580-ec22-4992-89e3-eed392a161a0',	'Copy of browser Browser - Conditional OTP',	'Flow to determine if the OTP is required for the authentication',	'6b962f6f-6e63-4547-bf35-50e79dd06c0d',	'basic-flow',	CONV('0', 2, 10) + 0,	CONV('0', 2, 10) + 0),
('6989d529-bde1-42e2-a047-396690a2bb29',	'clients',	'Base authentication for clients',	'6b962f6f-6e63-4547-bf35-50e79dd06c0d',	'client-flow',	CONV('1', 2, 10) + 0,	CONV('1', 2, 10) + 0),
('717aff09-3216-4c12-8f02-48ac3568d2d6',	'first broker login',	'Actions taken after first broker login with identity provider account, which is not yet linked to any Keycloak account',	'f0d9d1ed-4880-4b89-95f9-0deb74dc4ead',	'basic-flow',	CONV('1', 2, 10) + 0,	CONV('1', 2, 10) + 0),
('76808da3-75e4-48f2-96d5-3e0a71066cde',	'registration form',	'registration form',	'841f5ece-1c66-4bb9-93e5-6a5f6101ad0b',	'form-flow',	CONV('0', 2, 10) + 0,	CONV('1', 2, 10) + 0),
('7e8f4bc2-4a92-4709-b63c-8c1b0b25fc5f',	'MGO browser forms',	'Username, password, otp and other auth forms.',	'841f5ece-1c66-4bb9-93e5-6a5f6101ad0b',	'basic-flow',	CONV('0', 2, 10) + 0,	CONV('0', 2, 10) + 0),
('8e273a6f-1afd-4359-9117-b000d132eb1c',	'Authentication Options',	'Authentication options.',	'f0d9d1ed-4880-4b89-95f9-0deb74dc4ead',	'basic-flow',	CONV('0', 2, 10) + 0,	CONV('1', 2, 10) + 0),
('933dea2f-4beb-4b96-9106-40dd49209446',	'Handle Existing Account',	'Handle what to do if there is existing account with same email/username like authenticated identity provider',	'6b962f6f-6e63-4547-bf35-50e79dd06c0d',	'basic-flow',	CONV('0', 2, 10) + 0,	CONV('1', 2, 10) + 0),
('99f7914c-df82-40b7-814a-bddcb644ca3e',	'Account verification options',	'Method with which to verity the existing account',	'f0d9d1ed-4880-4b89-95f9-0deb74dc4ead',	'basic-flow',	CONV('0', 2, 10) + 0,	CONV('1', 2, 10) + 0),
('9a0a917d-d894-4f3c-9b1a-375c51d87987',	'Direct Grant - Conditional OTP',	'Flow to determine if the OTP is required for the authentication',	'6b962f6f-6e63-4547-bf35-50e79dd06c0d',	'basic-flow',	CONV('0', 2, 10) + 0,	CONV('1', 2, 10) + 0),
('9b948b4d-42c8-4016-b06a-5b9569e11114',	'Mgo Application Auth Browser - Conditional OTP',	'Flow to determine if the OTP is required for the authentication',	'6b962f6f-6e63-4547-bf35-50e79dd06c0d',	'basic-flow',	CONV('0', 2, 10) + 0,	CONV('0', 2, 10) + 0),
('a605f2cc-5f90-421d-8f7c-ecc5df1a3040',	'Mgo Application Auth',	'browser based authentication',	'6b962f6f-6e63-4547-bf35-50e79dd06c0d',	'basic-flow',	CONV('1', 2, 10) + 0,	CONV('0', 2, 10) + 0),
('ab0f665a-f7d9-4f29-b63f-463956054cf4',	'direct grant',	'OpenID Connect Resource Owner Grant',	'f0d9d1ed-4880-4b89-95f9-0deb74dc4ead',	'basic-flow',	CONV('1', 2, 10) + 0,	CONV('1', 2, 10) + 0),
('ab490be2-99c1-47d3-8f1a-96abdbfbf76a',	'Browser - Conditional OTP',	'Flow to determine if the OTP is required for the authentication',	'f0d9d1ed-4880-4b89-95f9-0deb74dc4ead',	'basic-flow',	CONV('0', 2, 10) + 0,	CONV('1', 2, 10) + 0),
('ae11db05-afb9-4615-a09d-e98875206ee9',	'Reset - Conditional OTP',	'Flow to determine if the OTP should be reset or not. Set to REQUIRED to force.',	'6b962f6f-6e63-4547-bf35-50e79dd06c0d',	'basic-flow',	CONV('0', 2, 10) + 0,	CONV('1', 2, 10) + 0),
('aeb95b15-c920-4523-86cd-b916ebbf7cdb',	'Browser - Conditional OTP',	'Flow to determine if the OTP is required for the authentication',	'6b962f6f-6e63-4547-bf35-50e79dd06c0d',	'basic-flow',	CONV('0', 2, 10) + 0,	CONV('1', 2, 10) + 0),
('afe6f714-b81a-4add-9039-04cbaea5f132',	'User creation or linking',	'Flow for the existing/non-existing user alternatives',	'f0d9d1ed-4880-4b89-95f9-0deb74dc4ead',	'basic-flow',	CONV('0', 2, 10) + 0,	CONV('1', 2, 10) + 0),
('c0c7a1ee-05e8-4a68-ba8e-1aaa4a8ac411',	'Direct Grant - Conditional OTP',	'Flow to determine if the OTP is required for the authentication',	'841f5ece-1c66-4bb9-93e5-6a5f6101ad0b',	'basic-flow',	CONV('0', 2, 10) + 0,	CONV('1', 2, 10) + 0),
('c116870a-d8a9-4b8e-ba92-fa466dacdb7e',	'saml ecp',	'SAML ECP Profile Authentication Flow',	'6b962f6f-6e63-4547-bf35-50e79dd06c0d',	'basic-flow',	CONV('1', 2, 10) + 0,	CONV('1', 2, 10) + 0),
('ca085766-4297-4846-a4e4-fbfbc8aa94e1',	'User creation or linking',	'Flow for the existing/non-existing user alternatives',	'6b962f6f-6e63-4547-bf35-50e79dd06c0d',	'basic-flow',	CONV('0', 2, 10) + 0,	CONV('1', 2, 10) + 0),
('d0bbd314-eda6-4468-87d7-b42ca381b6b9',	'First broker login - Conditional OTP',	'Flow to determine if the OTP is required for the authentication',	'6b962f6f-6e63-4547-bf35-50e79dd06c0d',	'basic-flow',	CONV('0', 2, 10) + 0,	CONV('1', 2, 10) + 0),
('d4b52bfd-d32b-4449-96a6-e4a1dca4e492',	'docker auth',	'Used by Docker clients to authenticate against the IDP',	'f0d9d1ed-4880-4b89-95f9-0deb74dc4ead',	'basic-flow',	CONV('1', 2, 10) + 0,	CONV('1', 2, 10) + 0),
('e0989b03-3225-497d-98a9-85a4c8d08e27',	'http challenge',	'An authentication flow based on challenge-response HTTP Authentication Schemes',	'6b962f6f-6e63-4547-bf35-50e79dd06c0d',	'basic-flow',	CONV('1', 2, 10) + 0,	CONV('1', 2, 10) + 0),
('e5221242-cb46-4a8a-8adb-382462e91bb3',	'Authentication Options',	'Authentication options.',	'6b962f6f-6e63-4547-bf35-50e79dd06c0d',	'basic-flow',	CONV('0', 2, 10) + 0,	CONV('1', 2, 10) + 0),
('e52272f1-eaec-4c12-b7d1-820e22fcf3f4',	'forms',	'Username, password, otp and other auth forms.',	'6b962f6f-6e63-4547-bf35-50e79dd06c0d',	'basic-flow',	CONV('0', 2, 10) + 0,	CONV('1', 2, 10) + 0),
('e6ad6bbc-cd78-4ded-a1df-d922706eb165',	'http challenge',	'An authentication flow based on challenge-response HTTP Authentication Schemes',	'841f5ece-1c66-4bb9-93e5-6a5f6101ad0b',	'basic-flow',	CONV('1', 2, 10) + 0,	CONV('1', 2, 10) + 0),
('e9b103e6-1aa9-407b-a017-fcf024cce8ce',	'forms',	'Username, password, otp and other auth forms.',	'841f5ece-1c66-4bb9-93e5-6a5f6101ad0b',	'basic-flow',	CONV('0', 2, 10) + 0,	CONV('1', 2, 10) + 0),
('ec4a1293-56c5-403f-a3ae-c68b3445c559',	'browser',	'browser based authentication',	'6b962f6f-6e63-4547-bf35-50e79dd06c0d',	'basic-flow',	CONV('1', 2, 10) + 0,	CONV('1', 2, 10) + 0),
('ee78ed06-f44c-411a-a128-07c64c664223',	'browser',	'browser based authentication',	'f0d9d1ed-4880-4b89-95f9-0deb74dc4ead',	'basic-flow',	CONV('1', 2, 10) + 0,	CONV('1', 2, 10) + 0),
('ef486a55-98bb-4261-a57e-7f5cd6f5b561',	'forms',	'Username, password, otp and other auth forms.',	'f0d9d1ed-4880-4b89-95f9-0deb74dc4ead',	'basic-flow',	CONV('0', 2, 10) + 0,	CONV('1', 2, 10) + 0),
('f4598334-5c72-4d83-b39f-d09678870c16',	'Account verification options',	'Method with which to verity the existing account',	'6b962f6f-6e63-4547-bf35-50e79dd06c0d',	'basic-flow',	CONV('0', 2, 10) + 0,	CONV('1', 2, 10) + 0),
('fa7c79c0-8ac1-43f3-864c-ce596e8e959e',	'registration',	'registration flow',	'841f5ece-1c66-4bb9-93e5-6a5f6101ad0b',	'basic-flow',	CONV('1', 2, 10) + 0,	CONV('1', 2, 10) + 0),
('fab0f7ef-f846-4224-9734-2326318b8eba',	'MGO registration',	'registration flow',	'6b962f6f-6e63-4547-bf35-50e79dd06c0d',	'basic-flow',	CONV('1', 2, 10) + 0,	CONV('0', 2, 10) + 0),
('fb83a6da-d5ca-45e9-adcb-11417c456ce1',	'User creation or linking',	'Flow for the existing/non-existing user alternatives',	'841f5ece-1c66-4bb9-93e5-6a5f6101ad0b',	'basic-flow',	CONV('0', 2, 10) + 0,	CONV('1', 2, 10) + 0),
('ff18183c-e2ee-4cc3-b1b7-1b36b773d63b',	'First broker login - Conditional OTP',	'Flow to determine if the OTP is required for the authentication',	'841f5ece-1c66-4bb9-93e5-6a5f6101ad0b',	'basic-flow',	CONV('0', 2, 10) + 0,	CONV('1', 2, 10) + 0);

DROP TABLE IF EXISTS `AUTHENTICATOR_CONFIG`;
CREATE TABLE `AUTHENTICATOR_CONFIG` (
  `ID` varchar(36) NOT NULL,
  `ALIAS` varchar(255) DEFAULT NULL,
  `REALM_ID` varchar(36) DEFAULT NULL,
  PRIMARY KEY (`ID`),
  KEY `IDX_AUTH_CONFIG_REALM` (`REALM_ID`),
  CONSTRAINT `FK_AUTH_REALM` FOREIGN KEY (`REALM_ID`) REFERENCES `REALM` (`ID`)
) ENGINE=InnoDB DEFAULT CHARSET=utf8mb4 COLLATE=utf8mb4_0900_ai_ci;

INSERT INTO `AUTHENTICATOR_CONFIG` (`ID`, `ALIAS`, `REALM_ID`) VALUES
('1a95f2aa-d756-49af-8dd7-92ea26aea789',	'review profile config',	'f0d9d1ed-4880-4b89-95f9-0deb74dc4ead'),
('372a0163-87dc-4431-9e69-21b7a7a85e0d',	'review profile config',	'6b962f6f-6e63-4547-bf35-50e79dd06c0d'),
('37b9334e-c65b-43e4-850a-5fd036f45c35',	'create unique user config',	'6b962f6f-6e63-4547-bf35-50e79dd06c0d'),
('468223a2-a538-4248-b7da-2068be6a575a',	'create unique user config',	'841f5ece-1c66-4bb9-93e5-6a5f6101ad0b'),
('7dff2ea7-8d2a-45a3-933e-39ddb4d6f7d7',	'review profile config',	'841f5ece-1c66-4bb9-93e5-6a5f6101ad0b'),
('9465f125-ee99-44d4-b2c6-c13bca99acd3',	'create unique user config',	'f0d9d1ed-4880-4b89-95f9-0deb74dc4ead');

DROP TABLE IF EXISTS `AUTHENTICATOR_CONFIG_ENTRY`;
CREATE TABLE `AUTHENTICATOR_CONFIG_ENTRY` (
  `AUTHENTICATOR_ID` varchar(36) NOT NULL,
  `VALUE` longtext,
  `NAME` varchar(255) NOT NULL,
  PRIMARY KEY (`AUTHENTICATOR_ID`,`NAME`)
) ENGINE=InnoDB DEFAULT CHARSET=utf8mb4 COLLATE=utf8mb4_0900_ai_ci;

INSERT INTO `AUTHENTICATOR_CONFIG_ENTRY` (`AUTHENTICATOR_ID`, `VALUE`, `NAME`) VALUES
('1a95f2aa-d756-49af-8dd7-92ea26aea789',	'missing',	'update.profile.on.first.login'),
('372a0163-87dc-4431-9e69-21b7a7a85e0d',	'missing',	'update.profile.on.first.login'),
('37b9334e-c65b-43e4-850a-5fd036f45c35',	'false',	'require.password.update.after.registration'),
('468223a2-a538-4248-b7da-2068be6a575a',	'false',	'require.password.update.after.registration'),
('7dff2ea7-8d2a-45a3-933e-39ddb4d6f7d7',	'missing',	'update.profile.on.first.login'),
('9465f125-ee99-44d4-b2c6-c13bca99acd3',	'false',	'require.password.update.after.registration');

DROP TABLE IF EXISTS `BROKER_LINK`;
CREATE TABLE `BROKER_LINK` (
  `IDENTITY_PROVIDER` varchar(255) NOT NULL,
  `STORAGE_PROVIDER_ID` varchar(255) DEFAULT NULL,
  `REALM_ID` varchar(36) NOT NULL,
  `BROKER_USER_ID` varchar(255) DEFAULT NULL,
  `BROKER_USERNAME` varchar(255) DEFAULT NULL,
  `TOKEN` text,
  `USER_ID` varchar(255) NOT NULL,
  PRIMARY KEY (`IDENTITY_PROVIDER`,`USER_ID`)
) ENGINE=InnoDB DEFAULT CHARSET=utf8mb4 COLLATE=utf8mb4_0900_ai_ci;


DROP TABLE IF EXISTS `CLIENT`;
CREATE TABLE `CLIENT` (
  `ID` varchar(36) NOT NULL,
  `ENABLED` bit(1) NOT NULL DEFAULT b'0',
  `FULL_SCOPE_ALLOWED` bit(1) NOT NULL DEFAULT b'0',
  `CLIENT_ID` varchar(255) DEFAULT NULL,
  `NOT_BEFORE` int DEFAULT NULL,
  `PUBLIC_CLIENT` bit(1) NOT NULL DEFAULT b'0',
  `SECRET` varchar(255) DEFAULT NULL,
  `BASE_URL` varchar(255) DEFAULT NULL,
  `BEARER_ONLY` bit(1) NOT NULL DEFAULT b'0',
  `MANAGEMENT_URL` varchar(255) DEFAULT NULL,
  `SURROGATE_AUTH_REQUIRED` bit(1) NOT NULL DEFAULT b'0',
  `REALM_ID` varchar(36) DEFAULT NULL,
  `PROTOCOL` varchar(255) DEFAULT NULL,
  `NODE_REREG_TIMEOUT` int DEFAULT '0',
  `FRONTCHANNEL_LOGOUT` bit(1) NOT NULL DEFAULT b'0',
  `CONSENT_REQUIRED` bit(1) NOT NULL DEFAULT b'0',
  `NAME` varchar(255) CHARACTER SET utf8 COLLATE utf8_general_ci DEFAULT NULL,
  `SERVICE_ACCOUNTS_ENABLED` bit(1) NOT NULL DEFAULT b'0',
  `CLIENT_AUTHENTICATOR_TYPE` varchar(255) DEFAULT NULL,
  `ROOT_URL` varchar(255) DEFAULT NULL,
  `DESCRIPTION` varchar(255) CHARACTER SET utf8 COLLATE utf8_general_ci DEFAULT NULL,
  `REGISTRATION_TOKEN` varchar(255) DEFAULT NULL,
  `STANDARD_FLOW_ENABLED` bit(1) NOT NULL DEFAULT b'1',
  `IMPLICIT_FLOW_ENABLED` bit(1) NOT NULL DEFAULT b'0',
  `DIRECT_ACCESS_GRANTS_ENABLED` bit(1) NOT NULL DEFAULT b'0',
  `ALWAYS_DISPLAY_IN_CONSOLE` bit(1) NOT NULL DEFAULT b'0',
  PRIMARY KEY (`ID`),
  UNIQUE KEY `UK_B71CJLBENV945RB6GCON438AT` (`REALM_ID`,`CLIENT_ID`),
  KEY `IDX_CLIENT_ID` (`CLIENT_ID`)
) ENGINE=InnoDB DEFAULT CHARSET=utf8mb4 COLLATE=utf8mb4_0900_ai_ci;

INSERT INTO `CLIENT` (`ID`, `ENABLED`, `FULL_SCOPE_ALLOWED`, `CLIENT_ID`, `NOT_BEFORE`, `PUBLIC_CLIENT`, `SECRET`, `BASE_URL`, `BEARER_ONLY`, `MANAGEMENT_URL`, `SURROGATE_AUTH_REQUIRED`, `REALM_ID`, `PROTOCOL`, `NODE_REREG_TIMEOUT`, `FRONTCHANNEL_LOGOUT`, `CONSENT_REQUIRED`, `NAME`, `SERVICE_ACCOUNTS_ENABLED`, `CLIENT_AUTHENTICATOR_TYPE`, `ROOT_URL`, `DESCRIPTION`, `REGISTRATION_TOKEN`, `STANDARD_FLOW_ENABLED`, `IMPLICIT_FLOW_ENABLED`, `DIRECT_ACCESS_GRANTS_ENABLED`, `ALWAYS_DISPLAY_IN_CONSOLE`) VALUES
('17da268c-e129-4e11-bf77-1385f61806eb',	CONV('1', 2, 10) + 0,	CONV('0', 2, 10) + 0,	'realm-management',	0,	CONV('0', 2, 10) + 0,	NULL,	NULL,	CONV('1', 2, 10) + 0,	NULL,	CONV('0', 2, 10) + 0,	'6b962f6f-6e63-4547-bf35-50e79dd06c0d',	'openid-connect',	0,	CONV('0', 2, 10) + 0,	CONV('0', 2, 10) + 0,	'${client_realm-management}',	CONV('0', 2, 10) + 0,	'client-secret',	NULL,	NULL,	NULL,	CONV('1', 2, 10) + 0,	CONV('0', 2, 10) + 0,	CONV('0', 2, 10) + 0,	CONV('0', 2, 10) + 0),
('32e494de-37a8-4e6b-aebb-fdaaf4ae2dbb',	CONV('1', 2, 10) + 0,	CONV('1', 2, 10) + 0,	'webapp',	0,	CONV('0', 2, 10) + 0,	'63KNNurCUpyXmYhjoKe0boxDMQF5hJlt',	'',	CONV('0', 2, 10) + 0,	'',	CONV('0', 2, 10) + 0,	'6b962f6f-6e63-4547-bf35-50e79dd06c0d',	'openid-connect',	-1,	CONV('1', 2, 10) + 0,	CONV('0', 2, 10) + 0,	'Web Application',	CONV('1', 2, 10) + 0,	'client-secret',	'',	'',	NULL,	CONV('1', 2, 10) + 0,	CONV('1', 2, 10) + 0,	CONV('1', 2, 10) + 0,	CONV('1', 2, 10) + 0),
('35762d11-817a-4fc7-bedd-a82dd8e1fe95',	CONV('1', 2, 10) + 0,	CONV('0', 2, 10) + 0,	'account',	0,	CONV('1', 2, 10) + 0,	NULL,	'/realms/master/account/',	CONV('0', 2, 10) + 0,	NULL,	CONV('0', 2, 10) + 0,	'f0d9d1ed-4880-4b89-95f9-0deb74dc4ead',	'openid-connect',	0,	CONV('0', 2, 10) + 0,	CONV('0', 2, 10) + 0,	'${client_account}',	CONV('0', 2, 10) + 0,	'client-secret',	'${authBaseUrl}',	NULL,	NULL,	CONV('1', 2, 10) + 0,	CONV('0', 2, 10) + 0,	CONV('0', 2, 10) + 0,	CONV('0', 2, 10) + 0),
('3b2997cc-a417-4406-8ae7-21167b3d9e88',	CONV('1', 2, 10) + 0,	CONV('1', 2, 10) + 0,	'web',	0,	CONV('0', 2, 10) + 0,	'FmHx8eiAojLqpWtB9fvHrH3LTk5KX8Lp',	'',	CONV('0', 2, 10) + 0,	'',	CONV('0', 2, 10) + 0,	'6b962f6f-6e63-4547-bf35-50e79dd06c0d',	'openid-connect',	-1,	CONV('1', 2, 10) + 0,	CONV('0', 2, 10) + 0,	'Client Web',	CONV('1', 2, 10) + 0,	'client-secret',	'',	'',	NULL,	CONV('1', 2, 10) + 0,	CONV('0', 2, 10) + 0,	CONV('1', 2, 10) + 0,	CONV('1', 2, 10) + 0),
('3e9d89d9-4463-40ab-9074-e681f40ba6a9',	CONV('1', 2, 10) + 0,	CONV('0', 2, 10) + 0,	'security-admin-console',	0,	CONV('1', 2, 10) + 0,	NULL,	'/admin/master/console/',	CONV('0', 2, 10) + 0,	NULL,	CONV('0', 2, 10) + 0,	'f0d9d1ed-4880-4b89-95f9-0deb74dc4ead',	'openid-connect',	0,	CONV('0', 2, 10) + 0,	CONV('0', 2, 10) + 0,	'${client_security-admin-console}',	CONV('0', 2, 10) + 0,	'client-secret',	'${authAdminUrl}',	NULL,	NULL,	CONV('1', 2, 10) + 0,	CONV('0', 2, 10) + 0,	CONV('0', 2, 10) + 0,	CONV('0', 2, 10) + 0),
('4233eca9-3cc4-4907-92d6-e1c2da4c31a2',	CONV('1', 2, 10) + 0,	CONV('0', 2, 10) + 0,	'broker',	0,	CONV('0', 2, 10) + 0,	NULL,	NULL,	CONV('1', 2, 10) + 0,	NULL,	CONV('0', 2, 10) + 0,	'f0d9d1ed-4880-4b89-95f9-0deb74dc4ead',	'openid-connect',	0,	CONV('0', 2, 10) + 0,	CONV('0', 2, 10) + 0,	'${client_broker}',	CONV('0', 2, 10) + 0,	'client-secret',	NULL,	NULL,	NULL,	CONV('1', 2, 10) + 0,	CONV('0', 2, 10) + 0,	CONV('0', 2, 10) + 0,	CONV('0', 2, 10) + 0),
('45f55a3f-39b3-47bb-a980-14f660613993',	CONV('1', 2, 10) + 0,	CONV('0', 2, 10) + 0,	'mgo-old-realm',	0,	CONV('0', 2, 10) + 0,	NULL,	NULL,	CONV('1', 2, 10) + 0,	NULL,	CONV('0', 2, 10) + 0,	'f0d9d1ed-4880-4b89-95f9-0deb74dc4ead',	NULL,	0,	CONV('0', 2, 10) + 0,	CONV('0', 2, 10) + 0,	'M-GO Realm',	CONV('0', 2, 10) + 0,	'client-secret',	NULL,	NULL,	NULL,	CONV('1', 2, 10) + 0,	CONV('0', 2, 10) + 0,	CONV('0', 2, 10) + 0,	CONV('0', 2, 10) + 0),
('4971f0ea-ca04-4a50-9225-3a22f898811f',	CONV('1', 2, 10) + 0,	CONV('0', 2, 10) + 0,	'account-console',	0,	CONV('1', 2, 10) + 0,	NULL,	'/realms/M-GO/account/',	CONV('0', 2, 10) + 0,	NULL,	CONV('0', 2, 10) + 0,	'841f5ece-1c66-4bb9-93e5-6a5f6101ad0b',	'openid-connect',	0,	CONV('0', 2, 10) + 0,	CONV('0', 2, 10) + 0,	'${client_account-console}',	CONV('0', 2, 10) + 0,	'client-secret',	'${authBaseUrl}',	NULL,	NULL,	CONV('1', 2, 10) + 0,	CONV('0', 2, 10) + 0,	CONV('0', 2, 10) + 0,	CONV('0', 2, 10) + 0),
('4c3e0fbc-619d-4ca7-a8a1-1cf2d59890fc',	CONV('1', 2, 10) + 0,	CONV('0', 2, 10) + 0,	'account',	0,	CONV('1', 2, 10) + 0,	NULL,	'/realms/mgo/account/',	CONV('0', 2, 10) + 0,	NULL,	CONV('0', 2, 10) + 0,	'841f5ece-1c66-4bb9-93e5-6a5f6101ad0b',	'openid-connect',	0,	CONV('0', 2, 10) + 0,	CONV('0', 2, 10) + 0,	'${client_account}',	CONV('0', 2, 10) + 0,	'client-secret',	'${authBaseUrl}',	NULL,	NULL,	CONV('1', 2, 10) + 0,	CONV('0', 2, 10) + 0,	CONV('0', 2, 10) + 0,	CONV('0', 2, 10) + 0),
('5286d607-fd93-4672-973f-8ca88a107467',	CONV('1', 2, 10) + 0,	CONV('1', 2, 10) + 0,	'api',	0,	CONV('0', 2, 10) + 0,	'eeb2v2O62N3WDGDqJo7K3naePNcjIEYk',	NULL,	CONV('0', 2, 10) + 0,	NULL,	CONV('0', 2, 10) + 0,	'6b962f6f-6e63-4547-bf35-50e79dd06c0d',	'openid-connect',	-1,	CONV('1', 2, 10) + 0,	CONV('0', 2, 10) + 0,	'API',	CONV('1', 2, 10) + 0,	'client-secret',	NULL,	'',	NULL,	CONV('1', 2, 10) + 0,	CONV('1', 2, 10) + 0,	CONV('1', 2, 10) + 0,	CONV('1', 2, 10) + 0),
('5d0a80de-f9f4-4149-90dd-d8bf7b819fce',	CONV('1', 2, 10) + 0,	CONV('0', 2, 10) + 0,	'security-admin-console',	0,	CONV('1', 2, 10) + 0,	NULL,	'/admin/mgo/console/',	CONV('0', 2, 10) + 0,	NULL,	CONV('0', 2, 10) + 0,	'841f5ece-1c66-4bb9-93e5-6a5f6101ad0b',	'openid-connect',	0,	CONV('0', 2, 10) + 0,	CONV('0', 2, 10) + 0,	'${client_security-admin-console}',	CONV('0', 2, 10) + 0,	'client-secret',	'${authAdminUrl}',	NULL,	NULL,	CONV('1', 2, 10) + 0,	CONV('0', 2, 10) + 0,	CONV('0', 2, 10) + 0,	CONV('0', 2, 10) + 0),
('6b533f73-0aad-4cba-8f30-adb1d4c50da3',	CONV('1', 2, 10) + 0,	CONV('0', 2, 10) + 0,	'broker',	0,	CONV('0', 2, 10) + 0,	NULL,	NULL,	CONV('1', 2, 10) + 0,	NULL,	CONV('0', 2, 10) + 0,	'6b962f6f-6e63-4547-bf35-50e79dd06c0d',	'openid-connect',	0,	CONV('0', 2, 10) + 0,	CONV('0', 2, 10) + 0,	'${client_broker}',	CONV('0', 2, 10) + 0,	'client-secret',	NULL,	NULL,	NULL,	CONV('1', 2, 10) + 0,	CONV('0', 2, 10) + 0,	CONV('0', 2, 10) + 0,	CONV('0', 2, 10) + 0),
('7a868d5e-300a-4e4f-9c0f-0d7a3218db03',	CONV('1', 2, 10) + 0,	CONV('1', 2, 10) + 0,	'web',	0,	CONV('0', 2, 10) + 0,	'dk1f2sKqil4OJivNrtFTJBBtIr1vISGz',	'',	CONV('0', 2, 10) + 0,	'',	CONV('0', 2, 10) + 0,	'841f5ece-1c66-4bb9-93e5-6a5f6101ad0b',	'openid-connect',	-1,	CONV('1', 2, 10) + 0,	CONV('0', 2, 10) + 0,	'',	CONV('1', 2, 10) + 0,	'client-secret',	'',	'',	NULL,	CONV('1', 2, 10) + 0,	CONV('0', 2, 10) + 0,	CONV('1', 2, 10) + 0,	CONV('1', 2, 10) + 0),
('7ce013c5-2826-4a37-b615-c829b94cd793',	CONV('1', 2, 10) + 0,	CONV('0', 2, 10) + 0,	'account-console',	0,	CONV('1', 2, 10) + 0,	NULL,	'/realms/master/account/',	CONV('0', 2, 10) + 0,	NULL,	CONV('0', 2, 10) + 0,	'f0d9d1ed-4880-4b89-95f9-0deb74dc4ead',	'openid-connect',	0,	CONV('0', 2, 10) + 0,	CONV('0', 2, 10) + 0,	'${client_account-console}',	CONV('0', 2, 10) + 0,	'client-secret',	'${authBaseUrl}',	NULL,	NULL,	CONV('1', 2, 10) + 0,	CONV('0', 2, 10) + 0,	CONV('0', 2, 10) + 0,	CONV('0', 2, 10) + 0),
('8f8ac6a0-9be6-4f0a-b6db-066ecd8cb5db',	CONV('1', 2, 10) + 0,	CONV('1', 2, 10) + 0,	'web',	0,	CONV('0', 2, 10) + 0,	'a6AoZLCtHPqQURgoe54oldyk5EufafRv',	'',	CONV('0', 2, 10) + 0,	'',	CONV('0', 2, 10) + 0,	'f0d9d1ed-4880-4b89-95f9-0deb74dc4ead',	'openid-connect',	-1,	CONV('1', 2, 10) + 0,	CONV('0', 2, 10) + 0,	'',	CONV('1', 2, 10) + 0,	'client-secret',	'',	'',	NULL,	CONV('1', 2, 10) + 0,	CONV('0', 2, 10) + 0,	CONV('1', 2, 10) + 0,	CONV('1', 2, 10) + 0),
('90c33ee4-97d6-4ef6-823f-f49a04f14124',	CONV('1', 2, 10) + 0,	CONV('0', 2, 10) + 0,	'mgo-realm',	0,	CONV('0', 2, 10) + 0,	NULL,	NULL,	CONV('1', 2, 10) + 0,	NULL,	CONV('0', 2, 10) + 0,	'f0d9d1ed-4880-4b89-95f9-0deb74dc4ead',	NULL,	0,	CONV('0', 2, 10) + 0,	CONV('0', 2, 10) + 0,	'M-GO Realm',	CONV('0', 2, 10) + 0,	'client-secret',	NULL,	NULL,	NULL,	CONV('1', 2, 10) + 0,	CONV('0', 2, 10) + 0,	CONV('0', 2, 10) + 0,	CONV('0', 2, 10) + 0),
('9a27d6e7-cfc0-4fe7-8d1d-2e2bb01b6955',	CONV('1', 2, 10) + 0,	CONV('0', 2, 10) + 0,	'security-admin-console',	0,	CONV('1', 2, 10) + 0,	NULL,	'/admin/mgo-old/console/',	CONV('0', 2, 10) + 0,	NULL,	CONV('0', 2, 10) + 0,	'6b962f6f-6e63-4547-bf35-50e79dd06c0d',	'openid-connect',	0,	CONV('0', 2, 10) + 0,	CONV('0', 2, 10) + 0,	'${client_security-admin-console}',	CONV('0', 2, 10) + 0,	'client-secret',	'${authAdminUrl}',	NULL,	NULL,	CONV('1', 2, 10) + 0,	CONV('0', 2, 10) + 0,	CONV('0', 2, 10) + 0,	CONV('0', 2, 10) + 0),
('c60493bf-c4d1-41fa-962a-2604ddb6214b',	CONV('1', 2, 10) + 0,	CONV('0', 2, 10) + 0,	'realm-management',	0,	CONV('0', 2, 10) + 0,	NULL,	NULL,	CONV('1', 2, 10) + 0,	NULL,	CONV('0', 2, 10) + 0,	'841f5ece-1c66-4bb9-93e5-6a5f6101ad0b',	'openid-connect',	0,	CONV('0', 2, 10) + 0,	CONV('0', 2, 10) + 0,	'${client_realm-management}',	CONV('0', 2, 10) + 0,	'client-secret',	NULL,	NULL,	NULL,	CONV('1', 2, 10) + 0,	CONV('0', 2, 10) + 0,	CONV('0', 2, 10) + 0,	CONV('0', 2, 10) + 0),
('d6dc3b84-f07f-412b-97eb-3fd6acd3c371',	CONV('1', 2, 10) + 0,	CONV('0', 2, 10) + 0,	'admin-cli',	0,	CONV('1', 2, 10) + 0,	NULL,	NULL,	CONV('0', 2, 10) + 0,	NULL,	CONV('0', 2, 10) + 0,	'f0d9d1ed-4880-4b89-95f9-0deb74dc4ead',	'openid-connect',	0,	CONV('0', 2, 10) + 0,	CONV('0', 2, 10) + 0,	'${client_admin-cli}',	CONV('0', 2, 10) + 0,	'client-secret',	NULL,	NULL,	NULL,	CONV('0', 2, 10) + 0,	CONV('0', 2, 10) + 0,	CONV('1', 2, 10) + 0,	CONV('0', 2, 10) + 0),
('d887d393-5c50-4b59-a5af-03e2ea30b915',	CONV('1', 2, 10) + 0,	CONV('0', 2, 10) + 0,	'master-realm',	0,	CONV('0', 2, 10) + 0,	NULL,	NULL,	CONV('1', 2, 10) + 0,	NULL,	CONV('0', 2, 10) + 0,	'f0d9d1ed-4880-4b89-95f9-0deb74dc4ead',	NULL,	0,	CONV('0', 2, 10) + 0,	CONV('0', 2, 10) + 0,	'master Realm',	CONV('0', 2, 10) + 0,	'client-secret',	NULL,	NULL,	NULL,	CONV('1', 2, 10) + 0,	CONV('0', 2, 10) + 0,	CONV('0', 2, 10) + 0,	CONV('0', 2, 10) + 0),
('d9e2ad8c-684e-4342-acde-beaf446b3f5c',	CONV('1', 2, 10) + 0,	CONV('0', 2, 10) + 0,	'account-console',	0,	CONV('1', 2, 10) + 0,	NULL,	'/realms/M-GO/account/',	CONV('0', 2, 10) + 0,	NULL,	CONV('0', 2, 10) + 0,	'6b962f6f-6e63-4547-bf35-50e79dd06c0d',	'openid-connect',	0,	CONV('0', 2, 10) + 0,	CONV('0', 2, 10) + 0,	'${client_account-console}',	CONV('0', 2, 10) + 0,	'client-secret',	'${authBaseUrl}',	NULL,	NULL,	CONV('1', 2, 10) + 0,	CONV('0', 2, 10) + 0,	CONV('0', 2, 10) + 0,	CONV('0', 2, 10) + 0),
('dadfee8b-0fb9-4616-893a-6c0f89415f64',	CONV('1', 2, 10) + 0,	CONV('0', 2, 10) + 0,	'admin-cli',	0,	CONV('1', 2, 10) + 0,	NULL,	NULL,	CONV('0', 2, 10) + 0,	NULL,	CONV('0', 2, 10) + 0,	'841f5ece-1c66-4bb9-93e5-6a5f6101ad0b',	'openid-connect',	0,	CONV('0', 2, 10) + 0,	CONV('0', 2, 10) + 0,	'${client_admin-cli}',	CONV('0', 2, 10) + 0,	'client-secret',	NULL,	NULL,	NULL,	CONV('0', 2, 10) + 0,	CONV('0', 2, 10) + 0,	CONV('1', 2, 10) + 0,	CONV('0', 2, 10) + 0),
('e3f7eae3-2213-4c89-96b0-caf8ddabd94a',	CONV('1', 2, 10) + 0,	CONV('0', 2, 10) + 0,	'admin-cli',	0,	CONV('1', 2, 10) + 0,	NULL,	NULL,	CONV('0', 2, 10) + 0,	NULL,	CONV('0', 2, 10) + 0,	'6b962f6f-6e63-4547-bf35-50e79dd06c0d',	'openid-connect',	0,	CONV('0', 2, 10) + 0,	CONV('0', 2, 10) + 0,	'${client_admin-cli}',	CONV('0', 2, 10) + 0,	'client-secret',	NULL,	NULL,	NULL,	CONV('0', 2, 10) + 0,	CONV('0', 2, 10) + 0,	CONV('1', 2, 10) + 0,	CONV('0', 2, 10) + 0),
('f1636108-2568-4fe2-9a8f-c9d6d463d2f2',	CONV('1', 2, 10) + 0,	CONV('0', 2, 10) + 0,	'broker',	0,	CONV('0', 2, 10) + 0,	NULL,	NULL,	CONV('1', 2, 10) + 0,	NULL,	CONV('0', 2, 10) + 0,	'841f5ece-1c66-4bb9-93e5-6a5f6101ad0b',	'openid-connect',	0,	CONV('0', 2, 10) + 0,	CONV('0', 2, 10) + 0,	'${client_broker}',	CONV('0', 2, 10) + 0,	'client-secret',	NULL,	NULL,	NULL,	CONV('1', 2, 10) + 0,	CONV('0', 2, 10) + 0,	CONV('0', 2, 10) + 0,	CONV('0', 2, 10) + 0),
('f9303f24-cb8e-4c89-a103-8ecd866be620',	CONV('1', 2, 10) + 0,	CONV('0', 2, 10) + 0,	'account',	0,	CONV('1', 2, 10) + 0,	NULL,	'/realms/mgo-old/account/',	CONV('0', 2, 10) + 0,	NULL,	CONV('0', 2, 10) + 0,	'6b962f6f-6e63-4547-bf35-50e79dd06c0d',	'openid-connect',	0,	CONV('0', 2, 10) + 0,	CONV('0', 2, 10) + 0,	'${client_account}',	CONV('0', 2, 10) + 0,	'client-secret',	'${authBaseUrl}',	NULL,	NULL,	CONV('1', 2, 10) + 0,	CONV('0', 2, 10) + 0,	CONV('0', 2, 10) + 0,	CONV('0', 2, 10) + 0);

DROP TABLE IF EXISTS `CLIENT_ATTRIBUTES`;
CREATE TABLE `CLIENT_ATTRIBUTES` (
  `CLIENT_ID` varchar(36) NOT NULL,
  `VALUE` text,
  `NAME` varchar(255) NOT NULL,
  PRIMARY KEY (`CLIENT_ID`,`NAME`),
  KEY `IDX_CLIENT_ATT_BY_NAME_VALUE` (`NAME`,`VALUE`(255)),
  CONSTRAINT `FK3C47C64BEACCA966` FOREIGN KEY (`CLIENT_ID`) REFERENCES `CLIENT` (`ID`)
) ENGINE=InnoDB DEFAULT CHARSET=utf8mb4 COLLATE=utf8mb4_0900_ai_ci;

INSERT INTO `CLIENT_ATTRIBUTES` (`CLIENT_ID`, `VALUE`, `NAME`) VALUES
('32e494de-37a8-4e6b-aebb-fdaaf4ae2dbb',	'{}',	'acr.loa.map'),
('32e494de-37a8-4e6b-aebb-fdaaf4ae2dbb',	'false',	'backchannel.logout.revoke.offline.tokens'),
('32e494de-37a8-4e6b-aebb-fdaaf4ae2dbb',	'true',	'backchannel.logout.session.required'),
('32e494de-37a8-4e6b-aebb-fdaaf4ae2dbb',	'true',	'client_credentials.use_refresh_token'),
('32e494de-37a8-4e6b-aebb-fdaaf4ae2dbb',	'1659952836',	'client.secret.creation.time'),
('32e494de-37a8-4e6b-aebb-fdaaf4ae2dbb',	'false',	'display.on.consent.screen'),
('32e494de-37a8-4e6b-aebb-fdaaf4ae2dbb',	'mgo',	'login_theme'),
('32e494de-37a8-4e6b-aebb-fdaaf4ae2dbb',	'true',	'oauth2.device.authorization.grant.enabled'),
('32e494de-37a8-4e6b-aebb-fdaaf4ae2dbb',	'false',	'oidc.ciba.grant.enabled'),
('32e494de-37a8-4e6b-aebb-fdaaf4ae2dbb',	'false',	'require.pushed.authorization.requests'),
('32e494de-37a8-4e6b-aebb-fdaaf4ae2dbb',	'false',	'tls-client-certificate-bound-access-tokens'),
('32e494de-37a8-4e6b-aebb-fdaaf4ae2dbb',	'false',	'token.response.type.bearer.lower-case'),
('32e494de-37a8-4e6b-aebb-fdaaf4ae2dbb',	'false',	'use.jwks.url'),
('32e494de-37a8-4e6b-aebb-fdaaf4ae2dbb',	'true',	'use.refresh.tokens'),
('35762d11-817a-4fc7-bedd-a82dd8e1fe95',	'+',	'post.logout.redirect.uris'),
('3b2997cc-a417-4406-8ae7-21167b3d9e88',	'false',	'backchannel.logout.revoke.offline.tokens'),
('3b2997cc-a417-4406-8ae7-21167b3d9e88',	'true',	'backchannel.logout.session.required'),
('3b2997cc-a417-4406-8ae7-21167b3d9e88',	'1660575833',	'client.secret.creation.time'),
('3b2997cc-a417-4406-8ae7-21167b3d9e88',	'false',	'display.on.consent.screen'),
('3b2997cc-a417-4406-8ae7-21167b3d9e88',	'false',	'oauth2.device.authorization.grant.enabled'),
('3b2997cc-a417-4406-8ae7-21167b3d9e88',	'false',	'oidc.ciba.grant.enabled'),
('3e9d89d9-4463-40ab-9074-e681f40ba6a9',	'S256',	'pkce.code.challenge.method'),
('3e9d89d9-4463-40ab-9074-e681f40ba6a9',	'+',	'post.logout.redirect.uris'),
('4971f0ea-ca04-4a50-9225-3a22f898811f',	'S256',	'pkce.code.challenge.method'),
('4971f0ea-ca04-4a50-9225-3a22f898811f',	'+',	'post.logout.redirect.uris'),
('4c3e0fbc-619d-4ca7-a8a1-1cf2d59890fc',	'+',	'post.logout.redirect.uris'),
('5286d607-fd93-4672-973f-8ca88a107467',	'false',	'backchannel.logout.revoke.offline.tokens'),
('5286d607-fd93-4672-973f-8ca88a107467',	'true',	'backchannel.logout.session.required'),
('5286d607-fd93-4672-973f-8ca88a107467',	'1659968438',	'client.secret.creation.time'),
('5286d607-fd93-4672-973f-8ca88a107467',	'false',	'oauth2.device.authorization.grant.enabled'),
('5286d607-fd93-4672-973f-8ca88a107467',	'false',	'oidc.ciba.grant.enabled'),
('5d0a80de-f9f4-4149-90dd-d8bf7b819fce',	'S256',	'pkce.code.challenge.method'),
('5d0a80de-f9f4-4149-90dd-d8bf7b819fce',	'+',	'post.logout.redirect.uris'),
('7a868d5e-300a-4e4f-9c0f-0d7a3218db03',	'false',	'backchannel.logout.revoke.offline.tokens'),
('7a868d5e-300a-4e4f-9c0f-0d7a3218db03',	'true',	'backchannel.logout.session.required'),
('7a868d5e-300a-4e4f-9c0f-0d7a3218db03',	'1660576642',	'client.secret.creation.time'),
('7a868d5e-300a-4e4f-9c0f-0d7a3218db03',	'false',	'display.on.consent.screen'),
('7a868d5e-300a-4e4f-9c0f-0d7a3218db03',	'false',	'oauth2.device.authorization.grant.enabled'),
('7a868d5e-300a-4e4f-9c0f-0d7a3218db03',	'false',	'oidc.ciba.grant.enabled'),
('7a868d5e-300a-4e4f-9c0f-0d7a3218db03',	'false',	'use.jwks.url'),
('7ce013c5-2826-4a37-b615-c829b94cd793',	'S256',	'pkce.code.challenge.method'),
('7ce013c5-2826-4a37-b615-c829b94cd793',	'+',	'post.logout.redirect.uris'),
('8f8ac6a0-9be6-4f0a-b6db-066ecd8cb5db',	'false',	'backchannel.logout.revoke.offline.tokens'),
('8f8ac6a0-9be6-4f0a-b6db-066ecd8cb5db',	'true',	'backchannel.logout.session.required'),
('8f8ac6a0-9be6-4f0a-b6db-066ecd8cb5db',	'1660576075',	'client.secret.creation.time'),
('8f8ac6a0-9be6-4f0a-b6db-066ecd8cb5db',	'false',	'display.on.consent.screen'),
('8f8ac6a0-9be6-4f0a-b6db-066ecd8cb5db',	'false',	'oauth2.device.authorization.grant.enabled'),
('8f8ac6a0-9be6-4f0a-b6db-066ecd8cb5db',	'false',	'oidc.ciba.grant.enabled'),
('9a27d6e7-cfc0-4fe7-8d1d-2e2bb01b6955',	'S256',	'pkce.code.challenge.method'),
('9a27d6e7-cfc0-4fe7-8d1d-2e2bb01b6955',	'+',	'post.logout.redirect.uris'),
('d9e2ad8c-684e-4342-acde-beaf446b3f5c',	'S256',	'pkce.code.challenge.method'),
('d9e2ad8c-684e-4342-acde-beaf446b3f5c',	'+',	'post.logout.redirect.uris'),
('f9303f24-cb8e-4c89-a103-8ecd866be620',	'+',	'post.logout.redirect.uris');

DROP TABLE IF EXISTS `CLIENT_AUTH_FLOW_BINDINGS`;
CREATE TABLE `CLIENT_AUTH_FLOW_BINDINGS` (
  `CLIENT_ID` varchar(36) NOT NULL,
  `FLOW_ID` varchar(36) DEFAULT NULL,
  `BINDING_NAME` varchar(255) NOT NULL,
  PRIMARY KEY (`CLIENT_ID`,`BINDING_NAME`)
) ENGINE=InnoDB DEFAULT CHARSET=utf8mb4 COLLATE=utf8mb4_0900_ai_ci;


DROP TABLE IF EXISTS `CLIENT_INITIAL_ACCESS`;
CREATE TABLE `CLIENT_INITIAL_ACCESS` (
  `ID` varchar(36) NOT NULL,
  `REALM_ID` varchar(36) NOT NULL,
  `TIMESTAMP` int DEFAULT NULL,
  `EXPIRATION` int DEFAULT NULL,
  `COUNT` int DEFAULT NULL,
  `REMAINING_COUNT` int DEFAULT NULL,
  PRIMARY KEY (`ID`),
  KEY `IDX_CLIENT_INIT_ACC_REALM` (`REALM_ID`),
  CONSTRAINT `FK_CLIENT_INIT_ACC_REALM` FOREIGN KEY (`REALM_ID`) REFERENCES `REALM` (`ID`)
) ENGINE=InnoDB DEFAULT CHARSET=utf8mb4 COLLATE=utf8mb4_0900_ai_ci;


DROP TABLE IF EXISTS `CLIENT_NODE_REGISTRATIONS`;
CREATE TABLE `CLIENT_NODE_REGISTRATIONS` (
  `CLIENT_ID` varchar(36) NOT NULL,
  `VALUE` int DEFAULT NULL,
  `NAME` varchar(255) NOT NULL,
  PRIMARY KEY (`CLIENT_ID`,`NAME`),
  CONSTRAINT `FK4129723BA992F594` FOREIGN KEY (`CLIENT_ID`) REFERENCES `CLIENT` (`ID`)
) ENGINE=InnoDB DEFAULT CHARSET=utf8mb4 COLLATE=utf8mb4_0900_ai_ci;


DROP TABLE IF EXISTS `CLIENT_SCOPE`;
CREATE TABLE `CLIENT_SCOPE` (
  `ID` varchar(36) NOT NULL,
  `NAME` varchar(255) DEFAULT NULL,
  `REALM_ID` varchar(36) DEFAULT NULL,
  `DESCRIPTION` varchar(255) CHARACTER SET utf8 COLLATE utf8_general_ci DEFAULT NULL,
  `PROTOCOL` varchar(255) DEFAULT NULL,
  PRIMARY KEY (`ID`),
  UNIQUE KEY `UK_CLI_SCOPE` (`REALM_ID`,`NAME`),
  KEY `IDX_REALM_CLSCOPE` (`REALM_ID`)
) ENGINE=InnoDB DEFAULT CHARSET=utf8mb4 COLLATE=utf8mb4_0900_ai_ci;

INSERT INTO `CLIENT_SCOPE` (`ID`, `NAME`, `REALM_ID`, `DESCRIPTION`, `PROTOCOL`) VALUES
('031e1f6a-80bf-41aa-a194-a4fe0e1d695d',	'acr',	'6b962f6f-6e63-4547-bf35-50e79dd06c0d',	'OpenID Connect scope for add acr (authentication context class reference) to the token',	'openid-connect'),
('0c868f7a-e012-47ab-b059-4ff9a5d1add5',	'microprofile-jwt',	'841f5ece-1c66-4bb9-93e5-6a5f6101ad0b',	'Microprofile - JWT built-in scope',	'openid-connect'),
('12a62d36-d6de-4c04-b7a9-c4cbd0313bec',	'roles',	'f0d9d1ed-4880-4b89-95f9-0deb74dc4ead',	'OpenID Connect scope for add user roles to the access token',	'openid-connect'),
('1528af3b-5715-4e57-aa72-3fef94e33fe4',	'web-origins',	'841f5ece-1c66-4bb9-93e5-6a5f6101ad0b',	'OpenID Connect scope for add allowed web origins to the access token',	'openid-connect'),
('1591ffe9-af98-4cae-b092-5a1820fb51ba',	'role_list',	'f0d9d1ed-4880-4b89-95f9-0deb74dc4ead',	'SAML role list',	'saml'),
('16d066de-8808-4fe6-8f99-adaf762cebdc',	'roles',	'841f5ece-1c66-4bb9-93e5-6a5f6101ad0b',	'OpenID Connect scope for add user roles to the access token',	'openid-connect'),
('204310fd-4382-4bc1-a6f1-e2c172557fb3',	'phone',	'841f5ece-1c66-4bb9-93e5-6a5f6101ad0b',	'OpenID Connect built-in scope: phone',	'openid-connect'),
('3a3b8bf0-f5e9-49b4-871f-2add6bc0c9f6',	'address',	'f0d9d1ed-4880-4b89-95f9-0deb74dc4ead',	'OpenID Connect built-in scope: address',	'openid-connect'),
('46a94732-b9d1-4466-ab6b-22e93c0630be',	'address',	'6b962f6f-6e63-4547-bf35-50e79dd06c0d',	'OpenID Connect built-in scope: address',	'openid-connect'),
('59f01008-562f-45f1-b7f3-08f2e9ca5158',	'offline_access',	'841f5ece-1c66-4bb9-93e5-6a5f6101ad0b',	'OpenID Connect built-in scope: offline_access',	'openid-connect'),
('5e1ec4e2-71d9-486f-b2e9-1d38fa01f678',	'web-origins',	'6b962f6f-6e63-4547-bf35-50e79dd06c0d',	'OpenID Connect scope for add allowed web origins to the access token',	'openid-connect'),
('5f9fc03a-1e10-4754-ab18-add2206b8a83',	'address',	'841f5ece-1c66-4bb9-93e5-6a5f6101ad0b',	'OpenID Connect built-in scope: address',	'openid-connect'),
('60e35d68-aa6c-44f8-a03b-d46d5be76c8a',	'profile',	'f0d9d1ed-4880-4b89-95f9-0deb74dc4ead',	'OpenID Connect built-in scope: profile',	'openid-connect'),
('76e0ad45-5da4-4a54-be54-472388854348',	'profile',	'841f5ece-1c66-4bb9-93e5-6a5f6101ad0b',	'OpenID Connect built-in scope: profile',	'openid-connect'),
('776e8fc5-665e-4fd1-bf58-c431bfc40a05',	'offline_access',	'f0d9d1ed-4880-4b89-95f9-0deb74dc4ead',	'OpenID Connect built-in scope: offline_access',	'openid-connect'),
('7e24cdf7-d2fd-4011-ae6c-25a314e20ef8',	'microprofile-jwt',	'f0d9d1ed-4880-4b89-95f9-0deb74dc4ead',	'Microprofile - JWT built-in scope',	'openid-connect'),
('87c4a6c4-b688-466c-a5c0-5b2f34ebd001',	'phone',	'6b962f6f-6e63-4547-bf35-50e79dd06c0d',	'OpenID Connect built-in scope: phone',	'openid-connect'),
('8ad97144-4eab-4072-802b-078f91d2945c',	'web-origins',	'f0d9d1ed-4880-4b89-95f9-0deb74dc4ead',	'OpenID Connect scope for add allowed web origins to the access token',	'openid-connect'),
('8e8f2dad-8e65-4b36-9332-5f4f7aa94cdb',	'acr',	'841f5ece-1c66-4bb9-93e5-6a5f6101ad0b',	'OpenID Connect scope for add acr (authentication context class reference) to the token',	'openid-connect'),
('a28ad5c6-eb4f-4d5b-858b-c2cee0548aa1',	'phone',	'f0d9d1ed-4880-4b89-95f9-0deb74dc4ead',	'OpenID Connect built-in scope: phone',	'openid-connect'),
('aed719a5-29cf-41c3-bc43-32a2cefa14f9',	'acr',	'f0d9d1ed-4880-4b89-95f9-0deb74dc4ead',	'OpenID Connect scope for add acr (authentication context class reference) to the token',	'openid-connect'),
('af6356f3-670a-4b51-bee6-326795ddb10a',	'email',	'f0d9d1ed-4880-4b89-95f9-0deb74dc4ead',	'OpenID Connect built-in scope: email',	'openid-connect'),
('b184b02c-f491-48a4-845c-92aca5f6c086',	'email',	'6b962f6f-6e63-4547-bf35-50e79dd06c0d',	'OpenID Connect built-in scope: email',	'openid-connect'),
('b449a7e6-9fb8-47d3-bcd5-b7753d573528',	'role_list',	'841f5ece-1c66-4bb9-93e5-6a5f6101ad0b',	'SAML role list',	'saml'),
('b89d5670-9631-4226-bcd5-75fffbc3bcda',	'role_list',	'6b962f6f-6e63-4547-bf35-50e79dd06c0d',	'SAML role list',	'saml'),
('d28c1173-add3-4b09-867f-781e09ca4bd8',	'microprofile-jwt',	'6b962f6f-6e63-4547-bf35-50e79dd06c0d',	'Microprofile - JWT built-in scope',	'openid-connect'),
('d3ee2bb7-97d4-45a1-9a77-e137a5a3fc1a',	'email',	'841f5ece-1c66-4bb9-93e5-6a5f6101ad0b',	'OpenID Connect built-in scope: email',	'openid-connect'),
('d87e72ef-46c6-43b0-9903-f4cba84e72a0',	'roles',	'6b962f6f-6e63-4547-bf35-50e79dd06c0d',	'OpenID Connect scope for add user roles to the access token',	'openid-connect'),
('e3f028a4-08d6-4b15-a707-15a34d70498c',	'offline_access',	'6b962f6f-6e63-4547-bf35-50e79dd06c0d',	'OpenID Connect built-in scope: offline_access',	'openid-connect'),
('e7223b8f-94f3-4159-81a3-5694197a85ef',	'profile',	'6b962f6f-6e63-4547-bf35-50e79dd06c0d',	'OpenID Connect built-in scope: profile',	'openid-connect');

DROP TABLE IF EXISTS `CLIENT_SCOPE_ATTRIBUTES`;
CREATE TABLE `CLIENT_SCOPE_ATTRIBUTES` (
  `SCOPE_ID` varchar(36) NOT NULL,
  `VALUE` text,
  `NAME` varchar(255) NOT NULL,
  PRIMARY KEY (`SCOPE_ID`,`NAME`),
  KEY `IDX_CLSCOPE_ATTRS` (`SCOPE_ID`),
  CONSTRAINT `FK_CL_SCOPE_ATTR_SCOPE` FOREIGN KEY (`SCOPE_ID`) REFERENCES `CLIENT_SCOPE` (`ID`)
) ENGINE=InnoDB DEFAULT CHARSET=utf8mb4 COLLATE=utf8mb4_0900_ai_ci;

INSERT INTO `CLIENT_SCOPE_ATTRIBUTES` (`SCOPE_ID`, `VALUE`, `NAME`) VALUES
('031e1f6a-80bf-41aa-a194-a4fe0e1d695d',	'false',	'display.on.consent.screen'),
('031e1f6a-80bf-41aa-a194-a4fe0e1d695d',	'false',	'include.in.token.scope'),
('0c868f7a-e012-47ab-b059-4ff9a5d1add5',	'false',	'display.on.consent.screen'),
('0c868f7a-e012-47ab-b059-4ff9a5d1add5',	'true',	'include.in.token.scope'),
('12a62d36-d6de-4c04-b7a9-c4cbd0313bec',	'${rolesScopeConsentText}',	'consent.screen.text'),
('12a62d36-d6de-4c04-b7a9-c4cbd0313bec',	'true',	'display.on.consent.screen'),
('12a62d36-d6de-4c04-b7a9-c4cbd0313bec',	'false',	'include.in.token.scope'),
('1528af3b-5715-4e57-aa72-3fef94e33fe4',	'',	'consent.screen.text'),
('1528af3b-5715-4e57-aa72-3fef94e33fe4',	'false',	'display.on.consent.screen'),
('1528af3b-5715-4e57-aa72-3fef94e33fe4',	'false',	'include.in.token.scope'),
('1591ffe9-af98-4cae-b092-5a1820fb51ba',	'${samlRoleListScopeConsentText}',	'consent.screen.text'),
('1591ffe9-af98-4cae-b092-5a1820fb51ba',	'true',	'display.on.consent.screen'),
('16d066de-8808-4fe6-8f99-adaf762cebdc',	'${rolesScopeConsentText}',	'consent.screen.text'),
('16d066de-8808-4fe6-8f99-adaf762cebdc',	'true',	'display.on.consent.screen'),
('16d066de-8808-4fe6-8f99-adaf762cebdc',	'false',	'include.in.token.scope'),
('204310fd-4382-4bc1-a6f1-e2c172557fb3',	'${phoneScopeConsentText}',	'consent.screen.text'),
('204310fd-4382-4bc1-a6f1-e2c172557fb3',	'true',	'display.on.consent.screen'),
('204310fd-4382-4bc1-a6f1-e2c172557fb3',	'true',	'include.in.token.scope'),
('3a3b8bf0-f5e9-49b4-871f-2add6bc0c9f6',	'${addressScopeConsentText}',	'consent.screen.text'),
('3a3b8bf0-f5e9-49b4-871f-2add6bc0c9f6',	'true',	'display.on.consent.screen'),
('3a3b8bf0-f5e9-49b4-871f-2add6bc0c9f6',	'true',	'include.in.token.scope'),
('46a94732-b9d1-4466-ab6b-22e93c0630be',	'${addressScopeConsentText}',	'consent.screen.text'),
('46a94732-b9d1-4466-ab6b-22e93c0630be',	'true',	'display.on.consent.screen'),
('46a94732-b9d1-4466-ab6b-22e93c0630be',	'true',	'include.in.token.scope'),
('59f01008-562f-45f1-b7f3-08f2e9ca5158',	'${offlineAccessScopeConsentText}',	'consent.screen.text'),
('59f01008-562f-45f1-b7f3-08f2e9ca5158',	'true',	'display.on.consent.screen'),
('5e1ec4e2-71d9-486f-b2e9-1d38fa01f678',	'',	'consent.screen.text'),
('5e1ec4e2-71d9-486f-b2e9-1d38fa01f678',	'false',	'display.on.consent.screen'),
('5e1ec4e2-71d9-486f-b2e9-1d38fa01f678',	'false',	'include.in.token.scope'),
('5f9fc03a-1e10-4754-ab18-add2206b8a83',	'${addressScopeConsentText}',	'consent.screen.text'),
('5f9fc03a-1e10-4754-ab18-add2206b8a83',	'true',	'display.on.consent.screen'),
('5f9fc03a-1e10-4754-ab18-add2206b8a83',	'true',	'include.in.token.scope'),
('60e35d68-aa6c-44f8-a03b-d46d5be76c8a',	'${profileScopeConsentText}',	'consent.screen.text'),
('60e35d68-aa6c-44f8-a03b-d46d5be76c8a',	'true',	'display.on.consent.screen'),
('60e35d68-aa6c-44f8-a03b-d46d5be76c8a',	'true',	'include.in.token.scope'),
('76e0ad45-5da4-4a54-be54-472388854348',	'${profileScopeConsentText}',	'consent.screen.text'),
('76e0ad45-5da4-4a54-be54-472388854348',	'true',	'display.on.consent.screen'),
('76e0ad45-5da4-4a54-be54-472388854348',	'true',	'include.in.token.scope'),
('776e8fc5-665e-4fd1-bf58-c431bfc40a05',	'${offlineAccessScopeConsentText}',	'consent.screen.text'),
('776e8fc5-665e-4fd1-bf58-c431bfc40a05',	'true',	'display.on.consent.screen'),
('7e24cdf7-d2fd-4011-ae6c-25a314e20ef8',	'false',	'display.on.consent.screen'),
('7e24cdf7-d2fd-4011-ae6c-25a314e20ef8',	'true',	'include.in.token.scope'),
('87c4a6c4-b688-466c-a5c0-5b2f34ebd001',	'${phoneScopeConsentText}',	'consent.screen.text'),
('87c4a6c4-b688-466c-a5c0-5b2f34ebd001',	'true',	'display.on.consent.screen'),
('87c4a6c4-b688-466c-a5c0-5b2f34ebd001',	'true',	'include.in.token.scope'),
('8ad97144-4eab-4072-802b-078f91d2945c',	'',	'consent.screen.text'),
('8ad97144-4eab-4072-802b-078f91d2945c',	'false',	'display.on.consent.screen'),
('8ad97144-4eab-4072-802b-078f91d2945c',	'false',	'include.in.token.scope'),
('8e8f2dad-8e65-4b36-9332-5f4f7aa94cdb',	'false',	'display.on.consent.screen'),
('8e8f2dad-8e65-4b36-9332-5f4f7aa94cdb',	'false',	'include.in.token.scope'),
('a28ad5c6-eb4f-4d5b-858b-c2cee0548aa1',	'${phoneScopeConsentText}',	'consent.screen.text'),
('a28ad5c6-eb4f-4d5b-858b-c2cee0548aa1',	'true',	'display.on.consent.screen'),
('a28ad5c6-eb4f-4d5b-858b-c2cee0548aa1',	'true',	'include.in.token.scope'),
('aed719a5-29cf-41c3-bc43-32a2cefa14f9',	'false',	'display.on.consent.screen'),
('aed719a5-29cf-41c3-bc43-32a2cefa14f9',	'false',	'include.in.token.scope'),
('af6356f3-670a-4b51-bee6-326795ddb10a',	'${emailScopeConsentText}',	'consent.screen.text'),
('af6356f3-670a-4b51-bee6-326795ddb10a',	'true',	'display.on.consent.screen'),
('af6356f3-670a-4b51-bee6-326795ddb10a',	'true',	'include.in.token.scope'),
('b184b02c-f491-48a4-845c-92aca5f6c086',	'${emailScopeConsentText}',	'consent.screen.text'),
('b184b02c-f491-48a4-845c-92aca5f6c086',	'true',	'display.on.consent.screen'),
('b184b02c-f491-48a4-845c-92aca5f6c086',	'true',	'include.in.token.scope'),
('b449a7e6-9fb8-47d3-bcd5-b7753d573528',	'${samlRoleListScopeConsentText}',	'consent.screen.text'),
('b449a7e6-9fb8-47d3-bcd5-b7753d573528',	'true',	'display.on.consent.screen'),
('b89d5670-9631-4226-bcd5-75fffbc3bcda',	'${samlRoleListScopeConsentText}',	'consent.screen.text'),
('b89d5670-9631-4226-bcd5-75fffbc3bcda',	'true',	'display.on.consent.screen'),
('d28c1173-add3-4b09-867f-781e09ca4bd8',	'false',	'display.on.consent.screen'),
('d28c1173-add3-4b09-867f-781e09ca4bd8',	'true',	'include.in.token.scope'),
('d3ee2bb7-97d4-45a1-9a77-e137a5a3fc1a',	'${emailScopeConsentText}',	'consent.screen.text'),
('d3ee2bb7-97d4-45a1-9a77-e137a5a3fc1a',	'true',	'display.on.consent.screen'),
('d3ee2bb7-97d4-45a1-9a77-e137a5a3fc1a',	'true',	'include.in.token.scope'),
('d87e72ef-46c6-43b0-9903-f4cba84e72a0',	'${rolesScopeConsentText}',	'consent.screen.text'),
('d87e72ef-46c6-43b0-9903-f4cba84e72a0',	'true',	'display.on.consent.screen'),
('d87e72ef-46c6-43b0-9903-f4cba84e72a0',	'false',	'include.in.token.scope'),
('e3f028a4-08d6-4b15-a707-15a34d70498c',	'${offlineAccessScopeConsentText}',	'consent.screen.text'),
('e3f028a4-08d6-4b15-a707-15a34d70498c',	'true',	'display.on.consent.screen'),
('e7223b8f-94f3-4159-81a3-5694197a85ef',	'${profileScopeConsentText}',	'consent.screen.text'),
('e7223b8f-94f3-4159-81a3-5694197a85ef',	'true',	'display.on.consent.screen'),
('e7223b8f-94f3-4159-81a3-5694197a85ef',	'true',	'include.in.token.scope');

DROP TABLE IF EXISTS `CLIENT_SCOPE_CLIENT`;
CREATE TABLE `CLIENT_SCOPE_CLIENT` (
  `CLIENT_ID` varchar(255) NOT NULL,
  `SCOPE_ID` varchar(255) NOT NULL,
  `DEFAULT_SCOPE` bit(1) NOT NULL DEFAULT b'0',
  PRIMARY KEY (`CLIENT_ID`,`SCOPE_ID`),
  KEY `IDX_CLSCOPE_CL` (`CLIENT_ID`),
  KEY `IDX_CL_CLSCOPE` (`SCOPE_ID`)
) ENGINE=InnoDB DEFAULT CHARSET=utf8mb4 COLLATE=utf8mb4_0900_ai_ci;

INSERT INTO `CLIENT_SCOPE_CLIENT` (`CLIENT_ID`, `SCOPE_ID`, `DEFAULT_SCOPE`) VALUES
('17da268c-e129-4e11-bf77-1385f61806eb',	'031e1f6a-80bf-41aa-a194-a4fe0e1d695d',	CONV('1', 2, 10) + 0),
('17da268c-e129-4e11-bf77-1385f61806eb',	'46a94732-b9d1-4466-ab6b-22e93c0630be',	CONV('0', 2, 10) + 0),
('17da268c-e129-4e11-bf77-1385f61806eb',	'5e1ec4e2-71d9-486f-b2e9-1d38fa01f678',	CONV('1', 2, 10) + 0),
('17da268c-e129-4e11-bf77-1385f61806eb',	'87c4a6c4-b688-466c-a5c0-5b2f34ebd001',	CONV('0', 2, 10) + 0),
('17da268c-e129-4e11-bf77-1385f61806eb',	'b184b02c-f491-48a4-845c-92aca5f6c086',	CONV('1', 2, 10) + 0),
('17da268c-e129-4e11-bf77-1385f61806eb',	'd28c1173-add3-4b09-867f-781e09ca4bd8',	CONV('0', 2, 10) + 0),
('17da268c-e129-4e11-bf77-1385f61806eb',	'd87e72ef-46c6-43b0-9903-f4cba84e72a0',	CONV('1', 2, 10) + 0),
('17da268c-e129-4e11-bf77-1385f61806eb',	'e3f028a4-08d6-4b15-a707-15a34d70498c',	CONV('0', 2, 10) + 0),
('17da268c-e129-4e11-bf77-1385f61806eb',	'e7223b8f-94f3-4159-81a3-5694197a85ef',	CONV('1', 2, 10) + 0),
('32e494de-37a8-4e6b-aebb-fdaaf4ae2dbb',	'031e1f6a-80bf-41aa-a194-a4fe0e1d695d',	CONV('1', 2, 10) + 0),
('32e494de-37a8-4e6b-aebb-fdaaf4ae2dbb',	'46a94732-b9d1-4466-ab6b-22e93c0630be',	CONV('0', 2, 10) + 0),
('32e494de-37a8-4e6b-aebb-fdaaf4ae2dbb',	'5e1ec4e2-71d9-486f-b2e9-1d38fa01f678',	CONV('1', 2, 10) + 0),
('32e494de-37a8-4e6b-aebb-fdaaf4ae2dbb',	'87c4a6c4-b688-466c-a5c0-5b2f34ebd001',	CONV('0', 2, 10) + 0),
('32e494de-37a8-4e6b-aebb-fdaaf4ae2dbb',	'b184b02c-f491-48a4-845c-92aca5f6c086',	CONV('1', 2, 10) + 0),
('32e494de-37a8-4e6b-aebb-fdaaf4ae2dbb',	'd28c1173-add3-4b09-867f-781e09ca4bd8',	CONV('0', 2, 10) + 0),
('32e494de-37a8-4e6b-aebb-fdaaf4ae2dbb',	'd87e72ef-46c6-43b0-9903-f4cba84e72a0',	CONV('1', 2, 10) + 0),
('32e494de-37a8-4e6b-aebb-fdaaf4ae2dbb',	'e3f028a4-08d6-4b15-a707-15a34d70498c',	CONV('0', 2, 10) + 0),
('32e494de-37a8-4e6b-aebb-fdaaf4ae2dbb',	'e7223b8f-94f3-4159-81a3-5694197a85ef',	CONV('1', 2, 10) + 0),
('35762d11-817a-4fc7-bedd-a82dd8e1fe95',	'12a62d36-d6de-4c04-b7a9-c4cbd0313bec',	CONV('1', 2, 10) + 0),
('35762d11-817a-4fc7-bedd-a82dd8e1fe95',	'3a3b8bf0-f5e9-49b4-871f-2add6bc0c9f6',	CONV('0', 2, 10) + 0),
('35762d11-817a-4fc7-bedd-a82dd8e1fe95',	'60e35d68-aa6c-44f8-a03b-d46d5be76c8a',	CONV('1', 2, 10) + 0),
('35762d11-817a-4fc7-bedd-a82dd8e1fe95',	'776e8fc5-665e-4fd1-bf58-c431bfc40a05',	CONV('0', 2, 10) + 0),
('35762d11-817a-4fc7-bedd-a82dd8e1fe95',	'7e24cdf7-d2fd-4011-ae6c-25a314e20ef8',	CONV('0', 2, 10) + 0),
('35762d11-817a-4fc7-bedd-a82dd8e1fe95',	'8ad97144-4eab-4072-802b-078f91d2945c',	CONV('1', 2, 10) + 0),
('35762d11-817a-4fc7-bedd-a82dd8e1fe95',	'a28ad5c6-eb4f-4d5b-858b-c2cee0548aa1',	CONV('0', 2, 10) + 0),
('35762d11-817a-4fc7-bedd-a82dd8e1fe95',	'aed719a5-29cf-41c3-bc43-32a2cefa14f9',	CONV('1', 2, 10) + 0),
('35762d11-817a-4fc7-bedd-a82dd8e1fe95',	'af6356f3-670a-4b51-bee6-326795ddb10a',	CONV('1', 2, 10) + 0),
('3b2997cc-a417-4406-8ae7-21167b3d9e88',	'031e1f6a-80bf-41aa-a194-a4fe0e1d695d',	CONV('1', 2, 10) + 0),
('3b2997cc-a417-4406-8ae7-21167b3d9e88',	'46a94732-b9d1-4466-ab6b-22e93c0630be',	CONV('0', 2, 10) + 0),
('3b2997cc-a417-4406-8ae7-21167b3d9e88',	'5e1ec4e2-71d9-486f-b2e9-1d38fa01f678',	CONV('1', 2, 10) + 0),
('3b2997cc-a417-4406-8ae7-21167b3d9e88',	'87c4a6c4-b688-466c-a5c0-5b2f34ebd001',	CONV('0', 2, 10) + 0),
('3b2997cc-a417-4406-8ae7-21167b3d9e88',	'b184b02c-f491-48a4-845c-92aca5f6c086',	CONV('1', 2, 10) + 0),
('3b2997cc-a417-4406-8ae7-21167b3d9e88',	'd28c1173-add3-4b09-867f-781e09ca4bd8',	CONV('0', 2, 10) + 0),
('3b2997cc-a417-4406-8ae7-21167b3d9e88',	'd87e72ef-46c6-43b0-9903-f4cba84e72a0',	CONV('1', 2, 10) + 0),
('3b2997cc-a417-4406-8ae7-21167b3d9e88',	'e3f028a4-08d6-4b15-a707-15a34d70498c',	CONV('0', 2, 10) + 0),
('3b2997cc-a417-4406-8ae7-21167b3d9e88',	'e7223b8f-94f3-4159-81a3-5694197a85ef',	CONV('1', 2, 10) + 0),
('3e9d89d9-4463-40ab-9074-e681f40ba6a9',	'12a62d36-d6de-4c04-b7a9-c4cbd0313bec',	CONV('1', 2, 10) + 0),
('3e9d89d9-4463-40ab-9074-e681f40ba6a9',	'3a3b8bf0-f5e9-49b4-871f-2add6bc0c9f6',	CONV('0', 2, 10) + 0),
('3e9d89d9-4463-40ab-9074-e681f40ba6a9',	'60e35d68-aa6c-44f8-a03b-d46d5be76c8a',	CONV('1', 2, 10) + 0),
('3e9d89d9-4463-40ab-9074-e681f40ba6a9',	'776e8fc5-665e-4fd1-bf58-c431bfc40a05',	CONV('0', 2, 10) + 0),
('3e9d89d9-4463-40ab-9074-e681f40ba6a9',	'7e24cdf7-d2fd-4011-ae6c-25a314e20ef8',	CONV('0', 2, 10) + 0),
('3e9d89d9-4463-40ab-9074-e681f40ba6a9',	'8ad97144-4eab-4072-802b-078f91d2945c',	CONV('1', 2, 10) + 0),
('3e9d89d9-4463-40ab-9074-e681f40ba6a9',	'a28ad5c6-eb4f-4d5b-858b-c2cee0548aa1',	CONV('0', 2, 10) + 0),
('3e9d89d9-4463-40ab-9074-e681f40ba6a9',	'aed719a5-29cf-41c3-bc43-32a2cefa14f9',	CONV('1', 2, 10) + 0),
('3e9d89d9-4463-40ab-9074-e681f40ba6a9',	'af6356f3-670a-4b51-bee6-326795ddb10a',	CONV('1', 2, 10) + 0),
('4233eca9-3cc4-4907-92d6-e1c2da4c31a2',	'12a62d36-d6de-4c04-b7a9-c4cbd0313bec',	CONV('1', 2, 10) + 0),
('4233eca9-3cc4-4907-92d6-e1c2da4c31a2',	'3a3b8bf0-f5e9-49b4-871f-2add6bc0c9f6',	CONV('0', 2, 10) + 0),
('4233eca9-3cc4-4907-92d6-e1c2da4c31a2',	'60e35d68-aa6c-44f8-a03b-d46d5be76c8a',	CONV('1', 2, 10) + 0),
('4233eca9-3cc4-4907-92d6-e1c2da4c31a2',	'776e8fc5-665e-4fd1-bf58-c431bfc40a05',	CONV('0', 2, 10) + 0),
('4233eca9-3cc4-4907-92d6-e1c2da4c31a2',	'7e24cdf7-d2fd-4011-ae6c-25a314e20ef8',	CONV('0', 2, 10) + 0),
('4233eca9-3cc4-4907-92d6-e1c2da4c31a2',	'8ad97144-4eab-4072-802b-078f91d2945c',	CONV('1', 2, 10) + 0),
('4233eca9-3cc4-4907-92d6-e1c2da4c31a2',	'a28ad5c6-eb4f-4d5b-858b-c2cee0548aa1',	CONV('0', 2, 10) + 0),
('4233eca9-3cc4-4907-92d6-e1c2da4c31a2',	'aed719a5-29cf-41c3-bc43-32a2cefa14f9',	CONV('1', 2, 10) + 0),
('4233eca9-3cc4-4907-92d6-e1c2da4c31a2',	'af6356f3-670a-4b51-bee6-326795ddb10a',	CONV('1', 2, 10) + 0),
('4971f0ea-ca04-4a50-9225-3a22f898811f',	'0c868f7a-e012-47ab-b059-4ff9a5d1add5',	CONV('0', 2, 10) + 0),
('4971f0ea-ca04-4a50-9225-3a22f898811f',	'1528af3b-5715-4e57-aa72-3fef94e33fe4',	CONV('1', 2, 10) + 0),
('4971f0ea-ca04-4a50-9225-3a22f898811f',	'16d066de-8808-4fe6-8f99-adaf762cebdc',	CONV('1', 2, 10) + 0),
('4971f0ea-ca04-4a50-9225-3a22f898811f',	'204310fd-4382-4bc1-a6f1-e2c172557fb3',	CONV('0', 2, 10) + 0),
('4971f0ea-ca04-4a50-9225-3a22f898811f',	'59f01008-562f-45f1-b7f3-08f2e9ca5158',	CONV('0', 2, 10) + 0),
('4971f0ea-ca04-4a50-9225-3a22f898811f',	'5f9fc03a-1e10-4754-ab18-add2206b8a83',	CONV('0', 2, 10) + 0),
('4971f0ea-ca04-4a50-9225-3a22f898811f',	'76e0ad45-5da4-4a54-be54-472388854348',	CONV('1', 2, 10) + 0),
('4971f0ea-ca04-4a50-9225-3a22f898811f',	'8e8f2dad-8e65-4b36-9332-5f4f7aa94cdb',	CONV('1', 2, 10) + 0),
('4971f0ea-ca04-4a50-9225-3a22f898811f',	'd3ee2bb7-97d4-45a1-9a77-e137a5a3fc1a',	CONV('1', 2, 10) + 0),
('4c3e0fbc-619d-4ca7-a8a1-1cf2d59890fc',	'0c868f7a-e012-47ab-b059-4ff9a5d1add5',	CONV('0', 2, 10) + 0),
('4c3e0fbc-619d-4ca7-a8a1-1cf2d59890fc',	'1528af3b-5715-4e57-aa72-3fef94e33fe4',	CONV('1', 2, 10) + 0),
('4c3e0fbc-619d-4ca7-a8a1-1cf2d59890fc',	'16d066de-8808-4fe6-8f99-adaf762cebdc',	CONV('1', 2, 10) + 0),
('4c3e0fbc-619d-4ca7-a8a1-1cf2d59890fc',	'204310fd-4382-4bc1-a6f1-e2c172557fb3',	CONV('0', 2, 10) + 0),
('4c3e0fbc-619d-4ca7-a8a1-1cf2d59890fc',	'59f01008-562f-45f1-b7f3-08f2e9ca5158',	CONV('0', 2, 10) + 0),
('4c3e0fbc-619d-4ca7-a8a1-1cf2d59890fc',	'5f9fc03a-1e10-4754-ab18-add2206b8a83',	CONV('0', 2, 10) + 0),
('4c3e0fbc-619d-4ca7-a8a1-1cf2d59890fc',	'76e0ad45-5da4-4a54-be54-472388854348',	CONV('1', 2, 10) + 0),
('4c3e0fbc-619d-4ca7-a8a1-1cf2d59890fc',	'8e8f2dad-8e65-4b36-9332-5f4f7aa94cdb',	CONV('1', 2, 10) + 0),
('4c3e0fbc-619d-4ca7-a8a1-1cf2d59890fc',	'd3ee2bb7-97d4-45a1-9a77-e137a5a3fc1a',	CONV('1', 2, 10) + 0),
('5286d607-fd93-4672-973f-8ca88a107467',	'031e1f6a-80bf-41aa-a194-a4fe0e1d695d',	CONV('1', 2, 10) + 0),
('5286d607-fd93-4672-973f-8ca88a107467',	'46a94732-b9d1-4466-ab6b-22e93c0630be',	CONV('0', 2, 10) + 0),
('5286d607-fd93-4672-973f-8ca88a107467',	'5e1ec4e2-71d9-486f-b2e9-1d38fa01f678',	CONV('1', 2, 10) + 0),
('5286d607-fd93-4672-973f-8ca88a107467',	'87c4a6c4-b688-466c-a5c0-5b2f34ebd001',	CONV('0', 2, 10) + 0),
('5286d607-fd93-4672-973f-8ca88a107467',	'b184b02c-f491-48a4-845c-92aca5f6c086',	CONV('1', 2, 10) + 0),
('5286d607-fd93-4672-973f-8ca88a107467',	'd28c1173-add3-4b09-867f-781e09ca4bd8',	CONV('0', 2, 10) + 0),
('5286d607-fd93-4672-973f-8ca88a107467',	'd87e72ef-46c6-43b0-9903-f4cba84e72a0',	CONV('1', 2, 10) + 0),
('5286d607-fd93-4672-973f-8ca88a107467',	'e3f028a4-08d6-4b15-a707-15a34d70498c',	CONV('0', 2, 10) + 0),
('5286d607-fd93-4672-973f-8ca88a107467',	'e7223b8f-94f3-4159-81a3-5694197a85ef',	CONV('1', 2, 10) + 0),
('5d0a80de-f9f4-4149-90dd-d8bf7b819fce',	'0c868f7a-e012-47ab-b059-4ff9a5d1add5',	CONV('0', 2, 10) + 0),
('5d0a80de-f9f4-4149-90dd-d8bf7b819fce',	'1528af3b-5715-4e57-aa72-3fef94e33fe4',	CONV('1', 2, 10) + 0),
('5d0a80de-f9f4-4149-90dd-d8bf7b819fce',	'16d066de-8808-4fe6-8f99-adaf762cebdc',	CONV('1', 2, 10) + 0),
('5d0a80de-f9f4-4149-90dd-d8bf7b819fce',	'204310fd-4382-4bc1-a6f1-e2c172557fb3',	CONV('0', 2, 10) + 0),
('5d0a80de-f9f4-4149-90dd-d8bf7b819fce',	'59f01008-562f-45f1-b7f3-08f2e9ca5158',	CONV('0', 2, 10) + 0),
('5d0a80de-f9f4-4149-90dd-d8bf7b819fce',	'5f9fc03a-1e10-4754-ab18-add2206b8a83',	CONV('0', 2, 10) + 0),
('5d0a80de-f9f4-4149-90dd-d8bf7b819fce',	'76e0ad45-5da4-4a54-be54-472388854348',	CONV('1', 2, 10) + 0),
('5d0a80de-f9f4-4149-90dd-d8bf7b819fce',	'8e8f2dad-8e65-4b36-9332-5f4f7aa94cdb',	CONV('1', 2, 10) + 0),
('5d0a80de-f9f4-4149-90dd-d8bf7b819fce',	'd3ee2bb7-97d4-45a1-9a77-e137a5a3fc1a',	CONV('1', 2, 10) + 0),
('6b533f73-0aad-4cba-8f30-adb1d4c50da3',	'031e1f6a-80bf-41aa-a194-a4fe0e1d695d',	CONV('1', 2, 10) + 0),
('6b533f73-0aad-4cba-8f30-adb1d4c50da3',	'46a94732-b9d1-4466-ab6b-22e93c0630be',	CONV('0', 2, 10) + 0),
('6b533f73-0aad-4cba-8f30-adb1d4c50da3',	'5e1ec4e2-71d9-486f-b2e9-1d38fa01f678',	CONV('1', 2, 10) + 0),
('6b533f73-0aad-4cba-8f30-adb1d4c50da3',	'87c4a6c4-b688-466c-a5c0-5b2f34ebd001',	CONV('0', 2, 10) + 0),
('6b533f73-0aad-4cba-8f30-adb1d4c50da3',	'b184b02c-f491-48a4-845c-92aca5f6c086',	CONV('1', 2, 10) + 0),
('6b533f73-0aad-4cba-8f30-adb1d4c50da3',	'd28c1173-add3-4b09-867f-781e09ca4bd8',	CONV('0', 2, 10) + 0),
('6b533f73-0aad-4cba-8f30-adb1d4c50da3',	'd87e72ef-46c6-43b0-9903-f4cba84e72a0',	CONV('1', 2, 10) + 0),
('6b533f73-0aad-4cba-8f30-adb1d4c50da3',	'e3f028a4-08d6-4b15-a707-15a34d70498c',	CONV('0', 2, 10) + 0),
('6b533f73-0aad-4cba-8f30-adb1d4c50da3',	'e7223b8f-94f3-4159-81a3-5694197a85ef',	CONV('1', 2, 10) + 0),
('7a868d5e-300a-4e4f-9c0f-0d7a3218db03',	'0c868f7a-e012-47ab-b059-4ff9a5d1add5',	CONV('0', 2, 10) + 0),
('7a868d5e-300a-4e4f-9c0f-0d7a3218db03',	'1528af3b-5715-4e57-aa72-3fef94e33fe4',	CONV('1', 2, 10) + 0),
('7a868d5e-300a-4e4f-9c0f-0d7a3218db03',	'16d066de-8808-4fe6-8f99-adaf762cebdc',	CONV('1', 2, 10) + 0),
('7a868d5e-300a-4e4f-9c0f-0d7a3218db03',	'204310fd-4382-4bc1-a6f1-e2c172557fb3',	CONV('0', 2, 10) + 0),
('7a868d5e-300a-4e4f-9c0f-0d7a3218db03',	'59f01008-562f-45f1-b7f3-08f2e9ca5158',	CONV('0', 2, 10) + 0),
('7a868d5e-300a-4e4f-9c0f-0d7a3218db03',	'5f9fc03a-1e10-4754-ab18-add2206b8a83',	CONV('0', 2, 10) + 0),
('7a868d5e-300a-4e4f-9c0f-0d7a3218db03',	'76e0ad45-5da4-4a54-be54-472388854348',	CONV('1', 2, 10) + 0),
('7a868d5e-300a-4e4f-9c0f-0d7a3218db03',	'8e8f2dad-8e65-4b36-9332-5f4f7aa94cdb',	CONV('1', 2, 10) + 0),
('7a868d5e-300a-4e4f-9c0f-0d7a3218db03',	'd3ee2bb7-97d4-45a1-9a77-e137a5a3fc1a',	CONV('1', 2, 10) + 0),
('7ce013c5-2826-4a37-b615-c829b94cd793',	'12a62d36-d6de-4c04-b7a9-c4cbd0313bec',	CONV('1', 2, 10) + 0),
('7ce013c5-2826-4a37-b615-c829b94cd793',	'3a3b8bf0-f5e9-49b4-871f-2add6bc0c9f6',	CONV('0', 2, 10) + 0),
('7ce013c5-2826-4a37-b615-c829b94cd793',	'60e35d68-aa6c-44f8-a03b-d46d5be76c8a',	CONV('1', 2, 10) + 0),
('7ce013c5-2826-4a37-b615-c829b94cd793',	'776e8fc5-665e-4fd1-bf58-c431bfc40a05',	CONV('0', 2, 10) + 0),
('7ce013c5-2826-4a37-b615-c829b94cd793',	'7e24cdf7-d2fd-4011-ae6c-25a314e20ef8',	CONV('0', 2, 10) + 0),
('7ce013c5-2826-4a37-b615-c829b94cd793',	'8ad97144-4eab-4072-802b-078f91d2945c',	CONV('1', 2, 10) + 0),
('7ce013c5-2826-4a37-b615-c829b94cd793',	'a28ad5c6-eb4f-4d5b-858b-c2cee0548aa1',	CONV('0', 2, 10) + 0),
('7ce013c5-2826-4a37-b615-c829b94cd793',	'aed719a5-29cf-41c3-bc43-32a2cefa14f9',	CONV('1', 2, 10) + 0),
('7ce013c5-2826-4a37-b615-c829b94cd793',	'af6356f3-670a-4b51-bee6-326795ddb10a',	CONV('1', 2, 10) + 0),
('8f8ac6a0-9be6-4f0a-b6db-066ecd8cb5db',	'12a62d36-d6de-4c04-b7a9-c4cbd0313bec',	CONV('1', 2, 10) + 0),
('8f8ac6a0-9be6-4f0a-b6db-066ecd8cb5db',	'3a3b8bf0-f5e9-49b4-871f-2add6bc0c9f6',	CONV('0', 2, 10) + 0),
('8f8ac6a0-9be6-4f0a-b6db-066ecd8cb5db',	'60e35d68-aa6c-44f8-a03b-d46d5be76c8a',	CONV('1', 2, 10) + 0),
('8f8ac6a0-9be6-4f0a-b6db-066ecd8cb5db',	'776e8fc5-665e-4fd1-bf58-c431bfc40a05',	CONV('0', 2, 10) + 0),
('8f8ac6a0-9be6-4f0a-b6db-066ecd8cb5db',	'7e24cdf7-d2fd-4011-ae6c-25a314e20ef8',	CONV('0', 2, 10) + 0),
('8f8ac6a0-9be6-4f0a-b6db-066ecd8cb5db',	'8ad97144-4eab-4072-802b-078f91d2945c',	CONV('1', 2, 10) + 0),
('8f8ac6a0-9be6-4f0a-b6db-066ecd8cb5db',	'a28ad5c6-eb4f-4d5b-858b-c2cee0548aa1',	CONV('0', 2, 10) + 0),
('8f8ac6a0-9be6-4f0a-b6db-066ecd8cb5db',	'aed719a5-29cf-41c3-bc43-32a2cefa14f9',	CONV('1', 2, 10) + 0),
('8f8ac6a0-9be6-4f0a-b6db-066ecd8cb5db',	'af6356f3-670a-4b51-bee6-326795ddb10a',	CONV('1', 2, 10) + 0),
('9a27d6e7-cfc0-4fe7-8d1d-2e2bb01b6955',	'031e1f6a-80bf-41aa-a194-a4fe0e1d695d',	CONV('1', 2, 10) + 0),
('9a27d6e7-cfc0-4fe7-8d1d-2e2bb01b6955',	'46a94732-b9d1-4466-ab6b-22e93c0630be',	CONV('0', 2, 10) + 0),
('9a27d6e7-cfc0-4fe7-8d1d-2e2bb01b6955',	'5e1ec4e2-71d9-486f-b2e9-1d38fa01f678',	CONV('1', 2, 10) + 0),
('9a27d6e7-cfc0-4fe7-8d1d-2e2bb01b6955',	'87c4a6c4-b688-466c-a5c0-5b2f34ebd001',	CONV('0', 2, 10) + 0),
('9a27d6e7-cfc0-4fe7-8d1d-2e2bb01b6955',	'b184b02c-f491-48a4-845c-92aca5f6c086',	CONV('1', 2, 10) + 0),
('9a27d6e7-cfc0-4fe7-8d1d-2e2bb01b6955',	'd28c1173-add3-4b09-867f-781e09ca4bd8',	CONV('0', 2, 10) + 0),
('9a27d6e7-cfc0-4fe7-8d1d-2e2bb01b6955',	'd87e72ef-46c6-43b0-9903-f4cba84e72a0',	CONV('1', 2, 10) + 0),
('9a27d6e7-cfc0-4fe7-8d1d-2e2bb01b6955',	'e3f028a4-08d6-4b15-a707-15a34d70498c',	CONV('0', 2, 10) + 0),
('9a27d6e7-cfc0-4fe7-8d1d-2e2bb01b6955',	'e7223b8f-94f3-4159-81a3-5694197a85ef',	CONV('1', 2, 10) + 0),
('c60493bf-c4d1-41fa-962a-2604ddb6214b',	'0c868f7a-e012-47ab-b059-4ff9a5d1add5',	CONV('0', 2, 10) + 0),
('c60493bf-c4d1-41fa-962a-2604ddb6214b',	'1528af3b-5715-4e57-aa72-3fef94e33fe4',	CONV('1', 2, 10) + 0),
('c60493bf-c4d1-41fa-962a-2604ddb6214b',	'16d066de-8808-4fe6-8f99-adaf762cebdc',	CONV('1', 2, 10) + 0),
('c60493bf-c4d1-41fa-962a-2604ddb6214b',	'204310fd-4382-4bc1-a6f1-e2c172557fb3',	CONV('0', 2, 10) + 0),
('c60493bf-c4d1-41fa-962a-2604ddb6214b',	'59f01008-562f-45f1-b7f3-08f2e9ca5158',	CONV('0', 2, 10) + 0),
('c60493bf-c4d1-41fa-962a-2604ddb6214b',	'5f9fc03a-1e10-4754-ab18-add2206b8a83',	CONV('0', 2, 10) + 0),
('c60493bf-c4d1-41fa-962a-2604ddb6214b',	'76e0ad45-5da4-4a54-be54-472388854348',	CONV('1', 2, 10) + 0),
('c60493bf-c4d1-41fa-962a-2604ddb6214b',	'8e8f2dad-8e65-4b36-9332-5f4f7aa94cdb',	CONV('1', 2, 10) + 0),
('c60493bf-c4d1-41fa-962a-2604ddb6214b',	'd3ee2bb7-97d4-45a1-9a77-e137a5a3fc1a',	CONV('1', 2, 10) + 0),
('d6dc3b84-f07f-412b-97eb-3fd6acd3c371',	'12a62d36-d6de-4c04-b7a9-c4cbd0313bec',	CONV('1', 2, 10) + 0),
('d6dc3b84-f07f-412b-97eb-3fd6acd3c371',	'3a3b8bf0-f5e9-49b4-871f-2add6bc0c9f6',	CONV('0', 2, 10) + 0),
('d6dc3b84-f07f-412b-97eb-3fd6acd3c371',	'60e35d68-aa6c-44f8-a03b-d46d5be76c8a',	CONV('1', 2, 10) + 0),
('d6dc3b84-f07f-412b-97eb-3fd6acd3c371',	'776e8fc5-665e-4fd1-bf58-c431bfc40a05',	CONV('0', 2, 10) + 0),
('d6dc3b84-f07f-412b-97eb-3fd6acd3c371',	'7e24cdf7-d2fd-4011-ae6c-25a314e20ef8',	CONV('0', 2, 10) + 0),
('d6dc3b84-f07f-412b-97eb-3fd6acd3c371',	'8ad97144-4eab-4072-802b-078f91d2945c',	CONV('1', 2, 10) + 0),
('d6dc3b84-f07f-412b-97eb-3fd6acd3c371',	'a28ad5c6-eb4f-4d5b-858b-c2cee0548aa1',	CONV('0', 2, 10) + 0),
('d6dc3b84-f07f-412b-97eb-3fd6acd3c371',	'aed719a5-29cf-41c3-bc43-32a2cefa14f9',	CONV('1', 2, 10) + 0),
('d6dc3b84-f07f-412b-97eb-3fd6acd3c371',	'af6356f3-670a-4b51-bee6-326795ddb10a',	CONV('1', 2, 10) + 0),
('d887d393-5c50-4b59-a5af-03e2ea30b915',	'12a62d36-d6de-4c04-b7a9-c4cbd0313bec',	CONV('1', 2, 10) + 0),
('d887d393-5c50-4b59-a5af-03e2ea30b915',	'3a3b8bf0-f5e9-49b4-871f-2add6bc0c9f6',	CONV('0', 2, 10) + 0),
('d887d393-5c50-4b59-a5af-03e2ea30b915',	'60e35d68-aa6c-44f8-a03b-d46d5be76c8a',	CONV('1', 2, 10) + 0),
('d887d393-5c50-4b59-a5af-03e2ea30b915',	'776e8fc5-665e-4fd1-bf58-c431bfc40a05',	CONV('0', 2, 10) + 0),
('d887d393-5c50-4b59-a5af-03e2ea30b915',	'7e24cdf7-d2fd-4011-ae6c-25a314e20ef8',	CONV('0', 2, 10) + 0),
('d887d393-5c50-4b59-a5af-03e2ea30b915',	'8ad97144-4eab-4072-802b-078f91d2945c',	CONV('1', 2, 10) + 0),
('d887d393-5c50-4b59-a5af-03e2ea30b915',	'a28ad5c6-eb4f-4d5b-858b-c2cee0548aa1',	CONV('0', 2, 10) + 0),
('d887d393-5c50-4b59-a5af-03e2ea30b915',	'aed719a5-29cf-41c3-bc43-32a2cefa14f9',	CONV('1', 2, 10) + 0),
('d887d393-5c50-4b59-a5af-03e2ea30b915',	'af6356f3-670a-4b51-bee6-326795ddb10a',	CONV('1', 2, 10) + 0),
('d9e2ad8c-684e-4342-acde-beaf446b3f5c',	'031e1f6a-80bf-41aa-a194-a4fe0e1d695d',	CONV('1', 2, 10) + 0),
('d9e2ad8c-684e-4342-acde-beaf446b3f5c',	'46a94732-b9d1-4466-ab6b-22e93c0630be',	CONV('0', 2, 10) + 0),
('d9e2ad8c-684e-4342-acde-beaf446b3f5c',	'5e1ec4e2-71d9-486f-b2e9-1d38fa01f678',	CONV('1', 2, 10) + 0),
('d9e2ad8c-684e-4342-acde-beaf446b3f5c',	'87c4a6c4-b688-466c-a5c0-5b2f34ebd001',	CONV('0', 2, 10) + 0),
('d9e2ad8c-684e-4342-acde-beaf446b3f5c',	'b184b02c-f491-48a4-845c-92aca5f6c086',	CONV('1', 2, 10) + 0),
('d9e2ad8c-684e-4342-acde-beaf446b3f5c',	'd28c1173-add3-4b09-867f-781e09ca4bd8',	CONV('0', 2, 10) + 0),
('d9e2ad8c-684e-4342-acde-beaf446b3f5c',	'd87e72ef-46c6-43b0-9903-f4cba84e72a0',	CONV('1', 2, 10) + 0),
('d9e2ad8c-684e-4342-acde-beaf446b3f5c',	'e3f028a4-08d6-4b15-a707-15a34d70498c',	CONV('0', 2, 10) + 0),
('d9e2ad8c-684e-4342-acde-beaf446b3f5c',	'e7223b8f-94f3-4159-81a3-5694197a85ef',	CONV('1', 2, 10) + 0),
('dadfee8b-0fb9-4616-893a-6c0f89415f64',	'0c868f7a-e012-47ab-b059-4ff9a5d1add5',	CONV('0', 2, 10) + 0),
('dadfee8b-0fb9-4616-893a-6c0f89415f64',	'1528af3b-5715-4e57-aa72-3fef94e33fe4',	CONV('1', 2, 10) + 0),
('dadfee8b-0fb9-4616-893a-6c0f89415f64',	'16d066de-8808-4fe6-8f99-adaf762cebdc',	CONV('1', 2, 10) + 0),
('dadfee8b-0fb9-4616-893a-6c0f89415f64',	'204310fd-4382-4bc1-a6f1-e2c172557fb3',	CONV('0', 2, 10) + 0),
('dadfee8b-0fb9-4616-893a-6c0f89415f64',	'59f01008-562f-45f1-b7f3-08f2e9ca5158',	CONV('0', 2, 10) + 0),
('dadfee8b-0fb9-4616-893a-6c0f89415f64',	'5f9fc03a-1e10-4754-ab18-add2206b8a83',	CONV('0', 2, 10) + 0),
('dadfee8b-0fb9-4616-893a-6c0f89415f64',	'76e0ad45-5da4-4a54-be54-472388854348',	CONV('1', 2, 10) + 0),
('dadfee8b-0fb9-4616-893a-6c0f89415f64',	'8e8f2dad-8e65-4b36-9332-5f4f7aa94cdb',	CONV('1', 2, 10) + 0),
('dadfee8b-0fb9-4616-893a-6c0f89415f64',	'd3ee2bb7-97d4-45a1-9a77-e137a5a3fc1a',	CONV('1', 2, 10) + 0),
('e3f7eae3-2213-4c89-96b0-caf8ddabd94a',	'031e1f6a-80bf-41aa-a194-a4fe0e1d695d',	CONV('1', 2, 10) + 0),
('e3f7eae3-2213-4c89-96b0-caf8ddabd94a',	'46a94732-b9d1-4466-ab6b-22e93c0630be',	CONV('0', 2, 10) + 0),
('e3f7eae3-2213-4c89-96b0-caf8ddabd94a',	'5e1ec4e2-71d9-486f-b2e9-1d38fa01f678',	CONV('1', 2, 10) + 0),
('e3f7eae3-2213-4c89-96b0-caf8ddabd94a',	'87c4a6c4-b688-466c-a5c0-5b2f34ebd001',	CONV('0', 2, 10) + 0),
('e3f7eae3-2213-4c89-96b0-caf8ddabd94a',	'b184b02c-f491-48a4-845c-92aca5f6c086',	CONV('1', 2, 10) + 0),
('e3f7eae3-2213-4c89-96b0-caf8ddabd94a',	'd28c1173-add3-4b09-867f-781e09ca4bd8',	CONV('0', 2, 10) + 0),
('e3f7eae3-2213-4c89-96b0-caf8ddabd94a',	'd87e72ef-46c6-43b0-9903-f4cba84e72a0',	CONV('1', 2, 10) + 0),
('e3f7eae3-2213-4c89-96b0-caf8ddabd94a',	'e3f028a4-08d6-4b15-a707-15a34d70498c',	CONV('0', 2, 10) + 0),
('e3f7eae3-2213-4c89-96b0-caf8ddabd94a',	'e7223b8f-94f3-4159-81a3-5694197a85ef',	CONV('1', 2, 10) + 0),
('f1636108-2568-4fe2-9a8f-c9d6d463d2f2',	'0c868f7a-e012-47ab-b059-4ff9a5d1add5',	CONV('0', 2, 10) + 0),
('f1636108-2568-4fe2-9a8f-c9d6d463d2f2',	'1528af3b-5715-4e57-aa72-3fef94e33fe4',	CONV('1', 2, 10) + 0),
('f1636108-2568-4fe2-9a8f-c9d6d463d2f2',	'16d066de-8808-4fe6-8f99-adaf762cebdc',	CONV('1', 2, 10) + 0),
('f1636108-2568-4fe2-9a8f-c9d6d463d2f2',	'204310fd-4382-4bc1-a6f1-e2c172557fb3',	CONV('0', 2, 10) + 0),
('f1636108-2568-4fe2-9a8f-c9d6d463d2f2',	'59f01008-562f-45f1-b7f3-08f2e9ca5158',	CONV('0', 2, 10) + 0),
('f1636108-2568-4fe2-9a8f-c9d6d463d2f2',	'5f9fc03a-1e10-4754-ab18-add2206b8a83',	CONV('0', 2, 10) + 0),
('f1636108-2568-4fe2-9a8f-c9d6d463d2f2',	'76e0ad45-5da4-4a54-be54-472388854348',	CONV('1', 2, 10) + 0),
('f1636108-2568-4fe2-9a8f-c9d6d463d2f2',	'8e8f2dad-8e65-4b36-9332-5f4f7aa94cdb',	CONV('1', 2, 10) + 0),
('f1636108-2568-4fe2-9a8f-c9d6d463d2f2',	'd3ee2bb7-97d4-45a1-9a77-e137a5a3fc1a',	CONV('1', 2, 10) + 0),
('f9303f24-cb8e-4c89-a103-8ecd866be620',	'031e1f6a-80bf-41aa-a194-a4fe0e1d695d',	CONV('1', 2, 10) + 0),
('f9303f24-cb8e-4c89-a103-8ecd866be620',	'46a94732-b9d1-4466-ab6b-22e93c0630be',	CONV('0', 2, 10) + 0),
('f9303f24-cb8e-4c89-a103-8ecd866be620',	'5e1ec4e2-71d9-486f-b2e9-1d38fa01f678',	CONV('1', 2, 10) + 0),
('f9303f24-cb8e-4c89-a103-8ecd866be620',	'87c4a6c4-b688-466c-a5c0-5b2f34ebd001',	CONV('0', 2, 10) + 0),
('f9303f24-cb8e-4c89-a103-8ecd866be620',	'b184b02c-f491-48a4-845c-92aca5f6c086',	CONV('1', 2, 10) + 0),
('f9303f24-cb8e-4c89-a103-8ecd866be620',	'd28c1173-add3-4b09-867f-781e09ca4bd8',	CONV('0', 2, 10) + 0),
('f9303f24-cb8e-4c89-a103-8ecd866be620',	'd87e72ef-46c6-43b0-9903-f4cba84e72a0',	CONV('1', 2, 10) + 0),
('f9303f24-cb8e-4c89-a103-8ecd866be620',	'e3f028a4-08d6-4b15-a707-15a34d70498c',	CONV('0', 2, 10) + 0),
('f9303f24-cb8e-4c89-a103-8ecd866be620',	'e7223b8f-94f3-4159-81a3-5694197a85ef',	CONV('1', 2, 10) + 0);

DROP TABLE IF EXISTS `CLIENT_SCOPE_ROLE_MAPPING`;
CREATE TABLE `CLIENT_SCOPE_ROLE_MAPPING` (
  `SCOPE_ID` varchar(36) NOT NULL,
  `ROLE_ID` varchar(36) NOT NULL,
  PRIMARY KEY (`SCOPE_ID`,`ROLE_ID`),
  KEY `IDX_CLSCOPE_ROLE` (`SCOPE_ID`),
  KEY `IDX_ROLE_CLSCOPE` (`ROLE_ID`),
  CONSTRAINT `FK_CL_SCOPE_RM_SCOPE` FOREIGN KEY (`SCOPE_ID`) REFERENCES `CLIENT_SCOPE` (`ID`)
) ENGINE=InnoDB DEFAULT CHARSET=utf8mb4 COLLATE=utf8mb4_0900_ai_ci;

INSERT INTO `CLIENT_SCOPE_ROLE_MAPPING` (`SCOPE_ID`, `ROLE_ID`) VALUES
('59f01008-562f-45f1-b7f3-08f2e9ca5158',	'0bf1d8b2-3665-4412-b420-2bda442e86f0'),
('776e8fc5-665e-4fd1-bf58-c431bfc40a05',	'fdbc9485-c534-4142-b38b-058e15954399'),
('e3f028a4-08d6-4b15-a707-15a34d70498c',	'fcf28d8e-734a-4d2b-ad2c-47b90a562be4');

DROP TABLE IF EXISTS `CLIENT_SESSION`;
CREATE TABLE `CLIENT_SESSION` (
  `ID` varchar(36) NOT NULL,
  `CLIENT_ID` varchar(36) DEFAULT NULL,
  `REDIRECT_URI` varchar(255) DEFAULT NULL,
  `STATE` varchar(255) DEFAULT NULL,
  `TIMESTAMP` int DEFAULT NULL,
  `SESSION_ID` varchar(36) DEFAULT NULL,
  `AUTH_METHOD` varchar(255) DEFAULT NULL,
  `REALM_ID` varchar(255) DEFAULT NULL,
  `AUTH_USER_ID` varchar(36) DEFAULT NULL,
  `CURRENT_ACTION` varchar(36) DEFAULT NULL,
  PRIMARY KEY (`ID`),
  KEY `IDX_CLIENT_SESSION_SESSION` (`SESSION_ID`),
  CONSTRAINT `FK_B4AO2VCVAT6UKAU74WBWTFQO1` FOREIGN KEY (`SESSION_ID`) REFERENCES `USER_SESSION` (`ID`)
) ENGINE=InnoDB DEFAULT CHARSET=utf8mb4 COLLATE=utf8mb4_0900_ai_ci;


DROP TABLE IF EXISTS `CLIENT_SESSION_AUTH_STATUS`;
CREATE TABLE `CLIENT_SESSION_AUTH_STATUS` (
  `AUTHENTICATOR` varchar(36) NOT NULL,
  `STATUS` int DEFAULT NULL,
  `CLIENT_SESSION` varchar(36) NOT NULL,
  PRIMARY KEY (`CLIENT_SESSION`,`AUTHENTICATOR`),
  CONSTRAINT `AUTH_STATUS_CONSTRAINT` FOREIGN KEY (`CLIENT_SESSION`) REFERENCES `CLIENT_SESSION` (`ID`)
) ENGINE=InnoDB DEFAULT CHARSET=utf8mb4 COLLATE=utf8mb4_0900_ai_ci;


DROP TABLE IF EXISTS `CLIENT_SESSION_NOTE`;
CREATE TABLE `CLIENT_SESSION_NOTE` (
  `NAME` varchar(255) NOT NULL,
  `VALUE` varchar(255) DEFAULT NULL,
  `CLIENT_SESSION` varchar(36) NOT NULL,
  PRIMARY KEY (`CLIENT_SESSION`,`NAME`),
  CONSTRAINT `FK5EDFB00FF51C2736` FOREIGN KEY (`CLIENT_SESSION`) REFERENCES `CLIENT_SESSION` (`ID`)
) ENGINE=InnoDB DEFAULT CHARSET=utf8mb4 COLLATE=utf8mb4_0900_ai_ci;


DROP TABLE IF EXISTS `CLIENT_SESSION_PROT_MAPPER`;
CREATE TABLE `CLIENT_SESSION_PROT_MAPPER` (
  `PROTOCOL_MAPPER_ID` varchar(36) NOT NULL,
  `CLIENT_SESSION` varchar(36) NOT NULL,
  PRIMARY KEY (`CLIENT_SESSION`,`PROTOCOL_MAPPER_ID`),
  CONSTRAINT `FK_33A8SGQW18I532811V7O2DK89` FOREIGN KEY (`CLIENT_SESSION`) REFERENCES `CLIENT_SESSION` (`ID`)
) ENGINE=InnoDB DEFAULT CHARSET=utf8mb4 COLLATE=utf8mb4_0900_ai_ci;


DROP TABLE IF EXISTS `CLIENT_SESSION_ROLE`;
CREATE TABLE `CLIENT_SESSION_ROLE` (
  `ROLE_ID` varchar(255) NOT NULL,
  `CLIENT_SESSION` varchar(36) NOT NULL,
  PRIMARY KEY (`CLIENT_SESSION`,`ROLE_ID`),
  CONSTRAINT `FK_11B7SGQW18I532811V7O2DV76` FOREIGN KEY (`CLIENT_SESSION`) REFERENCES `CLIENT_SESSION` (`ID`)
) ENGINE=InnoDB DEFAULT CHARSET=utf8mb4 COLLATE=utf8mb4_0900_ai_ci;


DROP TABLE IF EXISTS `CLIENT_USER_SESSION_NOTE`;
CREATE TABLE `CLIENT_USER_SESSION_NOTE` (
  `NAME` varchar(255) NOT NULL,
  `VALUE` text,
  `CLIENT_SESSION` varchar(36) NOT NULL,
  PRIMARY KEY (`CLIENT_SESSION`,`NAME`),
  CONSTRAINT `FK_CL_USR_SES_NOTE` FOREIGN KEY (`CLIENT_SESSION`) REFERENCES `CLIENT_SESSION` (`ID`)
) ENGINE=InnoDB DEFAULT CHARSET=utf8mb4 COLLATE=utf8mb4_0900_ai_ci;


DROP TABLE IF EXISTS `COMPONENT`;
CREATE TABLE `COMPONENT` (
  `ID` varchar(36) NOT NULL,
  `NAME` varchar(255) DEFAULT NULL,
  `PARENT_ID` varchar(36) DEFAULT NULL,
  `PROVIDER_ID` varchar(36) DEFAULT NULL,
  `PROVIDER_TYPE` varchar(255) DEFAULT NULL,
  `REALM_ID` varchar(36) DEFAULT NULL,
  `SUB_TYPE` varchar(255) DEFAULT NULL,
  PRIMARY KEY (`ID`),
  KEY `IDX_COMPONENT_REALM` (`REALM_ID`),
  KEY `IDX_COMPONENT_PROVIDER_TYPE` (`PROVIDER_TYPE`),
  CONSTRAINT `FK_COMPONENT_REALM` FOREIGN KEY (`REALM_ID`) REFERENCES `REALM` (`ID`)
) ENGINE=InnoDB DEFAULT CHARSET=utf8mb4 COLLATE=utf8mb4_0900_ai_ci;

INSERT INTO `COMPONENT` (`ID`, `NAME`, `PARENT_ID`, `PROVIDER_ID`, `PROVIDER_TYPE`, `REALM_ID`, `SUB_TYPE`) VALUES
('0533b291-72b4-4a91-974c-ee9c1c0baddd',	'Allowed Client Scopes',	'6b962f6f-6e63-4547-bf35-50e79dd06c0d',	'allowed-client-templates',	'org.keycloak.services.clientregistration.policy.ClientRegistrationPolicy',	'6b962f6f-6e63-4547-bf35-50e79dd06c0d',	'authenticated'),
('05b07d9a-7697-4b90-a30b-ec141a790ead',	'Allowed Protocol Mapper Types',	'6b962f6f-6e63-4547-bf35-50e79dd06c0d',	'allowed-protocol-mappers',	'org.keycloak.services.clientregistration.policy.ClientRegistrationPolicy',	'6b962f6f-6e63-4547-bf35-50e79dd06c0d',	'authenticated'),
('22814cd7-e64c-401d-b157-84e19af77d2f',	'rsa-enc-generated',	'f0d9d1ed-4880-4b89-95f9-0deb74dc4ead',	'rsa-enc-generated',	'org.keycloak.keys.KeyProvider',	'f0d9d1ed-4880-4b89-95f9-0deb74dc4ead',	NULL),
('281c2521-b967-44f7-adac-74dc65de448d',	'Consent Required',	'f0d9d1ed-4880-4b89-95f9-0deb74dc4ead',	'consent-required',	'org.keycloak.services.clientregistration.policy.ClientRegistrationPolicy',	'f0d9d1ed-4880-4b89-95f9-0deb74dc4ead',	'anonymous'),
('33fd5cea-b442-4976-aca0-894f84bce30e',	'aes-generated',	'841f5ece-1c66-4bb9-93e5-6a5f6101ad0b',	'aes-generated',	'org.keycloak.keys.KeyProvider',	'841f5ece-1c66-4bb9-93e5-6a5f6101ad0b',	NULL),
('4515101e-bea2-472f-bf3d-c7420c2649d7',	'Allowed Client Scopes',	'f0d9d1ed-4880-4b89-95f9-0deb74dc4ead',	'allowed-client-templates',	'org.keycloak.services.clientregistration.policy.ClientRegistrationPolicy',	'f0d9d1ed-4880-4b89-95f9-0deb74dc4ead',	'authenticated'),
('5372c7b7-8922-4589-b62d-69367038641a',	'Consent Required',	'6b962f6f-6e63-4547-bf35-50e79dd06c0d',	'consent-required',	'org.keycloak.services.clientregistration.policy.ClientRegistrationPolicy',	'6b962f6f-6e63-4547-bf35-50e79dd06c0d',	'anonymous'),
('542b6b74-d862-42d0-b882-267d4f305f3a',	'Allowed Client Scopes',	'841f5ece-1c66-4bb9-93e5-6a5f6101ad0b',	'allowed-client-templates',	'org.keycloak.services.clientregistration.policy.ClientRegistrationPolicy',	'841f5ece-1c66-4bb9-93e5-6a5f6101ad0b',	'authenticated'),
('560ece1f-258a-4837-8d61-0249903f73b3',	'Allowed Protocol Mapper Types',	'6b962f6f-6e63-4547-bf35-50e79dd06c0d',	'allowed-protocol-mappers',	'org.keycloak.services.clientregistration.policy.ClientRegistrationPolicy',	'6b962f6f-6e63-4547-bf35-50e79dd06c0d',	'anonymous'),
('5f5a70f8-d3f8-4883-ab30-1ae9535423a3',	'Allowed Client Scopes',	'6b962f6f-6e63-4547-bf35-50e79dd06c0d',	'allowed-client-templates',	'org.keycloak.services.clientregistration.policy.ClientRegistrationPolicy',	'6b962f6f-6e63-4547-bf35-50e79dd06c0d',	'anonymous'),
('607a88f0-bf89-4224-9e6b-51689a1cf570',	'aes-generated',	'f0d9d1ed-4880-4b89-95f9-0deb74dc4ead',	'aes-generated',	'org.keycloak.keys.KeyProvider',	'f0d9d1ed-4880-4b89-95f9-0deb74dc4ead',	NULL),
('67068254-00f6-4962-9d5b-521424df8539',	'rsa-enc-generated',	'841f5ece-1c66-4bb9-93e5-6a5f6101ad0b',	'rsa-enc-generated',	'org.keycloak.keys.KeyProvider',	'841f5ece-1c66-4bb9-93e5-6a5f6101ad0b',	NULL),
('726e76dd-5475-4667-89e6-abd754a7df73',	'Full Scope Disabled',	'6b962f6f-6e63-4547-bf35-50e79dd06c0d',	'scope',	'org.keycloak.services.clientregistration.policy.ClientRegistrationPolicy',	'6b962f6f-6e63-4547-bf35-50e79dd06c0d',	'anonymous'),
('76649927-3218-4ea9-b01c-6f95888b9d97',	'rsa-enc-generated',	'6b962f6f-6e63-4547-bf35-50e79dd06c0d',	'rsa-enc-generated',	'org.keycloak.keys.KeyProvider',	'6b962f6f-6e63-4547-bf35-50e79dd06c0d',	NULL),
('78c9503e-69df-4b26-b41c-26ac5ef37431',	'hmac-generated',	'f0d9d1ed-4880-4b89-95f9-0deb74dc4ead',	'hmac-generated',	'org.keycloak.keys.KeyProvider',	'f0d9d1ed-4880-4b89-95f9-0deb74dc4ead',	NULL),
('80eabe50-9de4-4586-acbd-193a5b98f889',	'rsa-generated',	'841f5ece-1c66-4bb9-93e5-6a5f6101ad0b',	'rsa-generated',	'org.keycloak.keys.KeyProvider',	'841f5ece-1c66-4bb9-93e5-6a5f6101ad0b',	NULL),
('847e6f2a-cff1-47e4-8591-119e495fa843',	'Consent Required',	'841f5ece-1c66-4bb9-93e5-6a5f6101ad0b',	'consent-required',	'org.keycloak.services.clientregistration.policy.ClientRegistrationPolicy',	'841f5ece-1c66-4bb9-93e5-6a5f6101ad0b',	'anonymous'),
('859f44fa-3b0e-4ed1-a859-ee71ff042bb2',	'aes-generated',	'6b962f6f-6e63-4547-bf35-50e79dd06c0d',	'aes-generated',	'org.keycloak.keys.KeyProvider',	'6b962f6f-6e63-4547-bf35-50e79dd06c0d',	NULL),
('891dd49e-ecc7-4a00-80ab-c9e1128fa406',	'Max Clients Limit',	'841f5ece-1c66-4bb9-93e5-6a5f6101ad0b',	'max-clients',	'org.keycloak.services.clientregistration.policy.ClientRegistrationPolicy',	'841f5ece-1c66-4bb9-93e5-6a5f6101ad0b',	'anonymous'),
('8aefcdaa-ce72-4e33-9a85-57c84f80414e',	'Full Scope Disabled',	'f0d9d1ed-4880-4b89-95f9-0deb74dc4ead',	'scope',	'org.keycloak.services.clientregistration.policy.ClientRegistrationPolicy',	'f0d9d1ed-4880-4b89-95f9-0deb74dc4ead',	'anonymous'),
('8c6821b7-30d3-4742-a5d1-b219b5cae0db',	'Full Scope Disabled',	'841f5ece-1c66-4bb9-93e5-6a5f6101ad0b',	'scope',	'org.keycloak.services.clientregistration.policy.ClientRegistrationPolicy',	'841f5ece-1c66-4bb9-93e5-6a5f6101ad0b',	'anonymous'),
('8f6490bd-20d4-48d7-8e5a-337fd272fbac',	'Trusted Hosts',	'841f5ece-1c66-4bb9-93e5-6a5f6101ad0b',	'trusted-hosts',	'org.keycloak.services.clientregistration.policy.ClientRegistrationPolicy',	'841f5ece-1c66-4bb9-93e5-6a5f6101ad0b',	'anonymous'),
('8f6d91e4-e1c9-4b4e-97bd-1bdaf4c3711a',	'hmac-generated',	'6b962f6f-6e63-4547-bf35-50e79dd06c0d',	'hmac-generated',	'org.keycloak.keys.KeyProvider',	'6b962f6f-6e63-4547-bf35-50e79dd06c0d',	NULL),
('9959ec07-cb66-4635-8856-b63db1d40765',	'Allowed Protocol Mapper Types',	'841f5ece-1c66-4bb9-93e5-6a5f6101ad0b',	'allowed-protocol-mappers',	'org.keycloak.services.clientregistration.policy.ClientRegistrationPolicy',	'841f5ece-1c66-4bb9-93e5-6a5f6101ad0b',	'authenticated'),
('9e57eaff-3e6b-4a3d-a4de-2925da22eba2',	'hmac-generated',	'841f5ece-1c66-4bb9-93e5-6a5f6101ad0b',	'hmac-generated',	'org.keycloak.keys.KeyProvider',	'841f5ece-1c66-4bb9-93e5-6a5f6101ad0b',	NULL),
('9fbbdd90-8cee-42ca-957b-e3712d2f304b',	'Allowed Client Scopes',	'f0d9d1ed-4880-4b89-95f9-0deb74dc4ead',	'allowed-client-templates',	'org.keycloak.services.clientregistration.policy.ClientRegistrationPolicy',	'f0d9d1ed-4880-4b89-95f9-0deb74dc4ead',	'anonymous'),
('affbe8a1-acd8-4c3c-bbf6-e2631987c828',	'Allowed Protocol Mapper Types',	'841f5ece-1c66-4bb9-93e5-6a5f6101ad0b',	'allowed-protocol-mappers',	'org.keycloak.services.clientregistration.policy.ClientRegistrationPolicy',	'841f5ece-1c66-4bb9-93e5-6a5f6101ad0b',	'anonymous'),
('b3a82437-13a1-43a3-a521-4ae628614ded',	'Max Clients Limit',	'f0d9d1ed-4880-4b89-95f9-0deb74dc4ead',	'max-clients',	'org.keycloak.services.clientregistration.policy.ClientRegistrationPolicy',	'f0d9d1ed-4880-4b89-95f9-0deb74dc4ead',	'anonymous'),
('bf7e48df-6113-4f6e-9546-7ce861a8bd3c',	'Max Clients Limit',	'6b962f6f-6e63-4547-bf35-50e79dd06c0d',	'max-clients',	'org.keycloak.services.clientregistration.policy.ClientRegistrationPolicy',	'6b962f6f-6e63-4547-bf35-50e79dd06c0d',	'anonymous'),
('c83d9f06-a240-4649-92e0-b87a84aa3df0',	'Trusted Hosts',	'f0d9d1ed-4880-4b89-95f9-0deb74dc4ead',	'trusted-hosts',	'org.keycloak.services.clientregistration.policy.ClientRegistrationPolicy',	'f0d9d1ed-4880-4b89-95f9-0deb74dc4ead',	'anonymous'),
('cacd7d32-753f-4ff0-b89d-8c388820a8f5',	'Allowed Protocol Mapper Types',	'f0d9d1ed-4880-4b89-95f9-0deb74dc4ead',	'allowed-protocol-mappers',	'org.keycloak.services.clientregistration.policy.ClientRegistrationPolicy',	'f0d9d1ed-4880-4b89-95f9-0deb74dc4ead',	'authenticated'),
('cfe5f25a-b646-456c-b9ec-aeb28daa9bce',	'Trusted Hosts',	'6b962f6f-6e63-4547-bf35-50e79dd06c0d',	'trusted-hosts',	'org.keycloak.services.clientregistration.policy.ClientRegistrationPolicy',	'6b962f6f-6e63-4547-bf35-50e79dd06c0d',	'anonymous'),
('d4d4235e-e66c-4b50-b284-45564791336a',	'rsa-generated',	'6b962f6f-6e63-4547-bf35-50e79dd06c0d',	'rsa-generated',	'org.keycloak.keys.KeyProvider',	'6b962f6f-6e63-4547-bf35-50e79dd06c0d',	NULL),
('dae0f604-3b3b-45ca-9175-35cb72319770',	'Allowed Protocol Mapper Types',	'f0d9d1ed-4880-4b89-95f9-0deb74dc4ead',	'allowed-protocol-mappers',	'org.keycloak.services.clientregistration.policy.ClientRegistrationPolicy',	'f0d9d1ed-4880-4b89-95f9-0deb74dc4ead',	'anonymous'),
('e193423f-814e-43c6-9ca2-e777d4645cdf',	'rsa-generated',	'f0d9d1ed-4880-4b89-95f9-0deb74dc4ead',	'rsa-generated',	'org.keycloak.keys.KeyProvider',	'f0d9d1ed-4880-4b89-95f9-0deb74dc4ead',	NULL),
('f78722fa-61bc-4039-98d7-031c9dfb30e0',	'Allowed Client Scopes',	'841f5ece-1c66-4bb9-93e5-6a5f6101ad0b',	'allowed-client-templates',	'org.keycloak.services.clientregistration.policy.ClientRegistrationPolicy',	'841f5ece-1c66-4bb9-93e5-6a5f6101ad0b',	'anonymous');

DROP TABLE IF EXISTS `COMPONENT_CONFIG`;
CREATE TABLE `COMPONENT_CONFIG` (
  `ID` varchar(36) NOT NULL,
  `COMPONENT_ID` varchar(36) NOT NULL,
  `NAME` varchar(255) NOT NULL,
  `VALUE` varchar(4000) CHARACTER SET utf8 COLLATE utf8_general_ci DEFAULT NULL,
  PRIMARY KEY (`ID`),
  KEY `IDX_COMPO_CONFIG_COMPO` (`COMPONENT_ID`),
  CONSTRAINT `FK_COMPONENT_CONFIG` FOREIGN KEY (`COMPONENT_ID`) REFERENCES `COMPONENT` (`ID`)
) ENGINE=InnoDB DEFAULT CHARSET=utf8mb4 COLLATE=utf8mb4_0900_ai_ci;

INSERT INTO `COMPONENT_CONFIG` (`ID`, `COMPONENT_ID`, `NAME`, `VALUE`) VALUES
('055b0f11-2667-48ca-8ca6-e3bf5559782f',	'33fd5cea-b442-4976-aca0-894f84bce30e',	'secret',	'cU9kU6TWPe7dqs1eyjlmvQ'),
('062915c2-c52f-487e-a33b-f5df7b933813',	'22814cd7-e64c-401d-b157-84e19af77d2f',	'priority',	'100'),
('07267840-1f14-4f87-ae32-c7a61172543d',	'd4d4235e-e66c-4b50-b284-45564791336a',	'privateKey',	'MIIEpAIBAAKCAQEAuFaphDu14OqStXTWlYAx5Zx2h26xIitTzvQj3GYmF3iVHp2jsYwdl5AB5/mJfugrpZ6IonnMe70l+5i3IJ6T/KUCCxmjcVeeJPKBK1MDvqpjYZ3bue4BWIfH6Ow4bwKDEKklxvNeIES7iUEQT4kYrDym+I3SlziyKwqK3k/IcYjk4V5tpJL04xtiycpuFoie4UMfhFtBO7S7fAwNYqQsu8hCPCoKG275iJzoXgYfN/SrvF/A221DyYfMxfbFkdx7cl+JoSvpIjzuQqdKj5VjSlEeVXE7N/9sQhGA0JwLSYsbcgnO6ifvlBJT7EIVE4Ch7WnR1dTxn4XSzvu2EEIB4wIDAQABAoIBACfV3oMrbiYBOxwIeDjNf7rpYXnp81B5gX53JurBjljDH6KCmXXMXDa9EZRiShLJNGlxhYBrBsP0v6kLuwNLEZrmw7bHXxkmwI+mckB9C5Gf+6MEPJAE/Xh2uz48EgP3TICEtRu1yvD5OXezPkWZ0GGkJ8cNyuUQBPylJhZdsmjKOPRVH9s4z3wzbE7vZs11Ouw39AuGT49twbPSfsVP+msDnz/bzHUyopMCUhHLHhwPTg+/qxIeEto06nFuoP9V7bn6d2DZnaObgqbcgIw+8NsyMZgJSuo7qglNyenDmwrUhaax2Vn68MfMhSm9mnII77JjdB+EPyJkvKO5OKQWGvECgYEA5hwc+4lEORlJyrwfXv1ZRJwEe2k2+EegCWMI9U81Qw+2ipSNrifQg/56/EqE0YZ2YKoE2vo2Rf83NF9Nrg2j/soUrqW3m1fTW3zwlYzwC+FycKBmlFykRx+JKpoE4DA85u+dHOnq2aSEddU1rprxNQTflwSQQSkuqIQTz6JXxNMCgYEAzRQxExfsocJDwI4VrOdQHgrhPPJ928w6DmRQDz/Su5jID/cEcY1qh/vCcZ5xMMlox93lBzvRUvDZCeAQ5y6h8M5I0w8s2+rfv7hqhM5zr2HyJBv3xbrj6VlzSJCioclRhbrJBrUsUxmstKoVApS70x8pocTxYj7Lqe+yhkA95LECgYBtf59DCvTN/vygXpjHCOP7xApV96FS0DKVhOz0XrbHrKh+lWY+I3AT/3rip0tAsS2PnhglY7+D24iXgWpjktYhHmRtHyqZ31cSSAfsAl8QKD3e3lUx8Eu0FIufHB+J1yqD8i3fXmiFHMZzk/uxlMWHJ0SGhoNmnoQ3aHJM8cG2RQKBgQCiqmRun6hrehqhjlH1DpkG61xTKojYIfre1YSHQ/mUIZB20Vkt9JzOdcx6sNFZgDhjaEc04KadYjrVUWw2409CIW20M7JCUd/eQ5oB83vhXhBhwelbZm1G91Ow+EB3kabfKxQvBN++nnvV5Z66qFz/DhXIod1RLzv+dAkn4ab2UQKBgQCPUxcaI0nvjVts2ahmKJkpmq1156AdLhWUIpFi8HlJDb0+I8QoyVobnqyLziiObW3jRzlzDUryWg4TB8yZes84e3J/J0p7wILgQ3gFJkyv2QS8EhpKxVq/n/NI8VYmrcZGYDRrKF13X+sM58pN+gfCrN9eulp55YSsb+vHXAavMQ=='),
('09b67950-cc43-4f63-a2a8-887af63c9d96',	'859f44fa-3b0e-4ed1-a859-ee71ff042bb2',	'secret',	'TTG14a4x-ieGFU5zX91rlw'),
('0a837b09-857f-42a4-abf3-beb71c51a8d1',	'affbe8a1-acd8-4c3c-bbf6-e2631987c828',	'allowed-protocol-mapper-types',	'oidc-sha256-pairwise-sub-mapper'),
('0b179017-ee96-4f77-aca5-7bdb4d17ddb4',	'5f5a70f8-d3f8-4883-ab30-1ae9535423a3',	'allow-default-scopes',	'true'),
('0e3b451b-c0f0-4ec8-b0fc-1ece254abf9a',	'560ece1f-258a-4837-8d61-0249903f73b3',	'allowed-protocol-mapper-types',	'saml-user-property-mapper'),
('0efb8cba-f8e5-4e98-9129-835a313f9156',	'cacd7d32-753f-4ff0-b89d-8c388820a8f5',	'allowed-protocol-mapper-types',	'oidc-sha256-pairwise-sub-mapper'),
('0f8c721c-9fb7-4339-a54e-ba0f963f3ec0',	'560ece1f-258a-4837-8d61-0249903f73b3',	'allowed-protocol-mapper-types',	'oidc-usermodel-attribute-mapper'),
('0fc62b11-996c-4b70-bdb7-6028bd73aeb8',	'05b07d9a-7697-4b90-a30b-ec141a790ead',	'allowed-protocol-mapper-types',	'saml-user-attribute-mapper'),
('117749cb-2955-4fa5-a1c4-e3f46dc19cad',	'bf7e48df-6113-4f6e-9546-7ce861a8bd3c',	'max-clients',	'200'),
('1452cb9a-9fda-49ca-bd7a-c17aed915a99',	'9e57eaff-3e6b-4a3d-a4de-2925da22eba2',	'priority',	'100'),
('159994fb-dbf0-4217-a7ce-583dd856f8d0',	'859f44fa-3b0e-4ed1-a859-ee71ff042bb2',	'kid',	'25629b67-3ba9-426d-a93e-e261fce87ea1'),
('1d16ffea-72e6-4b76-bdf3-86047e5bbc64',	'80eabe50-9de4-4586-acbd-193a5b98f889',	'certificate',	'MIIClzCCAX8CBgGCohNDTzANBgkqhkiG9w0BAQsFADAPMQ0wCwYDVQQDDARNLUdPMB4XDTIyMDgxNTE1MTQwN1oXDTMyMDgxNTE1MTU0N1owDzENMAsGA1UEAwwETS1HTzCCASIwDQYJKoZIhvcNAQEBBQADggEPADCCAQoCggEBAL7ZUR1ZmrJX9GF4I3UWtyyL9mYd0gkbWNwcv4IK64F6GRDBZGnoxeHzt5qJIXiQaBY3PkROeJa0mxIe65I2oJL3/3hNn+ff7oAc0qp5PTY32FEZkdvE5bCKhlMW6vGaS2AIWc9SMbKUS8S0mivyt8TeOLfQv3l2CzTPmhOkeWBBel3f+HookutsZU8WXvk1EOrgCqWNWIqcQQRUr3wP0k4jODbiWgmCoaugYyczyDn9TwZCKaWDChRzCnzSDOXokiLQFvf2RwSFmPIxnkJ3NHwBm0l7vFUHwPJKBZjML4ghXrM7R1vBeLmjSF2w2Crr7ghVT1gRO5nUPaw9oejrVikCAwEAATANBgkqhkiG9w0BAQsFAAOCAQEAtZtA9KW1U/6U5vfuhgV708iC73iSWOg1/+QCDo5HEdg1S9QmzB2x/OQjvGJgy5xh3kGCwFpMHhtZHVnCvHj2KBIRwROpUwR5k/usKPNNFgPmLPH87YEH4kil4AA8EmKJgnrNc6oNAoCLxO6bS6uSdbjdU5+MbujSjdCUprxcGJARzt1CIwZeTt+cnmuswEQGerU5C+dM+QWoY+8EEv1sSbjBZ7gH65Wp3ydXEfO6QOhbaicCcpcvpd9Zk6LSKqWs7MYKEs7QvoYkrea7iB6+kVoDrMaTB5TFtDPLGnd4XkThy5+0YiBoDV16LX2PQChOWZ1VjdPbor1sKLCx7jSVGQ=='),
('1ef5f19d-c564-4331-9125-29090b1b8c94',	'cacd7d32-753f-4ff0-b89d-8c388820a8f5',	'allowed-protocol-mapper-types',	'oidc-usermodel-attribute-mapper'),
('1fa21b35-5102-4ca6-a7d2-b347b54e16c8',	'8f6490bd-20d4-48d7-8e5a-337fd272fbac',	'host-sending-registration-request-must-match',	'true'),
('223e9b5c-dbf9-4ff7-8a79-4a74bf1d8686',	'22814cd7-e64c-401d-b157-84e19af77d2f',	'keyUse',	'ENC'),
('24922c25-f7ed-4233-bd6d-5fd7c1941aec',	'cfe5f25a-b646-456c-b9ec-aeb28daa9bce',	'client-uris-must-match',	'true'),
('291b6eed-989c-4477-8ebc-eee2b344ef3f',	'80eabe50-9de4-4586-acbd-193a5b98f889',	'keyUse',	'SIG'),
('2b464c7a-160a-486d-961c-0f6d71638286',	'22814cd7-e64c-401d-b157-84e19af77d2f',	'certificate',	'MIICmzCCAYMCBgGCfMqO6zANBgkqhkiG9w0BAQsFADARMQ8wDQYDVQQDDAZtYXN0ZXIwHhcNMjIwODA4MDkyODQ1WhcNMzIwODA4MDkzMDI1WjARMQ8wDQYDVQQDDAZtYXN0ZXIwggEiMA0GCSqGSIb3DQEBAQUAA4IBDwAwggEKAoIBAQDTB8pdT1uFkOJR8AbjfiHkeG4b8vBoYfX46Tk9j3V7kG7PA0EdtVTUW+oljogrWeO9AlnJjeYd+KO6FWxALovS52FTpOfIoxxMkS8hJbl5aFfmO4EDQ6tDtGrX8E8H++o89Wa7XzJIfeFxAL7whiOK/DMdi+kYkSKAI7y1XMM6Apgc6C7Y3jgUV0Ua+G6eOQS2p0mAcUTkD1q0rhdT3FB+OzkdcbnslmYO0JVstQaMxDo04NL49+kONUdTmcgWRVeM5o1HvrkELVwWrjKgUEYyZWciGC8gCmhSQUsVKkre4+u9cDeR8ih3AlhemtGkJwNagkpg0lkO3PDwLtPXBVl3AgMBAAEwDQYJKoZIhvcNAQELBQADggEBAJs6MkTk7ERSS3AfMfthzivrH5yQ4gaZdhsQrv8wC6sKQ8UTAwqe8nWV6SQyvfsxPzmeMymujaKgYCBiHBqHxRdCPaeyszNNP400FNNsRR+dTq5m7bDLtSxTeDmIiOwS3A+pOpnFC3OY9suHxGArlShrzcSkL257r5D5bHKl/vNHSLmQZ8xiVjYGU4XqegPoBkmEpedWWkXmGC3+i3x25X/gvoOSUTSUfTPID7y56vOJn9Tkkir/7qY/I5YG1yScHI+YtxFU95cbyVDlqpNBbzvbmXOAuS+jXsYbH91sDVTvztWnWPv03k2eeWN4cNBmzeWaTH+crQT/qBVDUu4x0Ns='),
('3699c076-0920-456f-950c-e3e1fbef20fa',	'd4d4235e-e66c-4b50-b284-45564791336a',	'keyUse',	'SIG'),
('390ce59d-729f-4266-8ef1-a17f6267a143',	'67068254-00f6-4962-9d5b-521424df8539',	'algorithm',	'RSA-OAEP'),
('391b0ed6-e10d-4767-b9f8-9ed6f1a2862d',	'9959ec07-cb66-4635-8856-b63db1d40765',	'allowed-protocol-mapper-types',	'oidc-usermodel-property-mapper'),
('41951244-6330-4cf4-8dda-c2672206f54d',	'cacd7d32-753f-4ff0-b89d-8c388820a8f5',	'allowed-protocol-mapper-types',	'oidc-usermodel-property-mapper'),
('421b622e-3b91-4aad-99b4-dff2981dae99',	'c83d9f06-a240-4649-92e0-b87a84aa3df0',	'client-uris-must-match',	'true'),
('45f68a89-5299-47ac-be37-498d948b649e',	'67068254-00f6-4962-9d5b-521424df8539',	'priority',	'100'),
('4943bdd9-c21e-4752-b42b-368351967565',	'cacd7d32-753f-4ff0-b89d-8c388820a8f5',	'allowed-protocol-mapper-types',	'oidc-address-mapper'),
('49f73d50-49d8-4aa2-87d5-ad60727b2aeb',	'e193423f-814e-43c6-9ca2-e777d4645cdf',	'priority',	'100'),
('4a8c6e27-8d7b-4585-87e3-71569dbc970a',	'05b07d9a-7697-4b90-a30b-ec141a790ead',	'allowed-protocol-mapper-types',	'oidc-sha256-pairwise-sub-mapper'),
('4c2b2227-461f-4ee6-9477-ba489e7d09b3',	'607a88f0-bf89-4224-9e6b-51689a1cf570',	'kid',	'81a2a5fe-8e97-41e4-a946-c08250cd9a00'),
('4f5c7d08-361e-4cf9-9d6c-07075d35e94e',	'560ece1f-258a-4837-8d61-0249903f73b3',	'allowed-protocol-mapper-types',	'oidc-full-name-mapper'),
('4fbbb157-e542-4ce4-83dc-5b055acae94c',	'cacd7d32-753f-4ff0-b89d-8c388820a8f5',	'allowed-protocol-mapper-types',	'oidc-full-name-mapper'),
('518ab5e7-3bc1-40e7-85ae-5231640681a4',	'd4d4235e-e66c-4b50-b284-45564791336a',	'certificate',	'MIIClzCCAX8CBgGCfNZg2jANBgkqhkiG9w0BAQsFADAPMQ0wCwYDVQQDDARNLUdPMB4XDTIyMDgwODA5NDE0MFoXDTMyMDgwODA5NDMyMFowDzENMAsGA1UEAwwETS1HTzCCASIwDQYJKoZIhvcNAQEBBQADggEPADCCAQoCggEBALhWqYQ7teDqkrV01pWAMeWcdodusSIrU870I9xmJhd4lR6do7GMHZeQAef5iX7oK6WeiKJ5zHu9JfuYtyCek/ylAgsZo3FXniTygStTA76qY2Gd27nuAViHx+jsOG8CgxCpJcbzXiBEu4lBEE+JGKw8pviN0pc4sisKit5PyHGI5OFebaSS9OMbYsnKbhaInuFDH4RbQTu0u3wMDWKkLLvIQjwqChtu+Yic6F4GHzf0q7xfwNttQ8mHzMX2xZHce3JfiaEr6SI87kKnSo+VY0pRHlVxOzf/bEIRgNCcC0mLG3IJzuon75QSU+xCFROAoe1p0dXU8Z+F0s77thBCAeMCAwEAATANBgkqhkiG9w0BAQsFAAOCAQEAmm1DN8XKDQXt+FLdg/eU8GryYB2jDsO86dFdPIvJv/LN/XOcSbp1kuTle7yQwO6AKxahdgZdIgzwuDI+lxi93jPJW+A2RWP6aR0vhvbsb+fhl2hYPo+c8QsWVnGX7MxA3bQzMTG+xNIeiSvwuMOjYfmPBmiYTDUvPq6q/5leRpnogCe2zSK6jlRKXCKVrCyzfeUpC6lS5BqmVh+9LUH0GrSC70Gaz8WHwKKtY3Ov93RyZJ8wrg5CvqfZb9elVO6qBFBCxpw4iMbxMAnkyJRlFwE70Tzus2nIIY7AhlY+56x4wPjGEJLd2YNkvamOSpoTZloQn3vYs5NmIz9xsAxyxw=='),
('529bb989-812a-4822-a5ad-ac2f78030c62',	'9fbbdd90-8cee-42ca-957b-e3712d2f304b',	'allow-default-scopes',	'true'),
('57be1f0d-7a05-4bfa-bba8-cb9e76b19e1b',	'9e57eaff-3e6b-4a3d-a4de-2925da22eba2',	'algorithm',	'HS256'),
('5a313dc7-ac82-45e1-9e0f-57104412badf',	'dae0f604-3b3b-45ca-9175-35cb72319770',	'allowed-protocol-mapper-types',	'oidc-usermodel-property-mapper'),
('6381871b-7272-4d01-8932-91640cea2af1',	'33fd5cea-b442-4976-aca0-894f84bce30e',	'kid',	'ce57097d-424a-462c-ad5f-a1f9729e4b1e'),
('641d5bcb-9ac3-49ec-ac80-e914632fc844',	'05b07d9a-7697-4b90-a30b-ec141a790ead',	'allowed-protocol-mapper-types',	'saml-role-list-mapper'),
('65e75b4f-1f2b-40c0-b9bc-b9526cc49bf4',	'9959ec07-cb66-4635-8856-b63db1d40765',	'allowed-protocol-mapper-types',	'oidc-sha256-pairwise-sub-mapper'),
('66ed3732-8ebf-400a-8420-b44d9b27af1b',	'9e57eaff-3e6b-4a3d-a4de-2925da22eba2',	'secret',	'eeZrrQe4nnkEl5V4b5q34zbTnsx6TfaH6yPT0kDvG44H0aqzU70Oy5M_NJ2_tZ8ht0j-MT9uDSLd3rp0sK6ZSw'),
('67261ddc-fe3b-4220-b5a3-ddcffc79e488',	'9959ec07-cb66-4635-8856-b63db1d40765',	'allowed-protocol-mapper-types',	'saml-role-list-mapper'),
('6ade0392-8adf-47c2-a254-25b68f7a04fb',	'05b07d9a-7697-4b90-a30b-ec141a790ead',	'allowed-protocol-mapper-types',	'saml-user-property-mapper'),
('6b659877-2fb1-49da-a36b-a48d5696adf9',	'33fd5cea-b442-4976-aca0-894f84bce30e',	'priority',	'100'),
('6d175e31-01fc-4be1-b2e9-eca7034a949d',	'affbe8a1-acd8-4c3c-bbf6-e2631987c828',	'allowed-protocol-mapper-types',	'oidc-full-name-mapper'),
('6d1b30b5-554c-4ecb-9daa-31db966a2f29',	'b3a82437-13a1-43a3-a521-4ae628614ded',	'max-clients',	'200'),
('6f20ac1c-c2ea-4957-b40d-5adb86455801',	'dae0f604-3b3b-45ca-9175-35cb72319770',	'allowed-protocol-mapper-types',	'saml-user-attribute-mapper'),
('7840cce8-c154-48f8-bb05-3a8df1179715',	'cfe5f25a-b646-456c-b9ec-aeb28daa9bce',	'host-sending-registration-request-must-match',	'true'),
('7987f188-eaae-4be1-8c8e-109a99c73724',	'dae0f604-3b3b-45ca-9175-35cb72319770',	'allowed-protocol-mapper-types',	'oidc-address-mapper'),
('7bab16d0-1fc8-4e18-8a51-d312c0831eaf',	'80eabe50-9de4-4586-acbd-193a5b98f889',	'privateKey',	'MIIEogIBAAKCAQEAvtlRHVmaslf0YXgjdRa3LIv2Zh3SCRtY3By/ggrrgXoZEMFkaejF4fO3mokheJBoFjc+RE54lrSbEh7rkjagkvf/eE2f59/ugBzSqnk9NjfYURmR28TlsIqGUxbq8ZpLYAhZz1IxspRLxLSaK/K3xN44t9C/eXYLNM+aE6R5YEF6Xd/4eiiS62xlTxZe+TUQ6uAKpY1YipxBBFSvfA/STiM4NuJaCYKhq6BjJzPIOf1PBkIppYMKFHMKfNIM5eiSItAW9/ZHBIWY8jGeQnc0fAGbSXu8VQfA8koFmMwviCFesztHW8F4uaNIXbDYKuvuCFVPWBE7mdQ9rD2h6OtWKQIDAQABAoIBAA+YHDuktbI645oPQf5wQ7ldGl4Ps7jQxjr+Elvi3olu25t14emRfpHO40K6T8TVL9wY2XqlWs8dpMofQqpo0kgQAYzn8tf0gT1wnXoWe/zxJTjDORrXBNmfCAjEB6CENgJ7zDLXiX4JBgPlqe9LXt60Nbg3U13uWk4PZIyUVOKbcrigBGu2QAGPYXZ/rhBLTlLZI2k1Dwj1n7GqMhuTwK7yDmVnH5Ny/qB/pEf4SHGANQQHW9BoqivYFcKfHR5tBCKTFPWswtJJDPI1CLrwbwnFDp2D8DNFh90Mk+7BOs3z67DabEVovhRnCNseMMB/zMBrMKEDZP4MGzFw6z7eIp0CgYEA9pGhpP/ErnyhsnZ8PF2UftXbFBOcPL8Msrz7WOeU2m7XUPRclBJBpyK0sSjwlqwbLoDw1wfJwuN7Mx2ao4ruFmevt72O2AegJwvK+TXCpnTKoXoKlhtRp8APadhVqWC8w391pCbekC/wuDA7suSZ7xuGYbEk+xBhfOoaJ0n7X68CgYEAxiYVQjuvS6eRCzJsHn9zswNPJTZGkuDmAVVcgRcXqcWjIfGDxDerMxDFmsc2Bvg4WA9QqTQZDZvZgOfBfLDhBhm5RvRVh8v/P71J9ti7iRguZnINAoElYkN3Oh3R5udxJf5Fm5DQ9TMRZcQ8HpjCR5RSlUwXOq74mQFtl8rmhacCgYB5qEFpeAlDTps5wtxprIKoUjxWG5brIhjR2AzsQNdhL29tsiQ7qwZZwPYGs3yB20lOGLC8aEtUrYkMH389Uj9HLsG0lwLz9E9A9MChVbVFDDsukVjH15LighEY2HTrrZ91ll4lMEiAPCc5uhK6obCSGbKkYRMuDVcMmzVsTUSKYQKBgHlyTgVSX5aXFacvOGVY6KkHljLQmWDcxxx6HUBhzvcXU20ygfh5xkx+Mx8yikKrUJ1ohZ+vdsuIgj8nzMeIAeOjUJPUnbelqMSAWB0bqZXVZFsV/DNUxHz9rM3KCSTlJcyLlE5M7EXdDwS4ycBXEHyexB8NjA9DvsrIvUsT6UZxAoGASylDghfKWmO5RTZ6/zM282hb2HfXxIo0f9Gb+eunKxnLwXoNJJY35F8J8Juh5kqU7dk7w3oRL1W2lNEMacGZYbOP4xAk9DcPR/FBWPZcsfxwK6B2XTD7jMzL4mKvyO9XiHtyuR0U0q/0MsfLMfk1sXvFQ/fsy1qbnJTj32M8G1Q='),
('842f4c8f-d431-4d5f-a8b2-159290f6d786',	'affbe8a1-acd8-4c3c-bbf6-e2631987c828',	'allowed-protocol-mapper-types',	'saml-role-list-mapper'),
('84aaa05d-2839-4a5c-93b4-1668b34a1902',	'67068254-00f6-4962-9d5b-521424df8539',	'certificate',	'MIIClzCCAX8CBgGCohNHEDANBgkqhkiG9w0BAQsFADAPMQ0wCwYDVQQDDARNLUdPMB4XDTIyMDgxNTE1MTQwOFoXDTMyMDgxNTE1MTU0OFowDzENMAsGA1UEAwwETS1HTzCCASIwDQYJKoZIhvcNAQEBBQADggEPADCCAQoCggEBAJW01ajXHMHaZAdPp/CNwH/zeXEFKQY+be2nOqwrxHOeINgSy126Vh29a+jjboT132Uvf/QqXPt5XgruyBOMKhtUvuODL1vylONMVgJddGsyvXUrNEssJFdJLo0REnIJamdZeBEsMxwxXu7G6K0e9ETSV4jxibDhNx9BCT3YxN5dv+iS5dMj3zoYoPdvgu3s3rANQzkT4quRE6y/CXw5XUuWt2tfItEMpJ+FUTKqiHDmEdvp2gsfnbSbVecNsMWe/1lPd8k8nFGkBAjFmu7ArRFOhPzudMENtvknN0Q+SlbWQnCoaNXZiaxg6gmWp0M72KuKMv+2NSNosvKQX3icEzsCAwEAATANBgkqhkiG9w0BAQsFAAOCAQEAEnhLNzeffN45/xTF+YP5ohWqIBBX2x1anL6jvUPpk3etSz34AePs8C/8fSROe9VmcdA+eeGoQoQ/nVi0NKHFh4OBlvX/eTvjDP3jXiG5SBBHRIf3b4GykYBepzc/LwEQ22mTtRSl979iTHZfMfFzJub7ML+wLXnfbnmsPEieJljgTzm+OjV79yKCCId5zIKZutDV2XYJFLz19vSnLE0tVeJiR5tdIQ7uIWu1C5b3RFK3Hb7AeDFglJbtXlUNjHoAz9VI25qf+pOl2U5rzhaCs8iZ2ie8thyhCY//pSuRkEUd8VLY3HpDh/QmTkaaSGzxV+ffxcuPQtx9hgI6P9nsVQ=='),
('8522f684-aab7-4ebe-8d78-3ab0479683fe',	'9959ec07-cb66-4635-8856-b63db1d40765',	'allowed-protocol-mapper-types',	'oidc-address-mapper'),
('88662752-6051-4559-a686-177939a6a7ee',	'22814cd7-e64c-401d-b157-84e19af77d2f',	'algorithm',	'RSA-OAEP'),
('8a8ffc3e-5ea9-4694-b525-e1f1215734be',	'9959ec07-cb66-4635-8856-b63db1d40765',	'allowed-protocol-mapper-types',	'oidc-full-name-mapper'),
('8f8433c0-f26b-4eaa-9c57-6f20d2356bc1',	'560ece1f-258a-4837-8d61-0249903f73b3',	'allowed-protocol-mapper-types',	'oidc-sha256-pairwise-sub-mapper'),
('9217201c-bced-472d-aac9-aae279102002',	'8f6490bd-20d4-48d7-8e5a-337fd272fbac',	'client-uris-must-match',	'true'),
('972edc5a-02fa-4de3-b837-bc955a046663',	'05b07d9a-7697-4b90-a30b-ec141a790ead',	'allowed-protocol-mapper-types',	'oidc-usermodel-property-mapper'),
('97580daa-a340-4e8a-b030-da263e1fbc4d',	'22814cd7-e64c-401d-b157-84e19af77d2f',	'privateKey',	'MIIEowIBAAKCAQEA0wfKXU9bhZDiUfAG434h5HhuG/LwaGH1+Ok5PY91e5BuzwNBHbVU1FvqJY6IK1njvQJZyY3mHfijuhVsQC6L0udhU6TnyKMcTJEvISW5eWhX5juBA0OrQ7Rq1/BPB/vqPPVmu18ySH3hcQC+8IYjivwzHYvpGJEigCO8tVzDOgKYHOgu2N44FFdFGvhunjkEtqdJgHFE5A9atK4XU9xQfjs5HXG57JZmDtCVbLUGjMQ6NODS+PfpDjVHU5nIFkVXjOaNR765BC1cFq4yoFBGMmVnIhgvIApoUkFLFSpK3uPrvXA3kfIodwJYXprRpCcDWoJKYNJZDtzw8C7T1wVZdwIDAQABAoIBABvtXwGEPAdsChdv3WmDyrZynZfDSb92n1emfbXA43pLve5VbuugkK5dz5nSyAB8r9/WjM1Yowh6XCiHJ0FDJ6vshPvNygLKWzdiy0rmtCn1/hPw8fzdmq+mE7GqErtqwi/5BfRr/7qKNih/QcWQ6uk8wQL6/gkLQ/aTRCj4MrndWoB+U0BuKZ/EaHHmdMFan+khOPLmmybza1VVIms366VjKu0Rzdvnmop+5OASgBO3Coi7awaKt1B+6lDpkAjcmS/IXRBn5stRtlv3sJuCZjuqMLbNtNdJyNbsi3phmZSfu+zAs3hGZP7yltAZmqjDQ8cW3PD1DzAH6HTKD9/H86ECgYEA6nzGzoYIbQ/Mt0HS5iBPeAweVYYSQ73QJjFypE8m1Ps/16iDBA4b5DsrcXy6b8qFZbwwET0bp8HRO6EUGUDJQmSX33/mPSjFPVWzB+ceXcG0C0jdAt2j9vql58Fvq4YRcRsrzEEKSlNAq4FejqKG8WFyjVDZON4Q31kaU6yP+OcCgYEA5mQZHnqF6zF3CYPQ8qtyFjjciuTs645dmWERP1p5mMD5EbHzq98VsZyVTvHMPjOlVbP9xgPUhqCYgLUX/+8OofEYMfbO2vvFlIGTz6/8SIuZhwguG35y1ghubAHYyjLpx/u26J2u5GMcrtJNRUSwnPysUyGu6n8pYwG1lZH6uPECgYBUFOIE9DLZSK0TmVrSggt89Ht8F1M9TzbwOxLssCUwgddmsVopfhWqRT1SuHLx2yDyVgS2ab8c7HbmduAKHh0M3Z1H20jn7VKsp6pGzy0oWWkCEuKNQISm70HGVKqCStS+RgvydfAGrsultAIAC29v5o149uCtb5OFQyIZlusZSQKBgD4MIz+0G7D1x2tGltVkGvulILA/axcdZlPScoSvZyQehHWhiVB2ai9FTmjOcgUmf5aPPP9BNNF1Gt0+6FHDHhu7BJsgLyGGwPV32EkMylL3VceqClDZQzAlYSexb6M1BwUW43HOVbWog6cJeEn5b983pWlWHveEe67wXOkFQZLhAoGBANCqU04HrsUbu16amsNif9BRKYK/jXdh3YP6gnWxX2Kr4CJRIHheXxrRoJ9DksYlJTeTDQenDTWX3X1RRZRCMew0CUVZB5JJXP1ngknFqn24TplseurTnPkZ+qdp/l/h12snuBT1va2Z7yjhh58+9rdY5J1dNcNKSbmkW1AR72BT'),
('99c3a038-adc2-4737-a065-28eb7a9ea9e4',	'76649927-3218-4ea9-b01c-6f95888b9d97',	'certificate',	'MIIClzCCAX8CBgGCfNZhxDANBgkqhkiG9w0BAQsFADAPMQ0wCwYDVQQDDARNLUdPMB4XDTIyMDgwODA5NDE0MFoXDTMyMDgwODA5NDMyMFowDzENMAsGA1UEAwwETS1HTzCCASIwDQYJKoZIhvcNAQEBBQADggEPADCCAQoCggEBAKgi3LBiavhA9dHNjqb4FzKwoiBjQrBzysg1A8HpLNCJeji+mjf7BCwE+PPp6DgzrpHRA/GSdGoEElTw4s3zR2zpBApbpOjiFK5XhZLBhAzSMlIo24mXyt+psUsN7zAu+OYq7jMRLhWNdAs2jD+/Y248tXfiadeBVX1wCKd+4bP6GV8Erc/2J1CXxsqVRhgwy/ACnehhy7L7glE2iAX9eF5qvADNn3OogPezsFtceKqdLtFbtIqYHAzykqwhFicnKfCbtyog1feIJ4gU32qZc9zsroC9SInxW0xkWggPm/rZBBsjE3nSOpM7BQogeOwAKRRRAfi+KpD8Ly2WxyD/W10CAwEAATANBgkqhkiG9w0BAQsFAAOCAQEAg4uHW60Fs06gQ4lOWtjMpR4QfUuQICky7wrtq/pnrjEXw3xT371x1v+5RaKYTGvmxnnkwoNNFZ783GziIw2iIzefxORI3kBljFnvGopaFzVtRPUhhn+94TvmKC5yIjnE6NzTlkAepXLfCtsTaf9AhegVuy8h2MmK2YM1npSJhE3EyW7UQ45TVNkqDxWmCfv1argS1VCTZXwhm+o7MDTAhJBNLBFM8jKkuDJMU9llbrUo9TjkqDvXKZ/q3Jeyga3UXsk/tskmtmwosX0Nvz+YmgjTtnYvWgjZJ9Zxr52cUW7g/Caws7NRNbvZp19qGAWS2sYyvf5CGy3vxyuwlJMEiQ=='),
('9e7fd718-8d04-4ac2-8d37-6fe04f12316a',	'8f6d91e4-e1c9-4b4e-97bd-1bdaf4c3711a',	'priority',	'100'),
('a0b5232c-e044-4511-baab-0d9640d4029a',	'dae0f604-3b3b-45ca-9175-35cb72319770',	'allowed-protocol-mapper-types',	'oidc-sha256-pairwise-sub-mapper'),
('a14f05ee-a218-49fe-ab15-689663836410',	'78c9503e-69df-4b26-b41c-26ac5ef37431',	'kid',	'c43567de-c588-4817-93c7-94e25b585133'),
('a2751020-a532-47dd-83d6-d31a5af28bf5',	'542b6b74-d862-42d0-b882-267d4f305f3a',	'allow-default-scopes',	'true'),
('a43efa4e-658e-48d7-bdbd-7d16fa05ac92',	'560ece1f-258a-4837-8d61-0249903f73b3',	'allowed-protocol-mapper-types',	'oidc-usermodel-property-mapper'),
('a539bcc9-a056-4dfd-937c-bf4614f3ae5c',	'affbe8a1-acd8-4c3c-bbf6-e2631987c828',	'allowed-protocol-mapper-types',	'oidc-usermodel-property-mapper'),
('a80fbb6a-1b1a-43d9-badb-7d7ba42be7cc',	'8f6d91e4-e1c9-4b4e-97bd-1bdaf4c3711a',	'algorithm',	'HS256'),
('ad351d9c-9cab-41c8-a2a6-8ec0332aeeef',	'76649927-3218-4ea9-b01c-6f95888b9d97',	'keyUse',	'ENC'),
('afda2afd-1020-4237-8f02-29f4b053c2b2',	'8f6d91e4-e1c9-4b4e-97bd-1bdaf4c3711a',	'kid',	'433fdd6e-27e5-401e-8b41-8e89c6b95ed1'),
('b0fcc5f5-8948-43f8-b784-e3af54ba5890',	'76649927-3218-4ea9-b01c-6f95888b9d97',	'algorithm',	'RSA-OAEP'),
('b284cc41-bc75-4d79-91ac-908e22dec03e',	'cacd7d32-753f-4ff0-b89d-8c388820a8f5',	'allowed-protocol-mapper-types',	'saml-user-attribute-mapper'),
('b2b6a882-997f-4acf-9dff-301c1f539812',	'affbe8a1-acd8-4c3c-bbf6-e2631987c828',	'allowed-protocol-mapper-types',	'oidc-usermodel-attribute-mapper'),
('b33ae6ca-d9b6-4998-86bd-44ebad572724',	'affbe8a1-acd8-4c3c-bbf6-e2631987c828',	'allowed-protocol-mapper-types',	'saml-user-attribute-mapper'),
('b44375a4-6633-44cc-bf29-1c1d018fbcef',	'd4d4235e-e66c-4b50-b284-45564791336a',	'priority',	'100'),
('b5932b16-b868-4f77-8733-5d1918d5a58f',	'e193423f-814e-43c6-9ca2-e777d4645cdf',	'certificate',	'MIICmzCCAYMCBgGCfMqN7zANBgkqhkiG9w0BAQsFADARMQ8wDQYDVQQDDAZtYXN0ZXIwHhcNMjIwODA4MDkyODQ1WhcNMzIwODA4MDkzMDI1WjARMQ8wDQYDVQQDDAZtYXN0ZXIwggEiMA0GCSqGSIb3DQEBAQUAA4IBDwAwggEKAoIBAQC1gfoGSxZjLC3REGYl4yl6GCFsVah+URiUea7+JGfOU4KDZP3gacmLZ2apKRm8qPj0mmQhaoit1aK1IjauH9mgef5j7vPGA+1kesM6ASx/6zLn/OM22rgC3usNuM1/xMTqeynxOIr6GLcK6RZVPBXxpOGnoI+aGZLnBeyySsrwEuYPjo70CwF7dOwbiildIh6iaMa0+aF1onyDlBOj+d6mPX/09N0wdncLlm4k57k9RFXqKRlizNQJUJSdZZqSCuk1facWPbFGLAuvfXRwA2P7TisHqfHkImVJiDbzwygE2vFMsv+Shacx6qBS10fjY1cMCwBcOyMyQ0pWr/QTlUxbAgMBAAEwDQYJKoZIhvcNAQELBQADggEBAGWfiimNGktUcl5tfPU2hOLQO9dtBTOuS/F7bV6/9nJeRHlHBw1xQXiWvRwaMy9cdJD34KbNKJVsibL/bg0jcVz+EIiUBvtZuMiOit+JBMVYPK7dVVwWufsp6VS3j9ZcV4fOFGhqzaD5ww7zsiI9jvvkse/0MLRbAq5FpfcwRxQgmXJARkvLlrq1UrIibQKLwkdPAYnsAWh2uh4VDPc1v7RWyr3+cqPb0tB+tywvZ7J6Toiop+VEZOVxKJU7s9dzFZnZDVgSows05JwBfFzBzk+4AnDNk3FoVOAKBRoAtrrB0FGP4y20kiJ4I241UFPCL/VN2dtG+eIwi/cA+ZZDUe0='),
('b6c1e6a2-e92a-4b1a-b6d3-59c64315c3f2',	'c83d9f06-a240-4649-92e0-b87a84aa3df0',	'host-sending-registration-request-must-match',	'true'),
('b8885fcc-8415-4215-a85e-60d59570e1e4',	'859f44fa-3b0e-4ed1-a859-ee71ff042bb2',	'priority',	'100'),
('baa62f80-7771-4f53-ad91-553ca741ac4c',	'560ece1f-258a-4837-8d61-0249903f73b3',	'allowed-protocol-mapper-types',	'saml-role-list-mapper'),
('bb42dbfb-7e8d-4ba8-a55c-55ddc53c71db',	'80eabe50-9de4-4586-acbd-193a5b98f889',	'priority',	'100'),
('be298730-4d7f-4f55-8bd1-517962d851d3',	'9959ec07-cb66-4635-8856-b63db1d40765',	'allowed-protocol-mapper-types',	'saml-user-attribute-mapper'),
('c6833197-78be-4d1e-b843-ea13af0a67ad',	'560ece1f-258a-4837-8d61-0249903f73b3',	'allowed-protocol-mapper-types',	'saml-user-attribute-mapper'),
('c6ccec1b-2952-475d-a70b-462a853e1417',	'dae0f604-3b3b-45ca-9175-35cb72319770',	'allowed-protocol-mapper-types',	'saml-role-list-mapper'),
('cad684de-dfab-4ca9-a7d7-f924410570e1',	'f78722fa-61bc-4039-98d7-031c9dfb30e0',	'allow-default-scopes',	'true'),
('d1575886-b986-4537-9e20-dd788f9ba426',	'05b07d9a-7697-4b90-a30b-ec141a790ead',	'allowed-protocol-mapper-types',	'oidc-address-mapper'),
('d1752b6d-c6d3-400f-bd35-060083311b01',	'891dd49e-ecc7-4a00-80ab-c9e1128fa406',	'max-clients',	'200'),
('d41f2f34-4028-4fe1-b7a3-84c3b8f37480',	'78c9503e-69df-4b26-b41c-26ac5ef37431',	'algorithm',	'HS256'),
('d515c347-3895-4f14-990f-407a80b15778',	'607a88f0-bf89-4224-9e6b-51689a1cf570',	'priority',	'100'),
('d7892b96-e010-46eb-9026-33d996c4e65c',	'dae0f604-3b3b-45ca-9175-35cb72319770',	'allowed-protocol-mapper-types',	'oidc-full-name-mapper'),
('db3adb55-b6d7-4973-9c39-c7bb1e5517ba',	'78c9503e-69df-4b26-b41c-26ac5ef37431',	'secret',	'mVP0xjftIS8jnnf5Uo9MV41LARLjbW2F_fOmrBjGvjEcohvKntFgVwVE_oDbaIFoxsmM30LZgX3xDBItc-kxKg'),
('dbb8de2e-8abd-4572-8982-fc68174b526a',	'05b07d9a-7697-4b90-a30b-ec141a790ead',	'allowed-protocol-mapper-types',	'oidc-full-name-mapper'),
('de3f0d6a-84f1-4869-89ea-267624fa34bd',	'607a88f0-bf89-4224-9e6b-51689a1cf570',	'secret',	'bkbXdwNbxPj58h6rGtZ5QQ'),
('df96907b-809c-4c01-9708-75dc2ffe4a42',	'0533b291-72b4-4a91-974c-ee9c1c0baddd',	'allow-default-scopes',	'true'),
('e3b86861-779e-4412-abaa-9327ecae692a',	'8f6d91e4-e1c9-4b4e-97bd-1bdaf4c3711a',	'secret',	'kFGxQMOfclxeV4KKXmCMQBzHRd88M_Agf_I7j4PpQmN1x3ve10z1udeeeuF2wFwEgJY6ZwdU6lmXje1lLLM0tQ'),
('e704b04c-f48b-4d3f-9b30-7aab123e9c2f',	'76649927-3218-4ea9-b01c-6f95888b9d97',	'priority',	'100'),
('e8025282-8357-4053-8b19-f85e15599224',	'560ece1f-258a-4837-8d61-0249903f73b3',	'allowed-protocol-mapper-types',	'oidc-address-mapper'),
('eb21ebe7-508b-4333-97c8-34d6669d30ee',	'affbe8a1-acd8-4c3c-bbf6-e2631987c828',	'allowed-protocol-mapper-types',	'oidc-address-mapper'),
('eb4411bc-caee-4d81-898c-2c2555cb806a',	'cacd7d32-753f-4ff0-b89d-8c388820a8f5',	'allowed-protocol-mapper-types',	'saml-user-property-mapper'),
('ee09be9a-58e9-446f-9022-55c3c199af77',	'9959ec07-cb66-4635-8856-b63db1d40765',	'allowed-protocol-mapper-types',	'oidc-usermodel-attribute-mapper'),
('f0470999-9f02-4b0a-a79e-2321c4924dfe',	'affbe8a1-acd8-4c3c-bbf6-e2631987c828',	'allowed-protocol-mapper-types',	'saml-user-property-mapper'),
('f21647e5-96ad-48e4-8838-8ddacc6f0e61',	'dae0f604-3b3b-45ca-9175-35cb72319770',	'allowed-protocol-mapper-types',	'oidc-usermodel-attribute-mapper'),
('f23bca04-855b-4348-b53b-682f5a7c892a',	'4515101e-bea2-472f-bf3d-c7420c2649d7',	'allow-default-scopes',	'true'),
('f31f8262-ba7d-408d-adc6-606e02a37d22',	'e193423f-814e-43c6-9ca2-e777d4645cdf',	'privateKey',	'MIIEowIBAAKCAQEAtYH6BksWYywt0RBmJeMpehghbFWoflEYlHmu/iRnzlOCg2T94GnJi2dmqSkZvKj49JpkIWqIrdWitSI2rh/ZoHn+Y+7zxgPtZHrDOgEsf+sy5/zjNtq4At7rDbjNf8TE6nsp8TiK+hi3CukWVTwV8aThp6CPmhmS5wXsskrK8BLmD46O9AsBe3TsG4opXSIeomjGtPmhdaJ8g5QTo/nepj1/9PTdMHZ3C5ZuJOe5PURV6ikZYszUCVCUnWWakgrpNX2nFj2xRiwLr310cANj+04rB6nx5CJlSYg288MoBNrxTLL/koWnMeqgUtdH42NXDAsAXDsjMkNKVq/0E5VMWwIDAQABAoIBAEmtoDtrwYOyTErgOEbK5mxMXUznnITiEHM8zd8WEhk75u/FUBUHfCudZpvmNi9R+/T2swypfR/rZ6fVYpLeFO5CdxRDzCqmL3gpKRRjo5etdrWa/vSmZimsKYghazGhQznXkxf7Ftccrzi7kzg4MsQrZPoxf/lSxkIHMqTRHX3DzQa7bl/jLYd4ssIE4KX+KmUehH3Cargc4n45bjkpB8dULZOU5vHerig4gZJbeZIJKJy6qTNFxhs3LMhd7up6p26fMiuG/zsNDk2wROY2pY5rsBYe2E/mPPmU/DYFy0QHdmq5zfAdaShsKNMYwUwcgqE68l4rutxk8lTsQx3XLsECgYEA+8tW1SNJIdTkEofdxh9vlePWPtzU8qZoCsr8wvwgiY4+refD34+zR0Uef+BjISZvHhIR76lR1paacezwF3xNUMHXN3satsxx/sh7bGLUKoayk1/K+XXCFRyBiKFj0UbHJl458CAKW3/1AOjr4DQJzNRnTaVyio3WUXSVbigk13sCgYEAuIoYZuuK2G/Riv+UTfdCTqrCcAPhbtI8BrPxpEEfCrRl5KLEK0gUqgHa56/VOcd0oEiIRakhmTwKZ2bYk+5H6sEg15qp2zqvE6kAaL0O7pQXgKifSoIKUFnP0oX4g7tKDWe9T0lqwsMHDqI1WBtNWZ+yXgzIfXc/ZoJoMwuu2KECgYEAm71xv/NLULm1OCEBc4IOKs/5vHgq3ss+ny5emNwJ5AsvibFI3gasBPEjpETOC7sSD69tmKdKD0inzr+W4W/pAoJi89YY9+gMumKWtLuML6GQ4sblbNcBbL1tAW2Rp+f3ViwB+hxXS7EhgaaP/uUxCph2LPigmEKSxV8u7iu2XfECgYB7VFdgmTRO19Qr2AkuXfwjhP2zTPShUsGpHSN2SctMJSoftiPyZRbiU6EPzDRti/5GjJL+Mz1wIm81kcdWfh30JyQi04uHJ14Qfpb2aLuM+M4IPylN60CnWI6KvNxMdaPU96rOTVubVCnoPsH14zE7n33eWx62szZc9PRcgQdWYQKBgAdJmiw6OTTcUo4PBFVWLRSwRz5bgc2rFc1r2Yjqeuq/P/zjbcw9z8hoXMjTjy6zSoVKbgciQykm8mDp7/tOKkgQ/KvfNuIvunxnuAIOFYBVwr5QyQjO6n9sKjSxwFv/nxEm6OLYgd4Fluh4HsVk5HKXLwcV4rGggsMvIE9vlofp'),
('f45e6ffd-3aaf-4231-ab0a-1844b55630bc',	'76649927-3218-4ea9-b01c-6f95888b9d97',	'privateKey',	'MIIEowIBAAKCAQEAqCLcsGJq+ED10c2OpvgXMrCiIGNCsHPKyDUDweks0Il6OL6aN/sELAT48+noODOukdED8ZJ0agQSVPDizfNHbOkECluk6OIUrleFksGEDNIyUijbiZfK36mxSw3vMC745iruMxEuFY10CzaMP79jbjy1d+Jp14FVfXAIp37hs/oZXwStz/YnUJfGypVGGDDL8AKd6GHLsvuCUTaIBf14Xmq8AM2fc6iA97OwW1x4qp0u0Vu0ipgcDPKSrCEWJycp8Ju3KiDV94gniBTfaplz3OyugL1IifFbTGRaCA+b+tkEGyMTedI6kzsFCiB47AApFFEB+L4qkPwvLZbHIP9bXQIDAQABAoIBAC/i+frslO3OxpRyGKp6Z1UDFLHnw2MxH3SlEMRmLmLYfOxzcMX34qjM48DIgmCba6FRJ+/iF/Dn5va1QsuIefPNa96tWksPtPcwqzTwk7T5GubmhxxplJjeIkYvmkudXTtkx8HYp0jxKDdXWlt/nYiUltSlsiJ0Tg5zXauiyhKxdmcM5kOVjKhZaQzJrii9uf9YnJVyM2gCGAUwjR81ici8DxgRsfICsiVXUNe/MJii3dIi9ZQmbFErJ08JOAq3ThZ2fQ2YjuIxLht2FAKPhIHZQW/2dYS/Fog66Y9oFjI+SX16iX+T+FWEvbd8OvbkB8jAkZQ+y5Yg5AsNnxCgxUsCgYEA4v/QQkCeE/fEEWS+HuHiV+tOeylL0ck34E+ITxwNoncSuiNaaEILNA924B3yafr468mIp2zXhzL0vuuOo6RHx5Si5oTXcQrHHnfpmtfvRQbmpUtalVrnRJbe6E5tXWDl5RushFrA5Y4GsaU9N9VbzKwykAynspFmnJXFNjJUNxcCgYEAvZ3ivD1POdqHuKHCPQGu2om+83n1JqttyhQNDuobKWsWNFJASMKU4lAFQ7v4ZvIHwklWewHejmy68E+5Nku4IJdrTw6VS0ttxgWHxuKr84bXqwKLgLPM75iRwacRfJUaA5dmK3cuWsRitsjdbtAlcgua/pnafqa5Yyq2X87fSasCgYEAjiK3+IQVd1NQxcNa+GNgIsUIIz48Z2OjRSUHqOFb+Dqu0zaHyXhxI2v7d2HJBGtNqfZLRup0GgfiEBnW+shG2cVMKyNK81FYVM+oyngjLgmgKigA1DxTSzNc6AETocCmssqdP1LELfi8YEejCW7jSEkab/A8oSdCJRHypnjlGokCgYB3Z9N+YsVfU0QgeozMyiCIMjHzNRux7EZI+PN4LuhH3s2uyRT+PLpxAZ8vFlHI0iUcrf4tm/HAkqvt5OZnUKt0qqXCtRZCwg8wog7sqZVK1+E8KXAb7h3hy5wN7N1QLLyjAlYujPC96+mV3UvEGoNaHADQz6YOF4Oq9Ry/nJBz3QKBgCTmcforE9+VKJNSmhsowB1q1+wWA6qGSwpNCuQ3M9iJUavrPH6BfGHdVYkmIToVI1NpGCyX/cpIZud/KhSFp0ObmlKJ5HbkfWRUgpmvgq4U5cd939szKyoDGrOYjJiDwLTwg9Xb6atK9YR5iRPYXYRfK1LkWU3QbNKxv0WA+lNx'),
('f67b9cac-1783-47ef-bf05-ec3e4b6b6041',	'9e57eaff-3e6b-4a3d-a4de-2925da22eba2',	'kid',	'b15e4a22-e745-4fe5-8fb2-e45f924bd72a'),
('f67cf258-e480-4f4e-b246-846b9789325f',	'e193423f-814e-43c6-9ca2-e777d4645cdf',	'keyUse',	'SIG'),
('f71138b2-307e-4238-8673-7b0914e22c77',	'78c9503e-69df-4b26-b41c-26ac5ef37431',	'priority',	'100'),
('f82d4cde-65f9-40bf-a6ce-4ca86b2caca1',	'67068254-00f6-4962-9d5b-521424df8539',	'privateKey',	'MIIEowIBAAKCAQEAlbTVqNccwdpkB0+n8I3Af/N5cQUpBj5t7ac6rCvEc54g2BLLXbpWHb1r6ONuhPXfZS9/9Cpc+3leCu7IE4wqG1S+44MvW/KU40xWAl10azK9dSs0SywkV0kujREScglqZ1l4ESwzHDFe7sborR70RNJXiPGJsOE3H0EJPdjE3l2/6JLl0yPfOhig92+C7ezesA1DORPiq5ETrL8JfDldS5a3a18i0Qykn4VRMqqIcOYR2+naCx+dtJtV5w2wxZ7/WU93yTycUaQECMWa7sCtEU6E/O50wQ22+Sc3RD5KVtZCcKho1dmJrGDqCZanQzvYq4oy/7Y1I2iy8pBfeJwTOwIDAQABAoIBACNApIlwMjjh3Okt1D2cm6ZlpoS7MthiDg/G79WILugM5e4LqvDkxo+VQdpi5+0OWu8gWtCbwy6Ce2c2qE2WFXo/H/5CL35G5tGJcb131UjC94MmS9ehyuL0/C3CxeWtmu1AT7o3fseWRqUSmMrffaTRJUS9n+9TcV/+OBdkuqMj8xxdbrprMoMjf1yS437DTyM0WSqeEtYUzrX4KOWydUFrg6HRuA5qtI+veGVzl7n4H4tZTzLownXA+whC8mRyFJWEiKT9BnWx2lrXFO7QssoBAThWuUuwDMa+vubeTYGIGC6zx1nxk42VCkDmLxTijcGLfVM5ofQkQSWQ0YYPCV0CgYEAzAL/XcCDVStWcOP4NHnFG3mSzaGMAVqrMTz5ptiCGTj/33+C1A8XFzbMMYGlHU2ykweoqMjo/21Mg3X8pSfa4Z6SOFEqEek1ZW2y1y6hRBARJUZKq/Hi41PGPEzdrPCvg1yClvJ3/Y/cKuUM6H3cmvVzJZ+dTvA77b1K8WVINCUCgYEAu9smWGiW2lK8zgu/kHKy5A67nL/UB6HwJdr9+o7kPv2EfM/+nU0jufm89nAA1DDMPauj9XIWi/1ZgizBiwZn7P/ei9/rzKRC284qoXsJyzaCJ2HGTXWotUruLZeVoAOynbCPYypbBzPoFr0V804h8de+Z/o8sabVdgKJSIE/298CgYA366pr3FUjh1mOYC6s06P/v/dJfjqONHgwavJTlY0ztLgOXzlRP0GpD1AxUcQcoCuOuc61VTzopuEON80kyCPrLDgQT88kUbRdNRCMgy+ZJH5OpVHah9cVUOVJqhgpS2AQtc7l6ViSnFhROa+sGrPZleYWLgZEmP0UUYq1WHnOMQKBgAgeIDoRyvMEQERnHZAQZMqWGGVdpLvvs4DvRapeIl7WdbMvCcGiY7jVoeTEUkTZFvpTQHKKy46hFA0cAgEP9c24ANXqhzYAoyL8dbskpfeyE03AW+FdBD1RT5mIw152ynEmAAw4+FYHWDAjW5938N+SgxfbKGRE4VSIJ4aKj0fhAoGBAJHKQmKvABYrySX2LpX1olJuGLm1JA7RQi2voG4oKSHjQbhhmxns8Vaxh762QUbFKtubz2DYmsB9FJLkSgFPtOd131SAUGEZR/n+yiVVvU/eVewwZoOpcYRlfzJp5/Ruq/R3GI1sEy9m6mBQkEBnW3b5nXiwHAsKnGPKqf5h7W2D'),
('faa00374-3cbf-4915-90b8-1ca400da3268',	'9959ec07-cb66-4635-8856-b63db1d40765',	'allowed-protocol-mapper-types',	'saml-user-property-mapper'),
('fade1536-d4c9-44f5-afff-191c85b2f0da',	'cacd7d32-753f-4ff0-b89d-8c388820a8f5',	'allowed-protocol-mapper-types',	'saml-role-list-mapper'),
('fb1bb681-e589-41f6-b447-5e7c15e7092f',	'67068254-00f6-4962-9d5b-521424df8539',	'keyUse',	'ENC'),
('fd6547f1-1650-4bfa-a6ee-236a3bcdab82',	'05b07d9a-7697-4b90-a30b-ec141a790ead',	'allowed-protocol-mapper-types',	'oidc-usermodel-attribute-mapper'),
('fe09d909-0dc6-413d-a8f9-92f517c19b3b',	'dae0f604-3b3b-45ca-9175-35cb72319770',	'allowed-protocol-mapper-types',	'saml-user-property-mapper');

DROP TABLE IF EXISTS `COMPOSITE_ROLE`;
CREATE TABLE `COMPOSITE_ROLE` (
  `COMPOSITE` varchar(36) NOT NULL,
  `CHILD_ROLE` varchar(36) NOT NULL,
  PRIMARY KEY (`COMPOSITE`,`CHILD_ROLE`),
  KEY `IDX_COMPOSITE` (`COMPOSITE`),
  KEY `IDX_COMPOSITE_CHILD` (`CHILD_ROLE`),
  CONSTRAINT `FK_A63WVEKFTU8JO1PNJ81E7MCE2` FOREIGN KEY (`COMPOSITE`) REFERENCES `KEYCLOAK_ROLE` (`ID`),
  CONSTRAINT `FK_GR7THLLB9LU8Q4VQA4524JJY8` FOREIGN KEY (`CHILD_ROLE`) REFERENCES `KEYCLOAK_ROLE` (`ID`)
) ENGINE=InnoDB DEFAULT CHARSET=utf8mb4 COLLATE=utf8mb4_0900_ai_ci;

INSERT INTO `COMPOSITE_ROLE` (`COMPOSITE`, `CHILD_ROLE`) VALUES
('064b7555-a146-42af-bd59-01a929015fb5',	'546410cf-90b1-4e2e-8a56-85ac1a76fdb9'),
('064b7555-a146-42af-bd59-01a929015fb5',	'5796ee64-561a-4610-948f-af127137f2fb'),
('064b7555-a146-42af-bd59-01a929015fb5',	'a087c378-c431-4624-9db9-c55c70dcde9d'),
('064b7555-a146-42af-bd59-01a929015fb5',	'fcf28d8e-734a-4d2b-ad2c-47b90a562be4'),
('3bf82ae1-cc3c-4cfc-8bf4-67b33bae12cd',	'5c104c09-ee78-4599-ae84-8d77370bc11f'),
('3cf764f7-ddda-481d-ba05-2cdc56af505c',	'0aa66e15-b238-4b36-9f75-8641ba0ae555'),
('3cf764f7-ddda-481d-ba05-2cdc56af505c',	'2f6e80e0-9052-4db1-8a46-05c38c2bed10'),
('3cf764f7-ddda-481d-ba05-2cdc56af505c',	'4ebd8564-4e3f-4d26-bdf2-a7e25f13c8c7'),
('3cf764f7-ddda-481d-ba05-2cdc56af505c',	'522b083a-66dd-4ba4-9838-5ad2c9afedb4'),
('3cf764f7-ddda-481d-ba05-2cdc56af505c',	'56dcbf3c-41cc-4a49-addc-c2f9367e5e1d'),
('3cf764f7-ddda-481d-ba05-2cdc56af505c',	'5aac0c2c-5172-4bcf-9eda-badb58083184'),
('3cf764f7-ddda-481d-ba05-2cdc56af505c',	'789e9c9c-6868-4fcd-a6d6-ec13cbfa7fd2'),
('3cf764f7-ddda-481d-ba05-2cdc56af505c',	'7f481339-838f-4691-9cf5-bc8689877fd8'),
('3cf764f7-ddda-481d-ba05-2cdc56af505c',	'87e5758f-6aee-406d-8552-f4fa1153deef'),
('3cf764f7-ddda-481d-ba05-2cdc56af505c',	'8b184216-7e49-4f2e-80b5-06dc5eb9b3f3'),
('3cf764f7-ddda-481d-ba05-2cdc56af505c',	'8eca6445-affa-4e6f-a2b0-fd724f99b334'),
('3cf764f7-ddda-481d-ba05-2cdc56af505c',	'9382e87c-89ec-4e99-80ac-7f0b236be6c3'),
('3cf764f7-ddda-481d-ba05-2cdc56af505c',	'ab6995d2-49f5-441e-845c-3302e0455410'),
('3cf764f7-ddda-481d-ba05-2cdc56af505c',	'c54abe2f-d430-4c0f-932d-b705eb950901'),
('3cf764f7-ddda-481d-ba05-2cdc56af505c',	'dbc91f0f-f55e-449d-9e4c-d23bf1b4e77a'),
('3cf764f7-ddda-481d-ba05-2cdc56af505c',	'dcbad16e-6fef-48c1-a76f-eaa7530be48c'),
('3cf764f7-ddda-481d-ba05-2cdc56af505c',	'f10eb968-90ba-4398-8f12-4f8609e1d595'),
('3cf764f7-ddda-481d-ba05-2cdc56af505c',	'f7d55289-c58b-4d47-ae7e-7dbe48629470'),
('43fbd066-6a0e-4af1-9b0e-8aeccc09eabf',	'0f2bab74-4f96-49ca-9d88-ded9459631ee'),
('43fbd066-6a0e-4af1-9b0e-8aeccc09eabf',	'5cabe7a8-f52a-493b-8722-805d6c172004'),
('43fbd066-6a0e-4af1-9b0e-8aeccc09eabf',	'67c3d08d-f25f-457b-9054-925bb89a4dda'),
('43fbd066-6a0e-4af1-9b0e-8aeccc09eabf',	'fdbc9485-c534-4142-b38b-058e15954399'),
('490fc8d1-0617-45b8-8ffc-52c2d15c71ff',	'600ba5ef-f3c3-4f96-8251-4eb33724f788'),
('53cf6af7-1882-436a-9c07-e472a7f4bff8',	'04c9980f-d2bb-468f-b5ee-cfdb7d057f81'),
('53cf6af7-1882-436a-9c07-e472a7f4bff8',	'0bfec8cd-e980-44f3-93f5-a030ef412035'),
('53cf6af7-1882-436a-9c07-e472a7f4bff8',	'0f50b772-53f1-43f3-8702-85f04994b2cf'),
('53cf6af7-1882-436a-9c07-e472a7f4bff8',	'15ed51f6-fad8-4fe4-8d47-23018758c3da'),
('53cf6af7-1882-436a-9c07-e472a7f4bff8',	'16437868-f47a-4eb1-92cf-518f6adb97e3'),
('53cf6af7-1882-436a-9c07-e472a7f4bff8',	'1b854718-ebf6-4eee-a5d1-7cc9dc0ccaea'),
('53cf6af7-1882-436a-9c07-e472a7f4bff8',	'1fbcc242-4e8a-4045-ba82-3bb25709bd29'),
('53cf6af7-1882-436a-9c07-e472a7f4bff8',	'262a82fe-788e-434c-a0a3-f72370ae53e2'),
('53cf6af7-1882-436a-9c07-e472a7f4bff8',	'2d4105a3-7c42-410e-a326-583dc85d49b7'),
('53cf6af7-1882-436a-9c07-e472a7f4bff8',	'2d81a72b-b575-4b37-8f69-7b8f9e587e8c'),
('53cf6af7-1882-436a-9c07-e472a7f4bff8',	'3049dddd-5a8e-4324-bcdc-e9cb0be1b3a6'),
('53cf6af7-1882-436a-9c07-e472a7f4bff8',	'34fabcad-a879-4e9b-84f1-2206a4ef01d5'),
('53cf6af7-1882-436a-9c07-e472a7f4bff8',	'3e57e3c0-d032-4def-86dc-045cddfba9f1'),
('53cf6af7-1882-436a-9c07-e472a7f4bff8',	'490fc8d1-0617-45b8-8ffc-52c2d15c71ff'),
('53cf6af7-1882-436a-9c07-e472a7f4bff8',	'4c40bbf9-d2f8-47ab-a8f3-174e5db86033'),
('53cf6af7-1882-436a-9c07-e472a7f4bff8',	'52dc02e2-244e-41fb-a1e2-f1cd2ce0c1b0'),
('53cf6af7-1882-436a-9c07-e472a7f4bff8',	'559b7a40-c8d8-4d31-838f-806fe1353714'),
('53cf6af7-1882-436a-9c07-e472a7f4bff8',	'5b0ffd8e-a61e-4c9d-aeab-9cfe4d2cbf3a'),
('53cf6af7-1882-436a-9c07-e472a7f4bff8',	'5d142f37-f7cf-4c72-a766-af0147de7018'),
('53cf6af7-1882-436a-9c07-e472a7f4bff8',	'5f952856-d514-4013-81c2-b89c15c2f0a2'),
('53cf6af7-1882-436a-9c07-e472a7f4bff8',	'600ba5ef-f3c3-4f96-8251-4eb33724f788'),
('53cf6af7-1882-436a-9c07-e472a7f4bff8',	'6444f1a9-6c30-4fa4-839e-b3d297b43770'),
('53cf6af7-1882-436a-9c07-e472a7f4bff8',	'6cb273b3-b01f-4ed4-857c-615a668e2fd5'),
('53cf6af7-1882-436a-9c07-e472a7f4bff8',	'777feb84-4730-4172-ac95-641c3ba566ec'),
('53cf6af7-1882-436a-9c07-e472a7f4bff8',	'7bbfac5a-02f3-4880-a5fe-883462ea0ed3'),
('53cf6af7-1882-436a-9c07-e472a7f4bff8',	'7f423681-826b-4dfe-9e3b-1a9388399234'),
('53cf6af7-1882-436a-9c07-e472a7f4bff8',	'92ea91d5-362a-4faf-87d4-c60a726c6a61'),
('53cf6af7-1882-436a-9c07-e472a7f4bff8',	'96245047-baf5-4cb7-9835-655049c61870'),
('53cf6af7-1882-436a-9c07-e472a7f4bff8',	'986de39f-a604-4b6a-a1a9-ed77c22f1edc'),
('53cf6af7-1882-436a-9c07-e472a7f4bff8',	'9d4bc3ae-0006-4b17-acf2-4628e686d27e'),
('53cf6af7-1882-436a-9c07-e472a7f4bff8',	'9decbd3b-8592-4e78-bca0-74ed011c0ca8'),
('53cf6af7-1882-436a-9c07-e472a7f4bff8',	'a9b06fdb-061b-4762-83d0-2ffe266468a5'),
('53cf6af7-1882-436a-9c07-e472a7f4bff8',	'aea0cf81-55cb-4f3d-8aaa-06f65f18e15b'),
('53cf6af7-1882-436a-9c07-e472a7f4bff8',	'b1455a64-60f0-4323-96a5-ad95ae6cbefc'),
('53cf6af7-1882-436a-9c07-e472a7f4bff8',	'b2874ce1-127f-48cc-9e7f-dfa3f3122abc'),
('53cf6af7-1882-436a-9c07-e472a7f4bff8',	'b2b49c5d-aa9d-4121-8436-a6c1aefd55aa'),
('53cf6af7-1882-436a-9c07-e472a7f4bff8',	'b3bf0d20-c09b-4ee3-8536-f68d2a5a6fc6'),
('53cf6af7-1882-436a-9c07-e472a7f4bff8',	'ba8c17ec-9d6c-41dc-a33b-d0b62b3dc9db'),
('53cf6af7-1882-436a-9c07-e472a7f4bff8',	'be4d5d75-76c8-427d-852a-361533b2cdb2'),
('53cf6af7-1882-436a-9c07-e472a7f4bff8',	'c7f77961-d8e1-4487-b5b5-408e468d6fa4'),
('53cf6af7-1882-436a-9c07-e472a7f4bff8',	'c9868961-7ddb-4610-8906-cce3aaa0c4fe'),
('53cf6af7-1882-436a-9c07-e472a7f4bff8',	'cdfb20ea-bfba-4591-8057-8914a8e7ac3e'),
('53cf6af7-1882-436a-9c07-e472a7f4bff8',	'd1f3c51f-19cd-47a5-804e-3d20fd086712'),
('53cf6af7-1882-436a-9c07-e472a7f4bff8',	'd926a2cb-f0ef-4bae-9619-ac8de64821df'),
('53cf6af7-1882-436a-9c07-e472a7f4bff8',	'de3d6307-4545-4bc9-a52d-82b0f6919934'),
('53cf6af7-1882-436a-9c07-e472a7f4bff8',	'debc2580-58d3-4f9e-bc6a-fedb4b6520c1'),
('53cf6af7-1882-436a-9c07-e472a7f4bff8',	'dff9d3f0-0a60-4f22-bb0f-c6946f18c31a'),
('53cf6af7-1882-436a-9c07-e472a7f4bff8',	'e07ce62f-e7d5-4b48-8ccf-1929ac8d81b0'),
('53cf6af7-1882-436a-9c07-e472a7f4bff8',	'e868eac8-3e83-442e-8426-404d4db8f4b7'),
('53cf6af7-1882-436a-9c07-e472a7f4bff8',	'ea90b0f1-f3ab-4470-94bc-bb3445ebf627'),
('53cf6af7-1882-436a-9c07-e472a7f4bff8',	'ec3322c8-b33a-4206-9539-118590afbf06'),
('53cf6af7-1882-436a-9c07-e472a7f4bff8',	'f03f9927-e2ff-4917-b93e-aec63c5bcff7'),
('53cf6af7-1882-436a-9c07-e472a7f4bff8',	'f8138180-a7a2-420d-9752-4e22d0f6ff4f'),
('53cf6af7-1882-436a-9c07-e472a7f4bff8',	'fbf69cb6-4666-4c0f-8d31-8b59da53ef6e'),
('53cf6af7-1882-436a-9c07-e472a7f4bff8',	'fff3f7fc-34ef-447a-9cf2-38180424644a'),
('56dcbf3c-41cc-4a49-addc-c2f9367e5e1d',	'789e9c9c-6868-4fcd-a6d6-ec13cbfa7fd2'),
('67c3d08d-f25f-457b-9054-925bb89a4dda',	'679836ad-29e5-48a0-9db7-4a8d7412de16'),
('868e6042-9b45-49e2-a0c6-b7724e89bba0',	'de827648-d641-42b4-bae8-4b9307d12d9c'),
('8b33dec5-168d-466e-b09a-0773a86ff8db',	'0bf1d8b2-3665-4412-b420-2bda442e86f0'),
('8b33dec5-168d-466e-b09a-0773a86ff8db',	'4ceb84b0-b427-4553-9be8-80796e43e0fe'),
('8b33dec5-168d-466e-b09a-0773a86ff8db',	'68798e01-1895-48eb-a38b-f0fa4695bdcd'),
('8b33dec5-168d-466e-b09a-0773a86ff8db',	'a0539439-c193-4c18-8226-f7395a6d9318'),
('986de39f-a604-4b6a-a1a9-ed77c22f1edc',	'6cb273b3-b01f-4ed4-857c-615a668e2fd5'),
('986de39f-a604-4b6a-a1a9-ed77c22f1edc',	'fff3f7fc-34ef-447a-9cf2-38180424644a'),
('98f66def-3be9-4100-b5d8-13c9d7a9f18a',	'007248ab-ebd5-41b7-b241-43f6e884d46e'),
('99c4be31-9d46-4ef2-aabd-cb6b92b7ec18',	'39c25e58-34a6-4296-b782-6155726a89a7'),
('a0539439-c193-4c18-8226-f7395a6d9318',	'268b9b5f-895e-48d3-9248-f7c8bd7d3082'),
('a087c378-c431-4624-9db9-c55c70dcde9d',	'bab89003-4238-4745-86d2-8792495e99ab'),
('b2874ce1-127f-48cc-9e7f-dfa3f3122abc',	'2d4105a3-7c42-410e-a326-583dc85d49b7'),
('ba8c17ec-9d6c-41dc-a33b-d0b62b3dc9db',	'1b854718-ebf6-4eee-a5d1-7cc9dc0ccaea'),
('ba8c17ec-9d6c-41dc-a33b-d0b62b3dc9db',	'3049dddd-5a8e-4324-bcdc-e9cb0be1b3a6'),
('c9868961-7ddb-4610-8906-cce3aaa0c4fe',	'd926a2cb-f0ef-4bae-9619-ac8de64821df'),
('d2fc4599-a6c6-4c36-b015-16f9e946a2d9',	'007248ab-ebd5-41b7-b241-43f6e884d46e'),
('d2fc4599-a6c6-4c36-b015-16f9e946a2d9',	'01b0bc93-18e3-4f41-8fde-9907cabda7cc'),
('d2fc4599-a6c6-4c36-b015-16f9e946a2d9',	'16325287-9d46-44ee-a41b-50ce8246f5b6'),
('d2fc4599-a6c6-4c36-b015-16f9e946a2d9',	'336b8f36-8948-4546-be29-475c16c4c842'),
('d2fc4599-a6c6-4c36-b015-16f9e946a2d9',	'5ae099ab-a8fe-41d3-906b-1375b52fbce6'),
('d2fc4599-a6c6-4c36-b015-16f9e946a2d9',	'6bb9aeed-48f8-44b5-ba64-1d54dceeeeb0'),
('d2fc4599-a6c6-4c36-b015-16f9e946a2d9',	'8e88a524-ee4a-4374-9add-52ad77705a3e'),
('d2fc4599-a6c6-4c36-b015-16f9e946a2d9',	'908a80b5-99d2-4f51-90bd-c2fb72c6c896'),
('d2fc4599-a6c6-4c36-b015-16f9e946a2d9',	'98f66def-3be9-4100-b5d8-13c9d7a9f18a'),
('d2fc4599-a6c6-4c36-b015-16f9e946a2d9',	'9e9b6653-0f76-4716-a3ed-1fd8cf4ba860'),
('d2fc4599-a6c6-4c36-b015-16f9e946a2d9',	'ba2c206c-8757-40e4-b9c3-88ce706e08ab'),
('d2fc4599-a6c6-4c36-b015-16f9e946a2d9',	'd8f23b86-1628-4f61-86ae-7b2aafd6661b'),
('d2fc4599-a6c6-4c36-b015-16f9e946a2d9',	'e054d2cf-9a3a-4f2a-9315-ca2e600e09c8'),
('d2fc4599-a6c6-4c36-b015-16f9e946a2d9',	'e95f432d-068e-46a2-a033-6e1641e66e14'),
('d2fc4599-a6c6-4c36-b015-16f9e946a2d9',	'eccde53a-79e0-4f5b-97be-1f7f9e2ba2e7'),
('d2fc4599-a6c6-4c36-b015-16f9e946a2d9',	'eeddd529-a756-4b40-9d30-c0031c0c1ac1'),
('d2fc4599-a6c6-4c36-b015-16f9e946a2d9',	'f429de6f-6dac-4c1a-ab3f-e72e0a4400e6'),
('d2fc4599-a6c6-4c36-b015-16f9e946a2d9',	'fc027cde-ca6e-4590-acec-40b9edf63ef7'),
('dcbad16e-6fef-48c1-a76f-eaa7530be48c',	'0aa66e15-b238-4b36-9f75-8641ba0ae555'),
('dcbad16e-6fef-48c1-a76f-eaa7530be48c',	'f10eb968-90ba-4398-8f12-4f8609e1d595'),
('de3d6307-4545-4bc9-a52d-82b0f6919934',	'7f423681-826b-4dfe-9e3b-1a9388399234'),
('de3d6307-4545-4bc9-a52d-82b0f6919934',	'9d4bc3ae-0006-4b17-acf2-4628e686d27e'),
('eeddd529-a756-4b40-9d30-c0031c0c1ac1',	'336b8f36-8948-4546-be29-475c16c4c842'),
('eeddd529-a756-4b40-9d30-c0031c0c1ac1',	'd8f23b86-1628-4f61-86ae-7b2aafd6661b');

DROP TABLE IF EXISTS `CREDENTIAL`;
CREATE TABLE `CREDENTIAL` (
  `ID` varchar(36) NOT NULL,
  `SALT` tinyblob,
  `TYPE` varchar(255) DEFAULT NULL,
  `USER_ID` varchar(36) DEFAULT NULL,
  `CREATED_DATE` bigint DEFAULT NULL,
  `USER_LABEL` varchar(255) DEFAULT NULL,
  `SECRET_DATA` longtext,
  `CREDENTIAL_DATA` longtext,
  `PRIORITY` int DEFAULT NULL,
  PRIMARY KEY (`ID`),
  KEY `IDX_USER_CREDENTIAL` (`USER_ID`),
  CONSTRAINT `FK_PFYR0GLASQYL0DEI3KL69R6V0` FOREIGN KEY (`USER_ID`) REFERENCES `USER_ENTITY` (`ID`)
) ENGINE=InnoDB DEFAULT CHARSET=utf8mb4 COLLATE=utf8mb4_0900_ai_ci;

INSERT INTO `CREDENTIAL` (`ID`, `SALT`, `TYPE`, `USER_ID`, `CREATED_DATE`, `USER_LABEL`, `SECRET_DATA`, `CREDENTIAL_DATA`, `PRIORITY`) VALUES
('4271fed5-9864-436a-a1e9-dbd2e87cd89c',	NULL,	'password',	'a2bd563a-bd02-4cc1-b3b7-854a5f79c2bd',	1660480107009,	NULL,	'{\"value\":\"lkRbG2OgPf1WQWVXxQRx7O7cI0XCt+jIKq8J2mdUupBpYCz/4NUJ4z9VnNDKtcykYGYOxLukXqqicYjdvqYJzA==\",\"salt\":\"nYJg3lTmi5vuML9Nr1c/KA==\",\"additionalParameters\":{}}',	'{\"hashIterations\":27500,\"algorithm\":\"pbkdf2-sha256\",\"additionalParameters\":{}}',	10),
('4fa0cf1d-1526-4836-b4c7-3a56ba86663a',	NULL,	'password',	'e66ef22c-25d7-47ad-bab8-8d6ad734aede',	1660556107026,	NULL,	'{\"value\":\"c8YkYf4X8yuIfD4/JcnJ6ySudU6pbh3CIRS1HCKSi2BwOgDbs0aUkm+SEZIlM8NHyWvKJu2p/2VakZRnGVMLLA==\",\"salt\":\"pMcC2t8+T7osl4zQtoPwTg==\",\"additionalParameters\":{}}',	'{\"hashIterations\":27500,\"algorithm\":\"pbkdf2-sha256\",\"additionalParameters\":{}}',	10),
('714455c7-04d9-4807-8448-c11fb6641f25',	NULL,	'password',	'5f6558c3-9d6c-4f29-af93-5885e9baa92e',	1661018081078,	NULL,	'{\"value\":\"3wtr2n39Vw32A7tFfzBYehehvA9F5HBu6JrWSFYfPg1Kds3AeoYNkHzs+oeE34hbubTeNicWJVGOsLi7f1YPyg==\",\"salt\":\"xfU7+li47VNoNQf/ptzhYw==\",\"additionalParameters\":{}}',	'{\"hashIterations\":27500,\"algorithm\":\"pbkdf2-sha256\",\"additionalParameters\":{}}',	10),
('73935bf6-0680-4aec-a808-c5e609f2d387',	NULL,	'password',	'9bdc754f-3529-48dc-b786-d13f424e16a1',	1660577741561,	NULL,	'{\"value\":\"dvgvXRTyn9uhvB6owH6SAgcGvMD8TM5oupp60wjKN5aESoe1bBqBIUGwegr0NUSNZka6jWAntAoMQ1zvUUkgyw==\",\"salt\":\"62XyraIhSfupTvTdlX7dXQ==\",\"additionalParameters\":{}}',	'{\"hashIterations\":27500,\"algorithm\":\"pbkdf2-sha256\",\"additionalParameters\":{}}',	10),
('792fb5ef-a205-42a6-b48f-75298842d2c9',	NULL,	'password',	'87940f89-c095-47ae-b16f-18409dc80586',	1660576792119,	NULL,	'{\"value\":\"s7j3WIJPxbhy/yZjDRDbFgF8tgHqgK3oCh0oIvcWxGh6g2GWHyNPdquCjNeNHYmgGDWGGO6N0M4H1btbcR/VCw==\",\"salt\":\"TPeZJSTdsPRFwVRQYEjcUA==\",\"additionalParameters\":{}}',	'{\"hashIterations\":27500,\"algorithm\":\"pbkdf2-sha256\",\"additionalParameters\":{}}',	10),
('7b1b5d91-07f8-463a-818c-3863574bd63e',	NULL,	'password',	'f9efec3d-f452-4539-8d6d-3659e4cc5788',	1659952604621,	'My password',	'{\"value\":\"vRxAntwnhYMthxYdDXo/VWup/KTZYfn2caL5y/bJ3eOeamTLSJB4AoQgv262ipiqRko+hR3C7aT6GYDqFnmnUw==\",\"salt\":\"6jKSL2AhBfjGz82ndTGASQ==\",\"additionalParameters\":{}}',	'{\"hashIterations\":27500,\"algorithm\":\"pbkdf2-sha256\",\"additionalParameters\":{}}',	10),
('fdc8b330-8114-485a-8c41-dceb090989fa',	NULL,	'password',	'108876b0-e127-44e9-a57e-2791b7827a20',	1659951026584,	NULL,	'{\"value\":\"8hm7j73CR4xI2UwBUzZBquSEyFsKhn/QMg1SzV/pQLm30MKcSNdAidizyRHm9t7m7pSuxcCnQQ1lGuDVh4kjhQ==\",\"salt\":\"o/nUmptA4xkrrLB5TDymag==\",\"additionalParameters\":{}}',	'{\"hashIterations\":27500,\"algorithm\":\"pbkdf2-sha256\",\"additionalParameters\":{}}',	10);

DROP TABLE IF EXISTS `DATABASECHANGELOG`;
CREATE TABLE `DATABASECHANGELOG` (
  `ID` varchar(255) NOT NULL,
  `AUTHOR` varchar(255) NOT NULL,
  `FILENAME` varchar(255) NOT NULL,
  `DATEEXECUTED` datetime NOT NULL,
  `ORDEREXECUTED` int NOT NULL,
  `EXECTYPE` varchar(10) NOT NULL,
  `MD5SUM` varchar(35) DEFAULT NULL,
  `DESCRIPTION` varchar(255) DEFAULT NULL,
  `COMMENTS` varchar(255) DEFAULT NULL,
  `TAG` varchar(255) DEFAULT NULL,
  `LIQUIBASE` varchar(20) DEFAULT NULL,
  `CONTEXTS` varchar(255) DEFAULT NULL,
  `LABELS` varchar(255) DEFAULT NULL,
  `DEPLOYMENT_ID` varchar(10) DEFAULT NULL
) ENGINE=InnoDB DEFAULT CHARSET=utf8mb4 COLLATE=utf8mb4_0900_ai_ci;

INSERT INTO `DATABASECHANGELOG` (`ID`, `AUTHOR`, `FILENAME`, `DATEEXECUTED`, `ORDEREXECUTED`, `EXECTYPE`, `MD5SUM`, `DESCRIPTION`, `COMMENTS`, `TAG`, `LIQUIBASE`, `CONTEXTS`, `LABELS`, `DEPLOYMENT_ID`) VALUES
('1.0.0.Final-KEYCLOAK-5461',	'sthorger@redhat.com',	'META-INF/jpa-changelog-1.0.0.Final.xml',	'2022-08-08 09:29:29',	1,	'EXECUTED',	'8:bda77d94bf90182a1e30c24f1c155ec7',	'createTable tableName=APPLICATION_DEFAULT_ROLES; createTable tableName=CLIENT; createTable tableName=CLIENT_SESSION; createTable tableName=CLIENT_SESSION_ROLE; createTable tableName=COMPOSITE_ROLE; createTable tableName=CREDENTIAL; createTable tab...',	'',	NULL,	'4.8.0',	NULL,	NULL,	'9950962978'),
('1.0.0.Final-KEYCLOAK-5461',	'sthorger@redhat.com',	'META-INF/db2-jpa-changelog-1.0.0.Final.xml',	'2022-08-08 09:29:29',	2,	'MARK_RAN',	'8:1ecb330f30986693d1cba9ab579fa219',	'createTable tableName=APPLICATION_DEFAULT_ROLES; createTable tableName=CLIENT; createTable tableName=CLIENT_SESSION; createTable tableName=CLIENT_SESSION_ROLE; createTable tableName=COMPOSITE_ROLE; createTable tableName=CREDENTIAL; createTable tab...',	'',	NULL,	'4.8.0',	NULL,	NULL,	'9950962978'),
('1.1.0.Beta1',	'sthorger@redhat.com',	'META-INF/jpa-changelog-1.1.0.Beta1.xml',	'2022-08-08 09:29:30',	3,	'EXECUTED',	'8:cb7ace19bc6d959f305605d255d4c843',	'delete tableName=CLIENT_SESSION_ROLE; delete tableName=CLIENT_SESSION; delete tableName=USER_SESSION; createTable tableName=CLIENT_ATTRIBUTES; createTable tableName=CLIENT_SESSION_NOTE; createTable tableName=APP_NODE_REGISTRATIONS; addColumn table...',	'',	NULL,	'4.8.0',	NULL,	NULL,	'9950962978'),
('1.1.0.Final',	'sthorger@redhat.com',	'META-INF/jpa-changelog-1.1.0.Final.xml',	'2022-08-08 09:29:30',	4,	'EXECUTED',	'8:80230013e961310e6872e871be424a63',	'renameColumn newColumnName=EVENT_TIME, oldColumnName=TIME, tableName=EVENT_ENTITY',	'',	NULL,	'4.8.0',	NULL,	NULL,	'9950962978'),
('1.2.0.Beta1',	'psilva@redhat.com',	'META-INF/jpa-changelog-1.2.0.Beta1.xml',	'2022-08-08 09:29:33',	5,	'EXECUTED',	'8:67f4c20929126adc0c8e9bf48279d244',	'delete tableName=CLIENT_SESSION_ROLE; delete tableName=CLIENT_SESSION_NOTE; delete tableName=CLIENT_SESSION; delete tableName=USER_SESSION; createTable tableName=PROTOCOL_MAPPER; createTable tableName=PROTOCOL_MAPPER_CONFIG; createTable tableName=...',	'',	NULL,	'4.8.0',	NULL,	NULL,	'9950962978'),
('1.2.0.Beta1',	'psilva@redhat.com',	'META-INF/db2-jpa-changelog-1.2.0.Beta1.xml',	'2022-08-08 09:29:33',	6,	'MARK_RAN',	'8:7311018b0b8179ce14628ab412bb6783',	'delete tableName=CLIENT_SESSION_ROLE; delete tableName=CLIENT_SESSION_NOTE; delete tableName=CLIENT_SESSION; delete tableName=USER_SESSION; createTable tableName=PROTOCOL_MAPPER; createTable tableName=PROTOCOL_MAPPER_CONFIG; createTable tableName=...',	'',	NULL,	'4.8.0',	NULL,	NULL,	'9950962978'),
('1.2.0.RC1',	'bburke@redhat.com',	'META-INF/jpa-changelog-1.2.0.CR1.xml',	'2022-08-08 09:29:36',	7,	'EXECUTED',	'8:037ba1216c3640f8785ee6b8e7c8e3c1',	'delete tableName=CLIENT_SESSION_ROLE; delete tableName=CLIENT_SESSION_NOTE; delete tableName=CLIENT_SESSION; delete tableName=USER_SESSION_NOTE; delete tableName=USER_SESSION; createTable tableName=MIGRATION_MODEL; createTable tableName=IDENTITY_P...',	'',	NULL,	'4.8.0',	NULL,	NULL,	'9950962978'),
('1.2.0.RC1',	'bburke@redhat.com',	'META-INF/db2-jpa-changelog-1.2.0.CR1.xml',	'2022-08-08 09:29:36',	8,	'MARK_RAN',	'8:7fe6ffe4af4df289b3157de32c624263',	'delete tableName=CLIENT_SESSION_ROLE; delete tableName=CLIENT_SESSION_NOTE; delete tableName=CLIENT_SESSION; delete tableName=USER_SESSION_NOTE; delete tableName=USER_SESSION; createTable tableName=MIGRATION_MODEL; createTable tableName=IDENTITY_P...',	'',	NULL,	'4.8.0',	NULL,	NULL,	'9950962978'),
('1.2.0.Final',	'keycloak',	'META-INF/jpa-changelog-1.2.0.Final.xml',	'2022-08-08 09:29:37',	9,	'EXECUTED',	'8:9c136bc3187083a98745c7d03bc8a303',	'update tableName=CLIENT; update tableName=CLIENT; update tableName=CLIENT',	'',	NULL,	'4.8.0',	NULL,	NULL,	'9950962978'),
('1.3.0',	'bburke@redhat.com',	'META-INF/jpa-changelog-1.3.0.xml',	'2022-08-08 09:29:41',	10,	'EXECUTED',	'8:b5f09474dca81fb56a97cf5b6553d331',	'delete tableName=CLIENT_SESSION_ROLE; delete tableName=CLIENT_SESSION_PROT_MAPPER; delete tableName=CLIENT_SESSION_NOTE; delete tableName=CLIENT_SESSION; delete tableName=USER_SESSION_NOTE; delete tableName=USER_SESSION; createTable tableName=ADMI...',	'',	NULL,	'4.8.0',	NULL,	NULL,	'9950962978'),
('1.4.0',	'bburke@redhat.com',	'META-INF/jpa-changelog-1.4.0.xml',	'2022-08-08 09:29:42',	11,	'EXECUTED',	'8:ca924f31bd2a3b219fdcfe78c82dacf4',	'delete tableName=CLIENT_SESSION_AUTH_STATUS; delete tableName=CLIENT_SESSION_ROLE; delete tableName=CLIENT_SESSION_PROT_MAPPER; delete tableName=CLIENT_SESSION_NOTE; delete tableName=CLIENT_SESSION; delete tableName=USER_SESSION_NOTE; delete table...',	'',	NULL,	'4.8.0',	NULL,	NULL,	'9950962978'),
('1.4.0',	'bburke@redhat.com',	'META-INF/db2-jpa-changelog-1.4.0.xml',	'2022-08-08 09:29:42',	12,	'MARK_RAN',	'8:8acad7483e106416bcfa6f3b824a16cd',	'delete tableName=CLIENT_SESSION_AUTH_STATUS; delete tableName=CLIENT_SESSION_ROLE; delete tableName=CLIENT_SESSION_PROT_MAPPER; delete tableName=CLIENT_SESSION_NOTE; delete tableName=CLIENT_SESSION; delete tableName=USER_SESSION_NOTE; delete table...',	'',	NULL,	'4.8.0',	NULL,	NULL,	'9950962978'),
('1.5.0',	'bburke@redhat.com',	'META-INF/jpa-changelog-1.5.0.xml',	'2022-08-08 09:29:43',	13,	'EXECUTED',	'8:9b1266d17f4f87c78226f5055408fd5e',	'delete tableName=CLIENT_SESSION_AUTH_STATUS; delete tableName=CLIENT_SESSION_ROLE; delete tableName=CLIENT_SESSION_PROT_MAPPER; delete tableName=CLIENT_SESSION_NOTE; delete tableName=CLIENT_SESSION; delete tableName=USER_SESSION_NOTE; delete table...',	'',	NULL,	'4.8.0',	NULL,	NULL,	'9950962978'),
('1.6.1_from15',	'mposolda@redhat.com',	'META-INF/jpa-changelog-1.6.1.xml',	'2022-08-08 09:29:43',	14,	'EXECUTED',	'8:d80ec4ab6dbfe573550ff72396c7e910',	'addColumn tableName=REALM; addColumn tableName=KEYCLOAK_ROLE; addColumn tableName=CLIENT; createTable tableName=OFFLINE_USER_SESSION; createTable tableName=OFFLINE_CLIENT_SESSION; addPrimaryKey constraintName=CONSTRAINT_OFFL_US_SES_PK2, tableName=...',	'',	NULL,	'4.8.0',	NULL,	NULL,	'9950962978'),
('1.6.1_from16-pre',	'mposolda@redhat.com',	'META-INF/jpa-changelog-1.6.1.xml',	'2022-08-08 09:29:43',	15,	'MARK_RAN',	'8:d86eb172171e7c20b9c849b584d147b2',	'delete tableName=OFFLINE_CLIENT_SESSION; delete tableName=OFFLINE_USER_SESSION',	'',	NULL,	'4.8.0',	NULL,	NULL,	'9950962978'),
('1.6.1_from16',	'mposolda@redhat.com',	'META-INF/jpa-changelog-1.6.1.xml',	'2022-08-08 09:29:43',	16,	'MARK_RAN',	'8:5735f46f0fa60689deb0ecdc2a0dea22',	'dropPrimaryKey constraintName=CONSTRAINT_OFFLINE_US_SES_PK, tableName=OFFLINE_USER_SESSION; dropPrimaryKey constraintName=CONSTRAINT_OFFLINE_CL_SES_PK, tableName=OFFLINE_CLIENT_SESSION; addColumn tableName=OFFLINE_USER_SESSION; update tableName=OF...',	'',	NULL,	'4.8.0',	NULL,	NULL,	'9950962978'),
('1.6.1',	'mposolda@redhat.com',	'META-INF/jpa-changelog-1.6.1.xml',	'2022-08-08 09:29:43',	17,	'EXECUTED',	'8:d41d8cd98f00b204e9800998ecf8427e',	'empty',	'',	NULL,	'4.8.0',	NULL,	NULL,	'9950962978'),
('1.7.0',	'bburke@redhat.com',	'META-INF/jpa-changelog-1.7.0.xml',	'2022-08-08 09:29:46',	18,	'EXECUTED',	'8:5c1a8fd2014ac7fc43b90a700f117b23',	'createTable tableName=KEYCLOAK_GROUP; createTable tableName=GROUP_ROLE_MAPPING; createTable tableName=GROUP_ATTRIBUTE; createTable tableName=USER_GROUP_MEMBERSHIP; createTable tableName=REALM_DEFAULT_GROUPS; addColumn tableName=IDENTITY_PROVIDER; ...',	'',	NULL,	'4.8.0',	NULL,	NULL,	'9950962978'),
('1.8.0',	'mposolda@redhat.com',	'META-INF/jpa-changelog-1.8.0.xml',	'2022-08-08 09:29:47',	19,	'EXECUTED',	'8:1f6c2c2dfc362aff4ed75b3f0ef6b331',	'addColumn tableName=IDENTITY_PROVIDER; createTable tableName=CLIENT_TEMPLATE; createTable tableName=CLIENT_TEMPLATE_ATTRIBUTES; createTable tableName=TEMPLATE_SCOPE_MAPPING; dropNotNullConstraint columnName=CLIENT_ID, tableName=PROTOCOL_MAPPER; ad...',	'',	NULL,	'4.8.0',	NULL,	NULL,	'9950962978'),
('1.8.0-2',	'keycloak',	'META-INF/jpa-changelog-1.8.0.xml',	'2022-08-08 09:29:48',	20,	'EXECUTED',	'8:dee9246280915712591f83a127665107',	'dropDefaultValue columnName=ALGORITHM, tableName=CREDENTIAL; update tableName=CREDENTIAL',	'',	NULL,	'4.8.0',	NULL,	NULL,	'9950962978'),
('1.8.0',	'mposolda@redhat.com',	'META-INF/db2-jpa-changelog-1.8.0.xml',	'2022-08-08 09:29:48',	21,	'MARK_RAN',	'8:9eb2ee1fa8ad1c5e426421a6f8fdfa6a',	'addColumn tableName=IDENTITY_PROVIDER; createTable tableName=CLIENT_TEMPLATE; createTable tableName=CLIENT_TEMPLATE_ATTRIBUTES; createTable tableName=TEMPLATE_SCOPE_MAPPING; dropNotNullConstraint columnName=CLIENT_ID, tableName=PROTOCOL_MAPPER; ad...',	'',	NULL,	'4.8.0',	NULL,	NULL,	'9950962978'),
('1.8.0-2',	'keycloak',	'META-INF/db2-jpa-changelog-1.8.0.xml',	'2022-08-08 09:29:48',	22,	'MARK_RAN',	'8:dee9246280915712591f83a127665107',	'dropDefaultValue columnName=ALGORITHM, tableName=CREDENTIAL; update tableName=CREDENTIAL',	'',	NULL,	'4.8.0',	NULL,	NULL,	'9950962978'),
('1.9.0',	'mposolda@redhat.com',	'META-INF/jpa-changelog-1.9.0.xml',	'2022-08-08 09:29:48',	23,	'EXECUTED',	'8:d9fa18ffa355320395b86270680dd4fe',	'update tableName=REALM; update tableName=REALM; update tableName=REALM; update tableName=REALM; update tableName=CREDENTIAL; update tableName=CREDENTIAL; update tableName=CREDENTIAL; update tableName=REALM; update tableName=REALM; customChange; dr...',	'',	NULL,	'4.8.0',	NULL,	NULL,	'9950962978'),
('1.9.1',	'keycloak',	'META-INF/jpa-changelog-1.9.1.xml',	'2022-08-08 09:29:49',	24,	'EXECUTED',	'8:90cff506fedb06141ffc1c71c4a1214c',	'modifyDataType columnName=PRIVATE_KEY, tableName=REALM; modifyDataType columnName=PUBLIC_KEY, tableName=REALM; modifyDataType columnName=CERTIFICATE, tableName=REALM',	'',	NULL,	'4.8.0',	NULL,	NULL,	'9950962978'),
('1.9.1',	'keycloak',	'META-INF/db2-jpa-changelog-1.9.1.xml',	'2022-08-08 09:29:49',	25,	'MARK_RAN',	'8:11a788aed4961d6d29c427c063af828c',	'modifyDataType columnName=PRIVATE_KEY, tableName=REALM; modifyDataType columnName=CERTIFICATE, tableName=REALM',	'',	NULL,	'4.8.0',	NULL,	NULL,	'9950962978'),
('1.9.2',	'keycloak',	'META-INF/jpa-changelog-1.9.2.xml',	'2022-08-08 09:29:49',	26,	'EXECUTED',	'8:a4218e51e1faf380518cce2af5d39b43',	'createIndex indexName=IDX_USER_EMAIL, tableName=USER_ENTITY; createIndex indexName=IDX_USER_ROLE_MAPPING, tableName=USER_ROLE_MAPPING; createIndex indexName=IDX_USER_GROUP_MAPPING, tableName=USER_GROUP_MEMBERSHIP; createIndex indexName=IDX_USER_CO...',	'',	NULL,	'4.8.0',	NULL,	NULL,	'9950962978'),
('authz-2.0.0',	'psilva@redhat.com',	'META-INF/jpa-changelog-authz-2.0.0.xml',	'2022-08-08 09:29:51',	27,	'EXECUTED',	'8:d9e9a1bfaa644da9952456050f07bbdc',	'createTable tableName=RESOURCE_SERVER; addPrimaryKey constraintName=CONSTRAINT_FARS, tableName=RESOURCE_SERVER; addUniqueConstraint constraintName=UK_AU8TT6T700S9V50BU18WS5HA6, tableName=RESOURCE_SERVER; createTable tableName=RESOURCE_SERVER_RESOU...',	'',	NULL,	'4.8.0',	NULL,	NULL,	'9950962978'),
('authz-2.5.1',	'psilva@redhat.com',	'META-INF/jpa-changelog-authz-2.5.1.xml',	'2022-08-08 09:29:51',	28,	'EXECUTED',	'8:d1bf991a6163c0acbfe664b615314505',	'update tableName=RESOURCE_SERVER_POLICY',	'',	NULL,	'4.8.0',	NULL,	NULL,	'9950962978'),
('2.1.0-KEYCLOAK-5461',	'bburke@redhat.com',	'META-INF/jpa-changelog-2.1.0.xml',	'2022-08-08 09:29:52',	29,	'EXECUTED',	'8:88a743a1e87ec5e30bf603da68058a8c',	'createTable tableName=BROKER_LINK; createTable tableName=FED_USER_ATTRIBUTE; createTable tableName=FED_USER_CONSENT; createTable tableName=FED_USER_CONSENT_ROLE; createTable tableName=FED_USER_CONSENT_PROT_MAPPER; createTable tableName=FED_USER_CR...',	'',	NULL,	'4.8.0',	NULL,	NULL,	'9950962978'),
('2.2.0',	'bburke@redhat.com',	'META-INF/jpa-changelog-2.2.0.xml',	'2022-08-08 09:29:53',	30,	'EXECUTED',	'8:c5517863c875d325dea463d00ec26d7a',	'addColumn tableName=ADMIN_EVENT_ENTITY; createTable tableName=CREDENTIAL_ATTRIBUTE; createTable tableName=FED_CREDENTIAL_ATTRIBUTE; modifyDataType columnName=VALUE, tableName=CREDENTIAL; addForeignKeyConstraint baseTableName=FED_CREDENTIAL_ATTRIBU...',	'',	NULL,	'4.8.0',	NULL,	NULL,	'9950962978'),
('2.3.0',	'bburke@redhat.com',	'META-INF/jpa-changelog-2.3.0.xml',	'2022-08-08 09:29:54',	31,	'EXECUTED',	'8:ada8b4833b74a498f376d7136bc7d327',	'createTable tableName=FEDERATED_USER; addPrimaryKey constraintName=CONSTR_FEDERATED_USER, tableName=FEDERATED_USER; dropDefaultValue columnName=TOTP, tableName=USER_ENTITY; dropColumn columnName=TOTP, tableName=USER_ENTITY; addColumn tableName=IDE...',	'',	NULL,	'4.8.0',	NULL,	NULL,	'9950962978'),
('2.4.0',	'bburke@redhat.com',	'META-INF/jpa-changelog-2.4.0.xml',	'2022-08-08 09:29:54',	32,	'EXECUTED',	'8:b9b73c8ea7299457f99fcbb825c263ba',	'customChange',	'',	NULL,	'4.8.0',	NULL,	NULL,	'9950962978'),
('2.5.0',	'bburke@redhat.com',	'META-INF/jpa-changelog-2.5.0.xml',	'2022-08-08 09:29:54',	33,	'EXECUTED',	'8:07724333e625ccfcfc5adc63d57314f3',	'customChange; modifyDataType columnName=USER_ID, tableName=OFFLINE_USER_SESSION',	'',	NULL,	'4.8.0',	NULL,	NULL,	'9950962978'),
('2.5.0-unicode-oracle',	'hmlnarik@redhat.com',	'META-INF/jpa-changelog-2.5.0.xml',	'2022-08-08 09:29:54',	34,	'MARK_RAN',	'8:8b6fd445958882efe55deb26fc541a7b',	'modifyDataType columnName=DESCRIPTION, tableName=AUTHENTICATION_FLOW; modifyDataType columnName=DESCRIPTION, tableName=CLIENT_TEMPLATE; modifyDataType columnName=DESCRIPTION, tableName=RESOURCE_SERVER_POLICY; modifyDataType columnName=DESCRIPTION,...',	'',	NULL,	'4.8.0',	NULL,	NULL,	'9950962978'),
('2.5.0-unicode-other-dbs',	'hmlnarik@redhat.com',	'META-INF/jpa-changelog-2.5.0.xml',	'2022-08-08 09:29:57',	35,	'EXECUTED',	'8:29b29cfebfd12600897680147277a9d7',	'modifyDataType columnName=DESCRIPTION, tableName=AUTHENTICATION_FLOW; modifyDataType columnName=DESCRIPTION, tableName=CLIENT_TEMPLATE; modifyDataType columnName=DESCRIPTION, tableName=RESOURCE_SERVER_POLICY; modifyDataType columnName=DESCRIPTION,...',	'',	NULL,	'4.8.0',	NULL,	NULL,	'9950962978'),
('2.5.0-duplicate-email-support',	'slawomir@dabek.name',	'META-INF/jpa-changelog-2.5.0.xml',	'2022-08-08 09:29:57',	36,	'EXECUTED',	'8:73ad77ca8fd0410c7f9f15a471fa52bc',	'addColumn tableName=REALM',	'',	NULL,	'4.8.0',	NULL,	NULL,	'9950962978'),
('2.5.0-unique-group-names',	'hmlnarik@redhat.com',	'META-INF/jpa-changelog-2.5.0.xml',	'2022-08-08 09:29:58',	37,	'EXECUTED',	'8:64f27a6fdcad57f6f9153210f2ec1bdb',	'addUniqueConstraint constraintName=SIBLING_NAMES, tableName=KEYCLOAK_GROUP',	'',	NULL,	'4.8.0',	NULL,	NULL,	'9950962978'),
('2.5.1',	'bburke@redhat.com',	'META-INF/jpa-changelog-2.5.1.xml',	'2022-08-08 09:29:58',	38,	'EXECUTED',	'8:27180251182e6c31846c2ddab4bc5781',	'addColumn tableName=FED_USER_CONSENT',	'',	NULL,	'4.8.0',	NULL,	NULL,	'9950962978'),
('3.0.0',	'bburke@redhat.com',	'META-INF/jpa-changelog-3.0.0.xml',	'2022-08-08 09:29:58',	39,	'EXECUTED',	'8:d56f201bfcfa7a1413eb3e9bc02978f9',	'addColumn tableName=IDENTITY_PROVIDER',	'',	NULL,	'4.8.0',	NULL,	NULL,	'9950962978'),
('3.2.0-fix',	'keycloak',	'META-INF/jpa-changelog-3.2.0.xml',	'2022-08-08 09:29:58',	40,	'MARK_RAN',	'8:91f5522bf6afdc2077dfab57fbd3455c',	'addNotNullConstraint columnName=REALM_ID, tableName=CLIENT_INITIAL_ACCESS',	'',	NULL,	'4.8.0',	NULL,	NULL,	'9950962978'),
('3.2.0-fix-with-keycloak-5416',	'keycloak',	'META-INF/jpa-changelog-3.2.0.xml',	'2022-08-08 09:29:58',	41,	'MARK_RAN',	'8:0f01b554f256c22caeb7d8aee3a1cdc8',	'dropIndex indexName=IDX_CLIENT_INIT_ACC_REALM, tableName=CLIENT_INITIAL_ACCESS; addNotNullConstraint columnName=REALM_ID, tableName=CLIENT_INITIAL_ACCESS; createIndex indexName=IDX_CLIENT_INIT_ACC_REALM, tableName=CLIENT_INITIAL_ACCESS',	'',	NULL,	'4.8.0',	NULL,	NULL,	'9950962978'),
('3.2.0-fix-offline-sessions',	'hmlnarik',	'META-INF/jpa-changelog-3.2.0.xml',	'2022-08-08 09:29:58',	42,	'EXECUTED',	'8:ab91cf9cee415867ade0e2df9651a947',	'customChange',	'',	NULL,	'4.8.0',	NULL,	NULL,	'9950962978'),
('3.2.0-fixed',	'keycloak',	'META-INF/jpa-changelog-3.2.0.xml',	'2022-08-08 09:30:02',	43,	'EXECUTED',	'8:ceac9b1889e97d602caf373eadb0d4b7',	'addColumn tableName=REALM; dropPrimaryKey constraintName=CONSTRAINT_OFFL_CL_SES_PK2, tableName=OFFLINE_CLIENT_SESSION; dropColumn columnName=CLIENT_SESSION_ID, tableName=OFFLINE_CLIENT_SESSION; addPrimaryKey constraintName=CONSTRAINT_OFFL_CL_SES_P...',	'',	NULL,	'4.8.0',	NULL,	NULL,	'9950962978'),
('3.3.0',	'keycloak',	'META-INF/jpa-changelog-3.3.0.xml',	'2022-08-08 09:30:02',	44,	'EXECUTED',	'8:84b986e628fe8f7fd8fd3c275c5259f2',	'addColumn tableName=USER_ENTITY',	'',	NULL,	'4.8.0',	NULL,	NULL,	'9950962978'),
('authz-3.4.0.CR1-resource-server-pk-change-part1',	'glavoie@gmail.com',	'META-INF/jpa-changelog-authz-3.4.0.CR1.xml',	'2022-08-08 09:30:02',	45,	'EXECUTED',	'8:a164ae073c56ffdbc98a615493609a52',	'addColumn tableName=RESOURCE_SERVER_POLICY; addColumn tableName=RESOURCE_SERVER_RESOURCE; addColumn tableName=RESOURCE_SERVER_SCOPE',	'',	NULL,	'4.8.0',	NULL,	NULL,	'9950962978'),
('authz-3.4.0.CR1-resource-server-pk-change-part2-KEYCLOAK-6095',	'hmlnarik@redhat.com',	'META-INF/jpa-changelog-authz-3.4.0.CR1.xml',	'2022-08-08 09:30:02',	46,	'EXECUTED',	'8:70a2b4f1f4bd4dbf487114bdb1810e64',	'customChange',	'',	NULL,	'4.8.0',	NULL,	NULL,	'9950962978'),
('authz-3.4.0.CR1-resource-server-pk-change-part3-fixed',	'glavoie@gmail.com',	'META-INF/jpa-changelog-authz-3.4.0.CR1.xml',	'2022-08-08 09:30:02',	47,	'MARK_RAN',	'8:7be68b71d2f5b94b8df2e824f2860fa2',	'dropIndex indexName=IDX_RES_SERV_POL_RES_SERV, tableName=RESOURCE_SERVER_POLICY; dropIndex indexName=IDX_RES_SRV_RES_RES_SRV, tableName=RESOURCE_SERVER_RESOURCE; dropIndex indexName=IDX_RES_SRV_SCOPE_RES_SRV, tableName=RESOURCE_SERVER_SCOPE',	'',	NULL,	'4.8.0',	NULL,	NULL,	'9950962978'),
('authz-3.4.0.CR1-resource-server-pk-change-part3-fixed-nodropindex',	'glavoie@gmail.com',	'META-INF/jpa-changelog-authz-3.4.0.CR1.xml',	'2022-08-08 09:30:04',	48,	'EXECUTED',	'8:bab7c631093c3861d6cf6144cd944982',	'addNotNullConstraint columnName=RESOURCE_SERVER_CLIENT_ID, tableName=RESOURCE_SERVER_POLICY; addNotNullConstraint columnName=RESOURCE_SERVER_CLIENT_ID, tableName=RESOURCE_SERVER_RESOURCE; addNotNullConstraint columnName=RESOURCE_SERVER_CLIENT_ID, ...',	'',	NULL,	'4.8.0',	NULL,	NULL,	'9950962978'),
('authn-3.4.0.CR1-refresh-token-max-reuse',	'glavoie@gmail.com',	'META-INF/jpa-changelog-authz-3.4.0.CR1.xml',	'2022-08-08 09:30:05',	49,	'EXECUTED',	'8:fa809ac11877d74d76fe40869916daad',	'addColumn tableName=REALM',	'',	NULL,	'4.8.0',	NULL,	NULL,	'9950962978'),
('3.4.0',	'keycloak',	'META-INF/jpa-changelog-3.4.0.xml',	'2022-08-08 09:30:06',	50,	'EXECUTED',	'8:fac23540a40208f5f5e326f6ceb4d291',	'addPrimaryKey constraintName=CONSTRAINT_REALM_DEFAULT_ROLES, tableName=REALM_DEFAULT_ROLES; addPrimaryKey constraintName=CONSTRAINT_COMPOSITE_ROLE, tableName=COMPOSITE_ROLE; addPrimaryKey constraintName=CONSTR_REALM_DEFAULT_GROUPS, tableName=REALM...',	'',	NULL,	'4.8.0',	NULL,	NULL,	'9950962978'),
('3.4.0-KEYCLOAK-5230',	'hmlnarik@redhat.com',	'META-INF/jpa-changelog-3.4.0.xml',	'2022-08-08 09:30:06',	51,	'EXECUTED',	'8:2612d1b8a97e2b5588c346e817307593',	'createIndex indexName=IDX_FU_ATTRIBUTE, tableName=FED_USER_ATTRIBUTE; createIndex indexName=IDX_FU_CONSENT, tableName=FED_USER_CONSENT; createIndex indexName=IDX_FU_CONSENT_RU, tableName=FED_USER_CONSENT; createIndex indexName=IDX_FU_CREDENTIAL, t...',	'',	NULL,	'4.8.0',	NULL,	NULL,	'9950962978'),
('3.4.1',	'psilva@redhat.com',	'META-INF/jpa-changelog-3.4.1.xml',	'2022-08-08 09:30:06',	52,	'EXECUTED',	'8:9842f155c5db2206c88bcb5d1046e941',	'modifyDataType columnName=VALUE, tableName=CLIENT_ATTRIBUTES',	'',	NULL,	'4.8.0',	NULL,	NULL,	'9950962978'),
('3.4.2',	'keycloak',	'META-INF/jpa-changelog-3.4.2.xml',	'2022-08-08 09:30:06',	53,	'EXECUTED',	'8:2e12e06e45498406db72d5b3da5bbc76',	'update tableName=REALM',	'',	NULL,	'4.8.0',	NULL,	NULL,	'9950962978'),
('3.4.2-KEYCLOAK-5172',	'mkanis@redhat.com',	'META-INF/jpa-changelog-3.4.2.xml',	'2022-08-08 09:30:06',	54,	'EXECUTED',	'8:33560e7c7989250c40da3abdabdc75a4',	'update tableName=CLIENT',	'',	NULL,	'4.8.0',	NULL,	NULL,	'9950962978'),
('4.0.0-KEYCLOAK-6335',	'bburke@redhat.com',	'META-INF/jpa-changelog-4.0.0.xml',	'2022-08-08 09:30:07',	55,	'EXECUTED',	'8:87a8d8542046817a9107c7eb9cbad1cd',	'createTable tableName=CLIENT_AUTH_FLOW_BINDINGS; addPrimaryKey constraintName=C_CLI_FLOW_BIND, tableName=CLIENT_AUTH_FLOW_BINDINGS',	'',	NULL,	'4.8.0',	NULL,	NULL,	'9950962978'),
('4.0.0-CLEANUP-UNUSED-TABLE',	'bburke@redhat.com',	'META-INF/jpa-changelog-4.0.0.xml',	'2022-08-08 09:30:07',	56,	'EXECUTED',	'8:3ea08490a70215ed0088c273d776311e',	'dropTable tableName=CLIENT_IDENTITY_PROV_MAPPING',	'',	NULL,	'4.8.0',	NULL,	NULL,	'9950962978'),
('4.0.0-KEYCLOAK-6228',	'bburke@redhat.com',	'META-INF/jpa-changelog-4.0.0.xml',	'2022-08-08 09:30:07',	57,	'EXECUTED',	'8:2d56697c8723d4592ab608ce14b6ed68',	'dropUniqueConstraint constraintName=UK_JKUWUVD56ONTGSUHOGM8UEWRT, tableName=USER_CONSENT; dropNotNullConstraint columnName=CLIENT_ID, tableName=USER_CONSENT; addColumn tableName=USER_CONSENT; addUniqueConstraint constraintName=UK_JKUWUVD56ONTGSUHO...',	'',	NULL,	'4.8.0',	NULL,	NULL,	'9950962978'),
('4.0.0-KEYCLOAK-5579-fixed',	'mposolda@redhat.com',	'META-INF/jpa-changelog-4.0.0.xml',	'2022-08-08 09:30:12',	58,	'EXECUTED',	'8:3e423e249f6068ea2bbe48bf907f9d86',	'dropForeignKeyConstraint baseTableName=CLIENT_TEMPLATE_ATTRIBUTES, constraintName=FK_CL_TEMPL_ATTR_TEMPL; renameTable newTableName=CLIENT_SCOPE_ATTRIBUTES, oldTableName=CLIENT_TEMPLATE_ATTRIBUTES; renameColumn newColumnName=SCOPE_ID, oldColumnName...',	'',	NULL,	'4.8.0',	NULL,	NULL,	'9950962978'),
('authz-4.0.0.CR1',	'psilva@redhat.com',	'META-INF/jpa-changelog-authz-4.0.0.CR1.xml',	'2022-08-08 09:30:14',	59,	'EXECUTED',	'8:15cabee5e5df0ff099510a0fc03e4103',	'createTable tableName=RESOURCE_SERVER_PERM_TICKET; addPrimaryKey constraintName=CONSTRAINT_FAPMT, tableName=RESOURCE_SERVER_PERM_TICKET; addForeignKeyConstraint baseTableName=RESOURCE_SERVER_PERM_TICKET, constraintName=FK_FRSRHO213XCX4WNKOG82SSPMT...',	'',	NULL,	'4.8.0',	NULL,	NULL,	'9950962978'),
('authz-4.0.0.Beta3',	'psilva@redhat.com',	'META-INF/jpa-changelog-authz-4.0.0.Beta3.xml',	'2022-08-08 09:30:15',	60,	'EXECUTED',	'8:4b80200af916ac54d2ffbfc47918ab0e',	'addColumn tableName=RESOURCE_SERVER_POLICY; addColumn tableName=RESOURCE_SERVER_PERM_TICKET; addForeignKeyConstraint baseTableName=RESOURCE_SERVER_PERM_TICKET, constraintName=FK_FRSRPO2128CX4WNKOG82SSRFY, referencedTableName=RESOURCE_SERVER_POLICY',	'',	NULL,	'4.8.0',	NULL,	NULL,	'9950962978'),
('authz-4.2.0.Final',	'mhajas@redhat.com',	'META-INF/jpa-changelog-authz-4.2.0.Final.xml',	'2022-08-08 09:30:15',	61,	'EXECUTED',	'8:66564cd5e168045d52252c5027485bbb',	'createTable tableName=RESOURCE_URIS; addForeignKeyConstraint baseTableName=RESOURCE_URIS, constraintName=FK_RESOURCE_SERVER_URIS, referencedTableName=RESOURCE_SERVER_RESOURCE; customChange; dropColumn columnName=URI, tableName=RESOURCE_SERVER_RESO...',	'',	NULL,	'4.8.0',	NULL,	NULL,	'9950962978'),
('authz-4.2.0.Final-KEYCLOAK-9944',	'hmlnarik@redhat.com',	'META-INF/jpa-changelog-authz-4.2.0.Final.xml',	'2022-08-08 09:30:15',	62,	'EXECUTED',	'8:1c7064fafb030222be2bd16ccf690f6f',	'addPrimaryKey constraintName=CONSTRAINT_RESOUR_URIS_PK, tableName=RESOURCE_URIS',	'',	NULL,	'4.8.0',	NULL,	NULL,	'9950962978'),
('4.2.0-KEYCLOAK-6313',	'wadahiro@gmail.com',	'META-INF/jpa-changelog-4.2.0.xml',	'2022-08-08 09:30:15',	63,	'EXECUTED',	'8:2de18a0dce10cdda5c7e65c9b719b6e5',	'addColumn tableName=REQUIRED_ACTION_PROVIDER',	'',	NULL,	'4.8.0',	NULL,	NULL,	'9950962978'),
('4.3.0-KEYCLOAK-7984',	'wadahiro@gmail.com',	'META-INF/jpa-changelog-4.3.0.xml',	'2022-08-08 09:30:15',	64,	'EXECUTED',	'8:03e413dd182dcbd5c57e41c34d0ef682',	'update tableName=REQUIRED_ACTION_PROVIDER',	'',	NULL,	'4.8.0',	NULL,	NULL,	'9950962978'),
('4.6.0-KEYCLOAK-7950',	'psilva@redhat.com',	'META-INF/jpa-changelog-4.6.0.xml',	'2022-08-08 09:30:15',	65,	'EXECUTED',	'8:d27b42bb2571c18fbe3fe4e4fb7582a7',	'update tableName=RESOURCE_SERVER_RESOURCE',	'',	NULL,	'4.8.0',	NULL,	NULL,	'9950962978'),
('4.6.0-KEYCLOAK-8377',	'keycloak',	'META-INF/jpa-changelog-4.6.0.xml',	'2022-08-08 09:30:15',	66,	'EXECUTED',	'8:698baf84d9fd0027e9192717c2154fb8',	'createTable tableName=ROLE_ATTRIBUTE; addPrimaryKey constraintName=CONSTRAINT_ROLE_ATTRIBUTE_PK, tableName=ROLE_ATTRIBUTE; addForeignKeyConstraint baseTableName=ROLE_ATTRIBUTE, constraintName=FK_ROLE_ATTRIBUTE_ID, referencedTableName=KEYCLOAK_ROLE...',	'',	NULL,	'4.8.0',	NULL,	NULL,	'9950962978'),
('4.6.0-KEYCLOAK-8555',	'gideonray@gmail.com',	'META-INF/jpa-changelog-4.6.0.xml',	'2022-08-08 09:30:15',	67,	'EXECUTED',	'8:ced8822edf0f75ef26eb51582f9a821a',	'createIndex indexName=IDX_COMPONENT_PROVIDER_TYPE, tableName=COMPONENT',	'',	NULL,	'4.8.0',	NULL,	NULL,	'9950962978'),
('4.7.0-KEYCLOAK-1267',	'sguilhen@redhat.com',	'META-INF/jpa-changelog-4.7.0.xml',	'2022-08-08 09:30:16',	68,	'EXECUTED',	'8:f0abba004cf429e8afc43056df06487d',	'addColumn tableName=REALM',	'',	NULL,	'4.8.0',	NULL,	NULL,	'9950962978'),
('4.7.0-KEYCLOAK-7275',	'keycloak',	'META-INF/jpa-changelog-4.7.0.xml',	'2022-08-08 09:30:16',	69,	'EXECUTED',	'8:6662f8b0b611caa359fcf13bf63b4e24',	'renameColumn newColumnName=CREATED_ON, oldColumnName=LAST_SESSION_REFRESH, tableName=OFFLINE_USER_SESSION; addNotNullConstraint columnName=CREATED_ON, tableName=OFFLINE_USER_SESSION; addColumn tableName=OFFLINE_USER_SESSION; customChange; createIn...',	'',	NULL,	'4.8.0',	NULL,	NULL,	'9950962978'),
('4.8.0-KEYCLOAK-8835',	'sguilhen@redhat.com',	'META-INF/jpa-changelog-4.8.0.xml',	'2022-08-08 09:30:16',	70,	'EXECUTED',	'8:9e6b8009560f684250bdbdf97670d39e',	'addNotNullConstraint columnName=SSO_MAX_LIFESPAN_REMEMBER_ME, tableName=REALM; addNotNullConstraint columnName=SSO_IDLE_TIMEOUT_REMEMBER_ME, tableName=REALM',	'',	NULL,	'4.8.0',	NULL,	NULL,	'9950962978'),
('authz-7.0.0-KEYCLOAK-10443',	'psilva@redhat.com',	'META-INF/jpa-changelog-authz-7.0.0.xml',	'2022-08-08 09:30:16',	71,	'EXECUTED',	'8:4223f561f3b8dc655846562b57bb502e',	'addColumn tableName=RESOURCE_SERVER',	'',	NULL,	'4.8.0',	NULL,	NULL,	'9950962978'),
('8.0.0-adding-credential-columns',	'keycloak',	'META-INF/jpa-changelog-8.0.0.xml',	'2022-08-08 09:30:16',	72,	'EXECUTED',	'8:215a31c398b363ce383a2b301202f29e',	'addColumn tableName=CREDENTIAL; addColumn tableName=FED_USER_CREDENTIAL',	'',	NULL,	'4.8.0',	NULL,	NULL,	'9950962978'),
('8.0.0-updating-credential-data-not-oracle-fixed',	'keycloak',	'META-INF/jpa-changelog-8.0.0.xml',	'2022-08-08 09:30:17',	73,	'EXECUTED',	'8:83f7a671792ca98b3cbd3a1a34862d3d',	'update tableName=CREDENTIAL; update tableName=CREDENTIAL; update tableName=CREDENTIAL; update tableName=FED_USER_CREDENTIAL; update tableName=FED_USER_CREDENTIAL; update tableName=FED_USER_CREDENTIAL',	'',	NULL,	'4.8.0',	NULL,	NULL,	'9950962978'),
('8.0.0-updating-credential-data-oracle-fixed',	'keycloak',	'META-INF/jpa-changelog-8.0.0.xml',	'2022-08-08 09:30:17',	74,	'MARK_RAN',	'8:f58ad148698cf30707a6efbdf8061aa7',	'update tableName=CREDENTIAL; update tableName=CREDENTIAL; update tableName=CREDENTIAL; update tableName=FED_USER_CREDENTIAL; update tableName=FED_USER_CREDENTIAL; update tableName=FED_USER_CREDENTIAL',	'',	NULL,	'4.8.0',	NULL,	NULL,	'9950962978'),
('8.0.0-credential-cleanup-fixed',	'keycloak',	'META-INF/jpa-changelog-8.0.0.xml',	'2022-08-08 09:30:18',	75,	'EXECUTED',	'8:79e4fd6c6442980e58d52ffc3ee7b19c',	'dropDefaultValue columnName=COUNTER, tableName=CREDENTIAL; dropDefaultValue columnName=DIGITS, tableName=CREDENTIAL; dropDefaultValue columnName=PERIOD, tableName=CREDENTIAL; dropDefaultValue columnName=ALGORITHM, tableName=CREDENTIAL; dropColumn ...',	'',	NULL,	'4.8.0',	NULL,	NULL,	'9950962978'),
('8.0.0-resource-tag-support',	'keycloak',	'META-INF/jpa-changelog-8.0.0.xml',	'2022-08-08 09:30:18',	76,	'EXECUTED',	'8:87af6a1e6d241ca4b15801d1f86a297d',	'addColumn tableName=MIGRATION_MODEL; createIndex indexName=IDX_UPDATE_TIME, tableName=MIGRATION_MODEL',	'',	NULL,	'4.8.0',	NULL,	NULL,	'9950962978'),
('9.0.0-always-display-client',	'keycloak',	'META-INF/jpa-changelog-9.0.0.xml',	'2022-08-08 09:30:18',	77,	'EXECUTED',	'8:b44f8d9b7b6ea455305a6d72a200ed15',	'addColumn tableName=CLIENT',	'',	NULL,	'4.8.0',	NULL,	NULL,	'9950962978'),
('9.0.0-drop-constraints-for-column-increase',	'keycloak',	'META-INF/jpa-changelog-9.0.0.xml',	'2022-08-08 09:30:18',	78,	'MARK_RAN',	'8:2d8ed5aaaeffd0cb004c046b4a903ac5',	'dropUniqueConstraint constraintName=UK_FRSR6T700S9V50BU18WS5PMT, tableName=RESOURCE_SERVER_PERM_TICKET; dropUniqueConstraint constraintName=UK_FRSR6T700S9V50BU18WS5HA6, tableName=RESOURCE_SERVER_RESOURCE; dropPrimaryKey constraintName=CONSTRAINT_O...',	'',	NULL,	'4.8.0',	NULL,	NULL,	'9950962978'),
('9.0.0-increase-column-size-federated-fk',	'keycloak',	'META-INF/jpa-changelog-9.0.0.xml',	'2022-08-08 09:30:20',	79,	'EXECUTED',	'8:e290c01fcbc275326c511633f6e2acde',	'modifyDataType columnName=CLIENT_ID, tableName=FED_USER_CONSENT; modifyDataType columnName=CLIENT_REALM_CONSTRAINT, tableName=KEYCLOAK_ROLE; modifyDataType columnName=OWNER, tableName=RESOURCE_SERVER_POLICY; modifyDataType columnName=CLIENT_ID, ta...',	'',	NULL,	'4.8.0',	NULL,	NULL,	'9950962978'),
('9.0.0-recreate-constraints-after-column-increase',	'keycloak',	'META-INF/jpa-changelog-9.0.0.xml',	'2022-08-08 09:30:20',	80,	'MARK_RAN',	'8:c9db8784c33cea210872ac2d805439f8',	'addNotNullConstraint columnName=CLIENT_ID, tableName=OFFLINE_CLIENT_SESSION; addNotNullConstraint columnName=OWNER, tableName=RESOURCE_SERVER_PERM_TICKET; addNotNullConstraint columnName=REQUESTER, tableName=RESOURCE_SERVER_PERM_TICKET; addNotNull...',	'',	NULL,	'4.8.0',	NULL,	NULL,	'9950962978'),
('9.0.1-add-index-to-client.client_id',	'keycloak',	'META-INF/jpa-changelog-9.0.1.xml',	'2022-08-08 09:30:20',	81,	'EXECUTED',	'8:95b676ce8fc546a1fcfb4c92fae4add5',	'createIndex indexName=IDX_CLIENT_ID, tableName=CLIENT',	'',	NULL,	'4.8.0',	NULL,	NULL,	'9950962978'),
('9.0.1-KEYCLOAK-12579-drop-constraints',	'keycloak',	'META-INF/jpa-changelog-9.0.1.xml',	'2022-08-08 09:30:20',	82,	'MARK_RAN',	'8:38a6b2a41f5651018b1aca93a41401e5',	'dropUniqueConstraint constraintName=SIBLING_NAMES, tableName=KEYCLOAK_GROUP',	'',	NULL,	'4.8.0',	NULL,	NULL,	'9950962978'),
('9.0.1-KEYCLOAK-12579-add-not-null-constraint',	'keycloak',	'META-INF/jpa-changelog-9.0.1.xml',	'2022-08-08 09:30:20',	83,	'EXECUTED',	'8:3fb99bcad86a0229783123ac52f7609c',	'addNotNullConstraint columnName=PARENT_GROUP, tableName=KEYCLOAK_GROUP',	'',	NULL,	'4.8.0',	NULL,	NULL,	'9950962978'),
('9.0.1-KEYCLOAK-12579-recreate-constraints',	'keycloak',	'META-INF/jpa-changelog-9.0.1.xml',	'2022-08-08 09:30:20',	84,	'MARK_RAN',	'8:64f27a6fdcad57f6f9153210f2ec1bdb',	'addUniqueConstraint constraintName=SIBLING_NAMES, tableName=KEYCLOAK_GROUP',	'',	NULL,	'4.8.0',	NULL,	NULL,	'9950962978'),
('9.0.1-add-index-to-events',	'keycloak',	'META-INF/jpa-changelog-9.0.1.xml',	'2022-08-08 09:30:20',	85,	'EXECUTED',	'8:ab4f863f39adafd4c862f7ec01890abc',	'createIndex indexName=IDX_EVENT_TIME, tableName=EVENT_ENTITY',	'',	NULL,	'4.8.0',	NULL,	NULL,	'9950962978'),
('map-remove-ri',	'keycloak',	'META-INF/jpa-changelog-11.0.0.xml',	'2022-08-08 09:30:20',	86,	'EXECUTED',	'8:13c419a0eb336e91ee3a3bf8fda6e2a7',	'dropForeignKeyConstraint baseTableName=REALM, constraintName=FK_TRAF444KK6QRKMS7N56AIWQ5Y; dropForeignKeyConstraint baseTableName=KEYCLOAK_ROLE, constraintName=FK_KJHO5LE2C0RAL09FL8CM9WFW9',	'',	NULL,	'4.8.0',	NULL,	NULL,	'9950962978'),
('map-remove-ri',	'keycloak',	'META-INF/jpa-changelog-12.0.0.xml',	'2022-08-08 09:30:21',	87,	'EXECUTED',	'8:e3fb1e698e0471487f51af1ed80fe3ac',	'dropForeignKeyConstraint baseTableName=REALM_DEFAULT_GROUPS, constraintName=FK_DEF_GROUPS_GROUP; dropForeignKeyConstraint baseTableName=REALM_DEFAULT_ROLES, constraintName=FK_H4WPD7W4HSOOLNI3H0SW7BTJE; dropForeignKeyConstraint baseTableName=CLIENT...',	'',	NULL,	'4.8.0',	NULL,	NULL,	'9950962978'),
('12.1.0-add-realm-localization-table',	'keycloak',	'META-INF/jpa-changelog-12.0.0.xml',	'2022-08-08 09:30:21',	88,	'EXECUTED',	'8:babadb686aab7b56562817e60bf0abd0',	'createTable tableName=REALM_LOCALIZATIONS; addPrimaryKey tableName=REALM_LOCALIZATIONS',	'',	NULL,	'4.8.0',	NULL,	NULL,	'9950962978'),
('default-roles',	'keycloak',	'META-INF/jpa-changelog-13.0.0.xml',	'2022-08-08 09:30:21',	89,	'EXECUTED',	'8:72d03345fda8e2f17093d08801947773',	'addColumn tableName=REALM; customChange',	'',	NULL,	'4.8.0',	NULL,	NULL,	'9950962978'),
('default-roles-cleanup',	'keycloak',	'META-INF/jpa-changelog-13.0.0.xml',	'2022-08-08 09:30:21',	90,	'EXECUTED',	'8:61c9233951bd96ffecd9ba75f7d978a4',	'dropTable tableName=REALM_DEFAULT_ROLES; dropTable tableName=CLIENT_DEFAULT_ROLES',	'',	NULL,	'4.8.0',	NULL,	NULL,	'9950962978'),
('13.0.0-KEYCLOAK-16844',	'keycloak',	'META-INF/jpa-changelog-13.0.0.xml',	'2022-08-08 09:30:21',	91,	'EXECUTED',	'8:ea82e6ad945cec250af6372767b25525',	'createIndex indexName=IDX_OFFLINE_USS_PRELOAD, tableName=OFFLINE_USER_SESSION',	'',	NULL,	'4.8.0',	NULL,	NULL,	'9950962978'),
('map-remove-ri-13.0.0',	'keycloak',	'META-INF/jpa-changelog-13.0.0.xml',	'2022-08-08 09:30:21',	92,	'EXECUTED',	'8:d3f4a33f41d960ddacd7e2ef30d126b3',	'dropForeignKeyConstraint baseTableName=DEFAULT_CLIENT_SCOPE, constraintName=FK_R_DEF_CLI_SCOPE_SCOPE; dropForeignKeyConstraint baseTableName=CLIENT_SCOPE_CLIENT, constraintName=FK_C_CLI_SCOPE_SCOPE; dropForeignKeyConstraint baseTableName=CLIENT_SC...',	'',	NULL,	'4.8.0',	NULL,	NULL,	'9950962978'),
('13.0.0-KEYCLOAK-17992-drop-constraints',	'keycloak',	'META-INF/jpa-changelog-13.0.0.xml',	'2022-08-08 09:30:21',	93,	'MARK_RAN',	'8:1284a27fbd049d65831cb6fc07c8a783',	'dropPrimaryKey constraintName=C_CLI_SCOPE_BIND, tableName=CLIENT_SCOPE_CLIENT; dropIndex indexName=IDX_CLSCOPE_CL, tableName=CLIENT_SCOPE_CLIENT; dropIndex indexName=IDX_CL_CLSCOPE, tableName=CLIENT_SCOPE_CLIENT',	'',	NULL,	'4.8.0',	NULL,	NULL,	'9950962978'),
('13.0.0-increase-column-size-federated',	'keycloak',	'META-INF/jpa-changelog-13.0.0.xml',	'2022-08-08 09:30:22',	94,	'EXECUTED',	'8:9d11b619db2ae27c25853b8a37cd0dea',	'modifyDataType columnName=CLIENT_ID, tableName=CLIENT_SCOPE_CLIENT; modifyDataType columnName=SCOPE_ID, tableName=CLIENT_SCOPE_CLIENT',	'',	NULL,	'4.8.0',	NULL,	NULL,	'9950962978'),
('13.0.0-KEYCLOAK-17992-recreate-constraints',	'keycloak',	'META-INF/jpa-changelog-13.0.0.xml',	'2022-08-08 09:30:22',	95,	'MARK_RAN',	'8:3002bb3997451bb9e8bac5c5cd8d6327',	'addNotNullConstraint columnName=CLIENT_ID, tableName=CLIENT_SCOPE_CLIENT; addNotNullConstraint columnName=SCOPE_ID, tableName=CLIENT_SCOPE_CLIENT; addPrimaryKey constraintName=C_CLI_SCOPE_BIND, tableName=CLIENT_SCOPE_CLIENT; createIndex indexName=...',	'',	NULL,	'4.8.0',	NULL,	NULL,	'9950962978'),
('json-string-accomodation-fixed',	'keycloak',	'META-INF/jpa-changelog-13.0.0.xml',	'2022-08-08 09:30:22',	96,	'EXECUTED',	'8:dfbee0d6237a23ef4ccbb7a4e063c163',	'addColumn tableName=REALM_ATTRIBUTE; update tableName=REALM_ATTRIBUTE; dropColumn columnName=VALUE, tableName=REALM_ATTRIBUTE; renameColumn newColumnName=VALUE, oldColumnName=VALUE_NEW, tableName=REALM_ATTRIBUTE',	'',	NULL,	'4.8.0',	NULL,	NULL,	'9950962978'),
('14.0.0-KEYCLOAK-11019',	'keycloak',	'META-INF/jpa-changelog-14.0.0.xml',	'2022-08-08 09:30:22',	97,	'EXECUTED',	'8:75f3e372df18d38c62734eebb986b960',	'createIndex indexName=IDX_OFFLINE_CSS_PRELOAD, tableName=OFFLINE_CLIENT_SESSION; createIndex indexName=IDX_OFFLINE_USS_BY_USER, tableName=OFFLINE_USER_SESSION; createIndex indexName=IDX_OFFLINE_USS_BY_USERSESS, tableName=OFFLINE_USER_SESSION',	'',	NULL,	'4.8.0',	NULL,	NULL,	'9950962978'),
('14.0.0-KEYCLOAK-18286',	'keycloak',	'META-INF/jpa-changelog-14.0.0.xml',	'2022-08-08 09:30:22',	98,	'MARK_RAN',	'8:7fee73eddf84a6035691512c85637eef',	'createIndex indexName=IDX_CLIENT_ATT_BY_NAME_VALUE, tableName=CLIENT_ATTRIBUTES',	'',	NULL,	'4.8.0',	NULL,	NULL,	'9950962978'),
('14.0.0-KEYCLOAK-18286-revert',	'keycloak',	'META-INF/jpa-changelog-14.0.0.xml',	'2022-08-08 09:30:22',	99,	'MARK_RAN',	'8:7a11134ab12820f999fbf3bb13c3adc8',	'dropIndex indexName=IDX_CLIENT_ATT_BY_NAME_VALUE, tableName=CLIENT_ATTRIBUTES',	'',	NULL,	'4.8.0',	NULL,	NULL,	'9950962978'),
('14.0.0-KEYCLOAK-18286-supported-dbs',	'keycloak',	'META-INF/jpa-changelog-14.0.0.xml',	'2022-08-08 09:30:22',	100,	'EXECUTED',	'8:f43dfba07ba249d5d932dc489fd2b886',	'createIndex indexName=IDX_CLIENT_ATT_BY_NAME_VALUE, tableName=CLIENT_ATTRIBUTES',	'',	NULL,	'4.8.0',	NULL,	NULL,	'9950962978'),
('14.0.0-KEYCLOAK-18286-unsupported-dbs',	'keycloak',	'META-INF/jpa-changelog-14.0.0.xml',	'2022-08-08 09:30:22',	101,	'MARK_RAN',	'8:18186f0008b86e0f0f49b0c4d0e842ac',	'createIndex indexName=IDX_CLIENT_ATT_BY_NAME_VALUE, tableName=CLIENT_ATTRIBUTES',	'',	NULL,	'4.8.0',	NULL,	NULL,	'9950962978'),
('KEYCLOAK-17267-add-index-to-user-attributes',	'keycloak',	'META-INF/jpa-changelog-14.0.0.xml',	'2022-08-08 09:30:22',	102,	'EXECUTED',	'8:09c2780bcb23b310a7019d217dc7b433',	'createIndex indexName=IDX_USER_ATTRIBUTE_NAME, tableName=USER_ATTRIBUTE',	'',	NULL,	'4.8.0',	NULL,	NULL,	'9950962978'),
('KEYCLOAK-18146-add-saml-art-binding-identifier',	'keycloak',	'META-INF/jpa-changelog-14.0.0.xml',	'2022-08-08 09:30:22',	103,	'EXECUTED',	'8:276a44955eab693c970a42880197fff2',	'customChange',	'',	NULL,	'4.8.0',	NULL,	NULL,	'9950962978'),
('15.0.0-KEYCLOAK-18467',	'keycloak',	'META-INF/jpa-changelog-15.0.0.xml',	'2022-08-08 09:30:22',	104,	'EXECUTED',	'8:ba8ee3b694d043f2bfc1a1079d0760d7',	'addColumn tableName=REALM_LOCALIZATIONS; update tableName=REALM_LOCALIZATIONS; dropColumn columnName=TEXTS, tableName=REALM_LOCALIZATIONS; renameColumn newColumnName=TEXTS, oldColumnName=TEXTS_NEW, tableName=REALM_LOCALIZATIONS; addNotNullConstrai...',	'',	NULL,	'4.8.0',	NULL,	NULL,	'9950962978'),
('17.0.0-9562',	'keycloak',	'META-INF/jpa-changelog-17.0.0.xml',	'2022-08-08 09:30:23',	105,	'EXECUTED',	'8:5e06b1d75f5d17685485e610c2851b17',	'createIndex indexName=IDX_USER_SERVICE_ACCOUNT, tableName=USER_ENTITY',	'',	NULL,	'4.8.0',	NULL,	NULL,	'9950962978'),
('18.0.0-10625-IDX_ADMIN_EVENT_TIME',	'keycloak',	'META-INF/jpa-changelog-18.0.0.xml',	'2022-08-08 09:30:23',	106,	'EXECUTED',	'8:4b80546c1dc550ac552ee7b24a4ab7c0',	'createIndex indexName=IDX_ADMIN_EVENT_TIME, tableName=ADMIN_EVENT_ENTITY',	'',	NULL,	'4.8.0',	NULL,	NULL,	'9950962978'),
('19.0.0-10135',	'keycloak',	'META-INF/jpa-changelog-19.0.0.xml',	'2022-08-08 09:30:23',	107,	'EXECUTED',	'8:af510cd1bb2ab6339c45372f3e491696',	'customChange',	'',	NULL,	'4.8.0',	NULL,	NULL,	'9950962978');

DROP TABLE IF EXISTS `DATABASECHANGELOGLOCK`;
CREATE TABLE `DATABASECHANGELOGLOCK` (
  `ID` int NOT NULL,
  `LOCKED` bit(1) NOT NULL,
  `LOCKGRANTED` datetime DEFAULT NULL,
  `LOCKEDBY` varchar(255) DEFAULT NULL,
  PRIMARY KEY (`ID`)
) ENGINE=InnoDB DEFAULT CHARSET=utf8mb4 COLLATE=utf8mb4_0900_ai_ci;

INSERT INTO `DATABASECHANGELOGLOCK` (`ID`, `LOCKED`, `LOCKGRANTED`, `LOCKEDBY`) VALUES
(1,	CONV('0', 2, 10) + 0,	NULL,	NULL),
(1000,	CONV('0', 2, 10) + 0,	NULL,	NULL),
(1001,	CONV('0', 2, 10) + 0,	NULL,	NULL);

DROP TABLE IF EXISTS `DEFAULT_CLIENT_SCOPE`;
CREATE TABLE `DEFAULT_CLIENT_SCOPE` (
  `REALM_ID` varchar(36) NOT NULL,
  `SCOPE_ID` varchar(36) NOT NULL,
  `DEFAULT_SCOPE` bit(1) NOT NULL DEFAULT b'0',
  PRIMARY KEY (`REALM_ID`,`SCOPE_ID`),
  KEY `IDX_DEFCLS_REALM` (`REALM_ID`),
  KEY `IDX_DEFCLS_SCOPE` (`SCOPE_ID`),
  CONSTRAINT `FK_R_DEF_CLI_SCOPE_REALM` FOREIGN KEY (`REALM_ID`) REFERENCES `REALM` (`ID`)
) ENGINE=InnoDB DEFAULT CHARSET=utf8mb4 COLLATE=utf8mb4_0900_ai_ci;

INSERT INTO `DEFAULT_CLIENT_SCOPE` (`REALM_ID`, `SCOPE_ID`, `DEFAULT_SCOPE`) VALUES
('6b962f6f-6e63-4547-bf35-50e79dd06c0d',	'031e1f6a-80bf-41aa-a194-a4fe0e1d695d',	CONV('1', 2, 10) + 0),
('6b962f6f-6e63-4547-bf35-50e79dd06c0d',	'46a94732-b9d1-4466-ab6b-22e93c0630be',	CONV('0', 2, 10) + 0),
('6b962f6f-6e63-4547-bf35-50e79dd06c0d',	'5e1ec4e2-71d9-486f-b2e9-1d38fa01f678',	CONV('1', 2, 10) + 0),
('6b962f6f-6e63-4547-bf35-50e79dd06c0d',	'87c4a6c4-b688-466c-a5c0-5b2f34ebd001',	CONV('0', 2, 10) + 0),
('6b962f6f-6e63-4547-bf35-50e79dd06c0d',	'b184b02c-f491-48a4-845c-92aca5f6c086',	CONV('1', 2, 10) + 0),
('6b962f6f-6e63-4547-bf35-50e79dd06c0d',	'b89d5670-9631-4226-bcd5-75fffbc3bcda',	CONV('1', 2, 10) + 0),
('6b962f6f-6e63-4547-bf35-50e79dd06c0d',	'd28c1173-add3-4b09-867f-781e09ca4bd8',	CONV('0', 2, 10) + 0),
('6b962f6f-6e63-4547-bf35-50e79dd06c0d',	'd87e72ef-46c6-43b0-9903-f4cba84e72a0',	CONV('1', 2, 10) + 0),
('6b962f6f-6e63-4547-bf35-50e79dd06c0d',	'e3f028a4-08d6-4b15-a707-15a34d70498c',	CONV('0', 2, 10) + 0),
('6b962f6f-6e63-4547-bf35-50e79dd06c0d',	'e7223b8f-94f3-4159-81a3-5694197a85ef',	CONV('1', 2, 10) + 0),
('841f5ece-1c66-4bb9-93e5-6a5f6101ad0b',	'0c868f7a-e012-47ab-b059-4ff9a5d1add5',	CONV('0', 2, 10) + 0),
('841f5ece-1c66-4bb9-93e5-6a5f6101ad0b',	'1528af3b-5715-4e57-aa72-3fef94e33fe4',	CONV('1', 2, 10) + 0),
('841f5ece-1c66-4bb9-93e5-6a5f6101ad0b',	'16d066de-8808-4fe6-8f99-adaf762cebdc',	CONV('1', 2, 10) + 0),
('841f5ece-1c66-4bb9-93e5-6a5f6101ad0b',	'204310fd-4382-4bc1-a6f1-e2c172557fb3',	CONV('0', 2, 10) + 0),
('841f5ece-1c66-4bb9-93e5-6a5f6101ad0b',	'59f01008-562f-45f1-b7f3-08f2e9ca5158',	CONV('0', 2, 10) + 0),
('841f5ece-1c66-4bb9-93e5-6a5f6101ad0b',	'5f9fc03a-1e10-4754-ab18-add2206b8a83',	CONV('0', 2, 10) + 0),
('841f5ece-1c66-4bb9-93e5-6a5f6101ad0b',	'76e0ad45-5da4-4a54-be54-472388854348',	CONV('1', 2, 10) + 0),
('841f5ece-1c66-4bb9-93e5-6a5f6101ad0b',	'8e8f2dad-8e65-4b36-9332-5f4f7aa94cdb',	CONV('1', 2, 10) + 0),
('841f5ece-1c66-4bb9-93e5-6a5f6101ad0b',	'b449a7e6-9fb8-47d3-bcd5-b7753d573528',	CONV('1', 2, 10) + 0),
('841f5ece-1c66-4bb9-93e5-6a5f6101ad0b',	'd3ee2bb7-97d4-45a1-9a77-e137a5a3fc1a',	CONV('1', 2, 10) + 0),
('f0d9d1ed-4880-4b89-95f9-0deb74dc4ead',	'12a62d36-d6de-4c04-b7a9-c4cbd0313bec',	CONV('1', 2, 10) + 0),
('f0d9d1ed-4880-4b89-95f9-0deb74dc4ead',	'1591ffe9-af98-4cae-b092-5a1820fb51ba',	CONV('1', 2, 10) + 0),
('f0d9d1ed-4880-4b89-95f9-0deb74dc4ead',	'3a3b8bf0-f5e9-49b4-871f-2add6bc0c9f6',	CONV('0', 2, 10) + 0),
('f0d9d1ed-4880-4b89-95f9-0deb74dc4ead',	'60e35d68-aa6c-44f8-a03b-d46d5be76c8a',	CONV('1', 2, 10) + 0),
('f0d9d1ed-4880-4b89-95f9-0deb74dc4ead',	'776e8fc5-665e-4fd1-bf58-c431bfc40a05',	CONV('0', 2, 10) + 0),
('f0d9d1ed-4880-4b89-95f9-0deb74dc4ead',	'7e24cdf7-d2fd-4011-ae6c-25a314e20ef8',	CONV('0', 2, 10) + 0),
('f0d9d1ed-4880-4b89-95f9-0deb74dc4ead',	'8ad97144-4eab-4072-802b-078f91d2945c',	CONV('1', 2, 10) + 0),
('f0d9d1ed-4880-4b89-95f9-0deb74dc4ead',	'a28ad5c6-eb4f-4d5b-858b-c2cee0548aa1',	CONV('0', 2, 10) + 0),
('f0d9d1ed-4880-4b89-95f9-0deb74dc4ead',	'aed719a5-29cf-41c3-bc43-32a2cefa14f9',	CONV('1', 2, 10) + 0),
('f0d9d1ed-4880-4b89-95f9-0deb74dc4ead',	'af6356f3-670a-4b51-bee6-326795ddb10a',	CONV('1', 2, 10) + 0);

DROP TABLE IF EXISTS `EVENT_ENTITY`;
CREATE TABLE `EVENT_ENTITY` (
  `ID` varchar(36) NOT NULL,
  `CLIENT_ID` varchar(255) DEFAULT NULL,
  `DETAILS_JSON` text,
  `ERROR` varchar(255) DEFAULT NULL,
  `IP_ADDRESS` varchar(255) DEFAULT NULL,
  `REALM_ID` varchar(255) DEFAULT NULL,
  `SESSION_ID` varchar(255) DEFAULT NULL,
  `EVENT_TIME` bigint DEFAULT NULL,
  `TYPE` varchar(255) DEFAULT NULL,
  `USER_ID` varchar(255) DEFAULT NULL,
  PRIMARY KEY (`ID`),
  KEY `IDX_EVENT_TIME` (`REALM_ID`,`EVENT_TIME`)
) ENGINE=InnoDB DEFAULT CHARSET=utf8mb4 COLLATE=utf8mb4_0900_ai_ci;


DROP TABLE IF EXISTS `FEDERATED_IDENTITY`;
CREATE TABLE `FEDERATED_IDENTITY` (
  `IDENTITY_PROVIDER` varchar(255) NOT NULL,
  `REALM_ID` varchar(36) DEFAULT NULL,
  `FEDERATED_USER_ID` varchar(255) DEFAULT NULL,
  `FEDERATED_USERNAME` varchar(255) DEFAULT NULL,
  `TOKEN` text,
  `USER_ID` varchar(36) NOT NULL,
  PRIMARY KEY (`IDENTITY_PROVIDER`,`USER_ID`),
  KEY `IDX_FEDIDENTITY_USER` (`USER_ID`),
  KEY `IDX_FEDIDENTITY_FEDUSER` (`FEDERATED_USER_ID`),
  CONSTRAINT `FK404288B92EF007A6` FOREIGN KEY (`USER_ID`) REFERENCES `USER_ENTITY` (`ID`)
) ENGINE=InnoDB DEFAULT CHARSET=utf8mb4 COLLATE=utf8mb4_0900_ai_ci;


DROP TABLE IF EXISTS `FEDERATED_USER`;
CREATE TABLE `FEDERATED_USER` (
  `ID` varchar(255) NOT NULL,
  `STORAGE_PROVIDER_ID` varchar(255) DEFAULT NULL,
  `REALM_ID` varchar(36) NOT NULL,
  PRIMARY KEY (`ID`)
) ENGINE=InnoDB DEFAULT CHARSET=utf8mb4 COLLATE=utf8mb4_0900_ai_ci;


DROP TABLE IF EXISTS `FED_USER_ATTRIBUTE`;
CREATE TABLE `FED_USER_ATTRIBUTE` (
  `ID` varchar(36) NOT NULL,
  `NAME` varchar(255) NOT NULL,
  `USER_ID` varchar(255) NOT NULL,
  `REALM_ID` varchar(36) NOT NULL,
  `STORAGE_PROVIDER_ID` varchar(36) DEFAULT NULL,
  `VALUE` text,
  PRIMARY KEY (`ID`),
  KEY `IDX_FU_ATTRIBUTE` (`USER_ID`,`REALM_ID`,`NAME`)
) ENGINE=InnoDB DEFAULT CHARSET=utf8mb4 COLLATE=utf8mb4_0900_ai_ci;


DROP TABLE IF EXISTS `FED_USER_CONSENT`;
CREATE TABLE `FED_USER_CONSENT` (
  `ID` varchar(36) NOT NULL,
  `CLIENT_ID` varchar(255) DEFAULT NULL,
  `USER_ID` varchar(255) NOT NULL,
  `REALM_ID` varchar(36) NOT NULL,
  `STORAGE_PROVIDER_ID` varchar(36) DEFAULT NULL,
  `CREATED_DATE` bigint DEFAULT NULL,
  `LAST_UPDATED_DATE` bigint DEFAULT NULL,
  `CLIENT_STORAGE_PROVIDER` varchar(36) DEFAULT NULL,
  `EXTERNAL_CLIENT_ID` varchar(255) DEFAULT NULL,
  PRIMARY KEY (`ID`),
  KEY `IDX_FU_CONSENT` (`USER_ID`,`CLIENT_ID`),
  KEY `IDX_FU_CONSENT_RU` (`REALM_ID`,`USER_ID`),
  KEY `IDX_FU_CNSNT_EXT` (`USER_ID`,`CLIENT_STORAGE_PROVIDER`,`EXTERNAL_CLIENT_ID`)
) ENGINE=InnoDB DEFAULT CHARSET=utf8mb4 COLLATE=utf8mb4_0900_ai_ci;


DROP TABLE IF EXISTS `FED_USER_CONSENT_CL_SCOPE`;
CREATE TABLE `FED_USER_CONSENT_CL_SCOPE` (
  `USER_CONSENT_ID` varchar(36) NOT NULL,
  `SCOPE_ID` varchar(36) NOT NULL,
  PRIMARY KEY (`USER_CONSENT_ID`,`SCOPE_ID`)
) ENGINE=InnoDB DEFAULT CHARSET=utf8mb4 COLLATE=utf8mb4_0900_ai_ci;


DROP TABLE IF EXISTS `FED_USER_CREDENTIAL`;
CREATE TABLE `FED_USER_CREDENTIAL` (
  `ID` varchar(36) NOT NULL,
  `SALT` tinyblob,
  `TYPE` varchar(255) DEFAULT NULL,
  `CREATED_DATE` bigint DEFAULT NULL,
  `USER_ID` varchar(255) NOT NULL,
  `REALM_ID` varchar(36) NOT NULL,
  `STORAGE_PROVIDER_ID` varchar(36) DEFAULT NULL,
  `USER_LABEL` varchar(255) DEFAULT NULL,
  `SECRET_DATA` longtext,
  `CREDENTIAL_DATA` longtext,
  `PRIORITY` int DEFAULT NULL,
  PRIMARY KEY (`ID`),
  KEY `IDX_FU_CREDENTIAL` (`USER_ID`,`TYPE`),
  KEY `IDX_FU_CREDENTIAL_RU` (`REALM_ID`,`USER_ID`)
) ENGINE=InnoDB DEFAULT CHARSET=utf8mb4 COLLATE=utf8mb4_0900_ai_ci;


DROP TABLE IF EXISTS `FED_USER_GROUP_MEMBERSHIP`;
CREATE TABLE `FED_USER_GROUP_MEMBERSHIP` (
  `GROUP_ID` varchar(36) NOT NULL,
  `USER_ID` varchar(255) NOT NULL,
  `REALM_ID` varchar(36) NOT NULL,
  `STORAGE_PROVIDER_ID` varchar(36) DEFAULT NULL,
  PRIMARY KEY (`GROUP_ID`,`USER_ID`),
  KEY `IDX_FU_GROUP_MEMBERSHIP` (`USER_ID`,`GROUP_ID`),
  KEY `IDX_FU_GROUP_MEMBERSHIP_RU` (`REALM_ID`,`USER_ID`)
) ENGINE=InnoDB DEFAULT CHARSET=utf8mb4 COLLATE=utf8mb4_0900_ai_ci;


DROP TABLE IF EXISTS `FED_USER_REQUIRED_ACTION`;
CREATE TABLE `FED_USER_REQUIRED_ACTION` (
  `REQUIRED_ACTION` varchar(255) NOT NULL DEFAULT ' ',
  `USER_ID` varchar(255) NOT NULL,
  `REALM_ID` varchar(36) NOT NULL,
  `STORAGE_PROVIDER_ID` varchar(36) DEFAULT NULL,
  PRIMARY KEY (`REQUIRED_ACTION`,`USER_ID`),
  KEY `IDX_FU_REQUIRED_ACTION` (`USER_ID`,`REQUIRED_ACTION`),
  KEY `IDX_FU_REQUIRED_ACTION_RU` (`REALM_ID`,`USER_ID`)
) ENGINE=InnoDB DEFAULT CHARSET=utf8mb4 COLLATE=utf8mb4_0900_ai_ci;


DROP TABLE IF EXISTS `FED_USER_ROLE_MAPPING`;
CREATE TABLE `FED_USER_ROLE_MAPPING` (
  `ROLE_ID` varchar(36) NOT NULL,
  `USER_ID` varchar(255) NOT NULL,
  `REALM_ID` varchar(36) NOT NULL,
  `STORAGE_PROVIDER_ID` varchar(36) DEFAULT NULL,
  PRIMARY KEY (`ROLE_ID`,`USER_ID`),
  KEY `IDX_FU_ROLE_MAPPING` (`USER_ID`,`ROLE_ID`),
  KEY `IDX_FU_ROLE_MAPPING_RU` (`REALM_ID`,`USER_ID`)
) ENGINE=InnoDB DEFAULT CHARSET=utf8mb4 COLLATE=utf8mb4_0900_ai_ci;


DROP TABLE IF EXISTS `GROUP_ATTRIBUTE`;
CREATE TABLE `GROUP_ATTRIBUTE` (
  `ID` varchar(36) NOT NULL DEFAULT 'sybase-needs-something-here',
  `NAME` varchar(255) NOT NULL,
  `VALUE` varchar(255) CHARACTER SET utf8 COLLATE utf8_general_ci DEFAULT NULL,
  `GROUP_ID` varchar(36) NOT NULL,
  PRIMARY KEY (`ID`),
  KEY `IDX_GROUP_ATTR_GROUP` (`GROUP_ID`),
  CONSTRAINT `FK_GROUP_ATTRIBUTE_GROUP` FOREIGN KEY (`GROUP_ID`) REFERENCES `KEYCLOAK_GROUP` (`ID`)
) ENGINE=InnoDB DEFAULT CHARSET=utf8mb4 COLLATE=utf8mb4_0900_ai_ci;


DROP TABLE IF EXISTS `GROUP_ROLE_MAPPING`;
CREATE TABLE `GROUP_ROLE_MAPPING` (
  `ROLE_ID` varchar(36) NOT NULL,
  `GROUP_ID` varchar(36) NOT NULL,
  PRIMARY KEY (`ROLE_ID`,`GROUP_ID`),
  KEY `IDX_GROUP_ROLE_MAPP_GROUP` (`GROUP_ID`),
  CONSTRAINT `FK_GROUP_ROLE_GROUP` FOREIGN KEY (`GROUP_ID`) REFERENCES `KEYCLOAK_GROUP` (`ID`)
) ENGINE=InnoDB DEFAULT CHARSET=utf8mb4 COLLATE=utf8mb4_0900_ai_ci;


DROP TABLE IF EXISTS `IDENTITY_PROVIDER`;
CREATE TABLE `IDENTITY_PROVIDER` (
  `INTERNAL_ID` varchar(36) NOT NULL,
  `ENABLED` bit(1) NOT NULL DEFAULT b'0',
  `PROVIDER_ALIAS` varchar(255) DEFAULT NULL,
  `PROVIDER_ID` varchar(255) DEFAULT NULL,
  `STORE_TOKEN` bit(1) NOT NULL DEFAULT b'0',
  `AUTHENTICATE_BY_DEFAULT` bit(1) NOT NULL DEFAULT b'0',
  `REALM_ID` varchar(36) DEFAULT NULL,
  `ADD_TOKEN_ROLE` bit(1) NOT NULL DEFAULT b'1',
  `TRUST_EMAIL` bit(1) NOT NULL DEFAULT b'0',
  `FIRST_BROKER_LOGIN_FLOW_ID` varchar(36) DEFAULT NULL,
  `POST_BROKER_LOGIN_FLOW_ID` varchar(36) DEFAULT NULL,
  `PROVIDER_DISPLAY_NAME` varchar(255) DEFAULT NULL,
  `LINK_ONLY` bit(1) NOT NULL DEFAULT b'0',
  PRIMARY KEY (`INTERNAL_ID`),
  UNIQUE KEY `UK_2DAELWNIBJI49AVXSRTUF6XJ33` (`PROVIDER_ALIAS`,`REALM_ID`),
  KEY `IDX_IDENT_PROV_REALM` (`REALM_ID`),
  CONSTRAINT `FK2B4EBC52AE5C3B34` FOREIGN KEY (`REALM_ID`) REFERENCES `REALM` (`ID`)
) ENGINE=InnoDB DEFAULT CHARSET=utf8mb4 COLLATE=utf8mb4_0900_ai_ci;


DROP TABLE IF EXISTS `IDENTITY_PROVIDER_CONFIG`;
CREATE TABLE `IDENTITY_PROVIDER_CONFIG` (
  `IDENTITY_PROVIDER_ID` varchar(36) NOT NULL,
  `VALUE` longtext,
  `NAME` varchar(255) NOT NULL,
  PRIMARY KEY (`IDENTITY_PROVIDER_ID`,`NAME`),
  CONSTRAINT `FKDC4897CF864C4E43` FOREIGN KEY (`IDENTITY_PROVIDER_ID`) REFERENCES `IDENTITY_PROVIDER` (`INTERNAL_ID`)
) ENGINE=InnoDB DEFAULT CHARSET=utf8mb4 COLLATE=utf8mb4_0900_ai_ci;


DROP TABLE IF EXISTS `IDENTITY_PROVIDER_MAPPER`;
CREATE TABLE `IDENTITY_PROVIDER_MAPPER` (
  `ID` varchar(36) NOT NULL,
  `NAME` varchar(255) NOT NULL,
  `IDP_ALIAS` varchar(255) NOT NULL,
  `IDP_MAPPER_NAME` varchar(255) NOT NULL,
  `REALM_ID` varchar(36) NOT NULL,
  PRIMARY KEY (`ID`),
  KEY `IDX_ID_PROV_MAPP_REALM` (`REALM_ID`),
  CONSTRAINT `FK_IDPM_REALM` FOREIGN KEY (`REALM_ID`) REFERENCES `REALM` (`ID`)
) ENGINE=InnoDB DEFAULT CHARSET=utf8mb4 COLLATE=utf8mb4_0900_ai_ci;


DROP TABLE IF EXISTS `IDP_MAPPER_CONFIG`;
CREATE TABLE `IDP_MAPPER_CONFIG` (
  `IDP_MAPPER_ID` varchar(36) NOT NULL,
  `VALUE` longtext,
  `NAME` varchar(255) NOT NULL,
  PRIMARY KEY (`IDP_MAPPER_ID`,`NAME`),
  CONSTRAINT `FK_IDPMCONFIG` FOREIGN KEY (`IDP_MAPPER_ID`) REFERENCES `IDENTITY_PROVIDER_MAPPER` (`ID`)
) ENGINE=InnoDB DEFAULT CHARSET=utf8mb4 COLLATE=utf8mb4_0900_ai_ci;


DROP TABLE IF EXISTS `KEYCLOAK_GROUP`;
CREATE TABLE `KEYCLOAK_GROUP` (
  `ID` varchar(36) NOT NULL,
  `NAME` varchar(255) CHARACTER SET utf8 COLLATE utf8_general_ci DEFAULT NULL,
  `PARENT_GROUP` varchar(36) NOT NULL,
  `REALM_ID` varchar(36) DEFAULT NULL,
  PRIMARY KEY (`ID`),
  UNIQUE KEY `SIBLING_NAMES` (`REALM_ID`,`PARENT_GROUP`,`NAME`)
) ENGINE=InnoDB DEFAULT CHARSET=utf8mb4 COLLATE=utf8mb4_0900_ai_ci;


DROP TABLE IF EXISTS `KEYCLOAK_ROLE`;
CREATE TABLE `KEYCLOAK_ROLE` (
  `ID` varchar(36) NOT NULL,
  `CLIENT_REALM_CONSTRAINT` varchar(255) DEFAULT NULL,
  `CLIENT_ROLE` bit(1) DEFAULT NULL,
  `DESCRIPTION` varchar(255) CHARACTER SET utf8 COLLATE utf8_general_ci DEFAULT NULL,
  `NAME` varchar(255) CHARACTER SET utf8 COLLATE utf8_general_ci DEFAULT NULL,
  `REALM_ID` varchar(255) DEFAULT NULL,
  `CLIENT` varchar(36) DEFAULT NULL,
  `REALM` varchar(36) DEFAULT NULL,
  PRIMARY KEY (`ID`),
  UNIQUE KEY `UK_J3RWUVD56ONTGSUHOGM184WW2-2` (`NAME`,`CLIENT_REALM_CONSTRAINT`),
  KEY `IDX_KEYCLOAK_ROLE_CLIENT` (`CLIENT`),
  KEY `IDX_KEYCLOAK_ROLE_REALM` (`REALM`),
  CONSTRAINT `FK_6VYQFE4CN4WLQ8R6KT5VDSJ5C` FOREIGN KEY (`REALM`) REFERENCES `REALM` (`ID`)
) ENGINE=InnoDB DEFAULT CHARSET=utf8mb4 COLLATE=utf8mb4_0900_ai_ci;

INSERT INTO `KEYCLOAK_ROLE` (`ID`, `CLIENT_REALM_CONSTRAINT`, `CLIENT_ROLE`, `DESCRIPTION`, `NAME`, `REALM_ID`, `CLIENT`, `REALM`) VALUES
('007248ab-ebd5-41b7-b241-43f6e884d46e',	'17da268c-e129-4e11-bf77-1385f61806eb',	CONV('1', 2, 10) + 0,	'${role_query-clients}',	'query-clients',	'6b962f6f-6e63-4547-bf35-50e79dd06c0d',	'17da268c-e129-4e11-bf77-1385f61806eb',	NULL),
('01b0bc93-18e3-4f41-8fde-9907cabda7cc',	'17da268c-e129-4e11-bf77-1385f61806eb',	CONV('1', 2, 10) + 0,	'${role_query-realms}',	'query-realms',	'6b962f6f-6e63-4547-bf35-50e79dd06c0d',	'17da268c-e129-4e11-bf77-1385f61806eb',	NULL),
('04c9980f-d2bb-468f-b5ee-cfdb7d057f81',	'90c33ee4-97d6-4ef6-823f-f49a04f14124',	CONV('1', 2, 10) + 0,	'${role_manage-realm}',	'manage-realm',	'f0d9d1ed-4880-4b89-95f9-0deb74dc4ead',	'90c33ee4-97d6-4ef6-823f-f49a04f14124',	NULL),
('064b7555-a146-42af-bd59-01a929015fb5',	'6b962f6f-6e63-4547-bf35-50e79dd06c0d',	CONV('0', 2, 10) + 0,	'${role_default-roles}',	'default-roles-m-go',	'6b962f6f-6e63-4547-bf35-50e79dd06c0d',	NULL,	NULL),
('07a88a70-75b3-4a8d-9735-fb73f21b1ed2',	'35762d11-817a-4fc7-bedd-a82dd8e1fe95',	CONV('1', 2, 10) + 0,	'${role_delete-account}',	'delete-account',	'f0d9d1ed-4880-4b89-95f9-0deb74dc4ead',	'35762d11-817a-4fc7-bedd-a82dd8e1fe95',	NULL),
('0aa66e15-b238-4b36-9f75-8641ba0ae555',	'c60493bf-c4d1-41fa-962a-2604ddb6214b',	CONV('1', 2, 10) + 0,	'${role_query-users}',	'query-users',	'841f5ece-1c66-4bb9-93e5-6a5f6101ad0b',	'c60493bf-c4d1-41fa-962a-2604ddb6214b',	NULL),
('0bf1d8b2-3665-4412-b420-2bda442e86f0',	'841f5ece-1c66-4bb9-93e5-6a5f6101ad0b',	CONV('0', 2, 10) + 0,	'${role_offline-access}',	'offline_access',	'841f5ece-1c66-4bb9-93e5-6a5f6101ad0b',	NULL,	NULL),
('0bfec8cd-e980-44f3-93f5-a030ef412035',	'd887d393-5c50-4b59-a5af-03e2ea30b915',	CONV('1', 2, 10) + 0,	'${role_query-realms}',	'query-realms',	'f0d9d1ed-4880-4b89-95f9-0deb74dc4ead',	'd887d393-5c50-4b59-a5af-03e2ea30b915',	NULL),
('0c2baed0-a5e4-4aff-b291-b20fc6922dcc',	'3b2997cc-a417-4406-8ae7-21167b3d9e88',	CONV('1', 2, 10) + 0,	NULL,	'uma_protection',	'6b962f6f-6e63-4547-bf35-50e79dd06c0d',	'3b2997cc-a417-4406-8ae7-21167b3d9e88',	NULL),
('0f2bab74-4f96-49ca-9d88-ded9459631ee',	'f0d9d1ed-4880-4b89-95f9-0deb74dc4ead',	CONV('0', 2, 10) + 0,	'${role_uma_authorization}',	'uma_authorization',	'f0d9d1ed-4880-4b89-95f9-0deb74dc4ead',	NULL,	NULL),
('0f50b772-53f1-43f3-8702-85f04994b2cf',	'90c33ee4-97d6-4ef6-823f-f49a04f14124',	CONV('1', 2, 10) + 0,	'${role_view-realm}',	'view-realm',	'f0d9d1ed-4880-4b89-95f9-0deb74dc4ead',	'90c33ee4-97d6-4ef6-823f-f49a04f14124',	NULL),
('14e25d21-7a07-43fd-9d3c-24f63cf16ad6',	'7a868d5e-300a-4e4f-9c0f-0d7a3218db03',	CONV('1', 2, 10) + 0,	NULL,	'uma_protection',	'841f5ece-1c66-4bb9-93e5-6a5f6101ad0b',	'7a868d5e-300a-4e4f-9c0f-0d7a3218db03',	NULL),
('15ed51f6-fad8-4fe4-8d47-23018758c3da',	'90c33ee4-97d6-4ef6-823f-f49a04f14124',	CONV('1', 2, 10) + 0,	'${role_manage-events}',	'manage-events',	'f0d9d1ed-4880-4b89-95f9-0deb74dc4ead',	'90c33ee4-97d6-4ef6-823f-f49a04f14124',	NULL),
('16325287-9d46-44ee-a41b-50ce8246f5b6',	'17da268c-e129-4e11-bf77-1385f61806eb',	CONV('1', 2, 10) + 0,	'${role_view-events}',	'view-events',	'6b962f6f-6e63-4547-bf35-50e79dd06c0d',	'17da268c-e129-4e11-bf77-1385f61806eb',	NULL),
('16437868-f47a-4eb1-92cf-518f6adb97e3',	'45f55a3f-39b3-47bb-a980-14f660613993',	CONV('1', 2, 10) + 0,	'${role_manage-authorization}',	'manage-authorization',	'f0d9d1ed-4880-4b89-95f9-0deb74dc4ead',	'45f55a3f-39b3-47bb-a980-14f660613993',	NULL),
('1b854718-ebf6-4eee-a5d1-7cc9dc0ccaea',	'd887d393-5c50-4b59-a5af-03e2ea30b915',	CONV('1', 2, 10) + 0,	'${role_query-users}',	'query-users',	'f0d9d1ed-4880-4b89-95f9-0deb74dc4ead',	'd887d393-5c50-4b59-a5af-03e2ea30b915',	NULL),
('1fbcc242-4e8a-4045-ba82-3bb25709bd29',	'd887d393-5c50-4b59-a5af-03e2ea30b915',	CONV('1', 2, 10) + 0,	'${role_manage-realm}',	'manage-realm',	'f0d9d1ed-4880-4b89-95f9-0deb74dc4ead',	'd887d393-5c50-4b59-a5af-03e2ea30b915',	NULL),
('262a82fe-788e-434c-a0a3-f72370ae53e2',	'90c33ee4-97d6-4ef6-823f-f49a04f14124',	CONV('1', 2, 10) + 0,	'${role_view-authorization}',	'view-authorization',	'f0d9d1ed-4880-4b89-95f9-0deb74dc4ead',	'90c33ee4-97d6-4ef6-823f-f49a04f14124',	NULL),
('268b9b5f-895e-48d3-9248-f7c8bd7d3082',	'4c3e0fbc-619d-4ca7-a8a1-1cf2d59890fc',	CONV('1', 2, 10) + 0,	'${role_manage-account-links}',	'manage-account-links',	'841f5ece-1c66-4bb9-93e5-6a5f6101ad0b',	'4c3e0fbc-619d-4ca7-a8a1-1cf2d59890fc',	NULL),
('2d4105a3-7c42-410e-a326-583dc85d49b7',	'90c33ee4-97d6-4ef6-823f-f49a04f14124',	CONV('1', 2, 10) + 0,	'${role_query-clients}',	'query-clients',	'f0d9d1ed-4880-4b89-95f9-0deb74dc4ead',	'90c33ee4-97d6-4ef6-823f-f49a04f14124',	NULL),
('2d81a72b-b575-4b37-8f69-7b8f9e587e8c',	'45f55a3f-39b3-47bb-a980-14f660613993',	CONV('1', 2, 10) + 0,	'${role_view-realm}',	'view-realm',	'f0d9d1ed-4880-4b89-95f9-0deb74dc4ead',	'45f55a3f-39b3-47bb-a980-14f660613993',	NULL),
('2f6e80e0-9052-4db1-8a46-05c38c2bed10',	'c60493bf-c4d1-41fa-962a-2604ddb6214b',	CONV('1', 2, 10) + 0,	'${role_manage-identity-providers}',	'manage-identity-providers',	'841f5ece-1c66-4bb9-93e5-6a5f6101ad0b',	'c60493bf-c4d1-41fa-962a-2604ddb6214b',	NULL),
('3049dddd-5a8e-4324-bcdc-e9cb0be1b3a6',	'd887d393-5c50-4b59-a5af-03e2ea30b915',	CONV('1', 2, 10) + 0,	'${role_query-groups}',	'query-groups',	'f0d9d1ed-4880-4b89-95f9-0deb74dc4ead',	'd887d393-5c50-4b59-a5af-03e2ea30b915',	NULL),
('336b8f36-8948-4546-be29-475c16c4c842',	'17da268c-e129-4e11-bf77-1385f61806eb',	CONV('1', 2, 10) + 0,	'${role_query-users}',	'query-users',	'6b962f6f-6e63-4547-bf35-50e79dd06c0d',	'17da268c-e129-4e11-bf77-1385f61806eb',	NULL),
('33a47376-867c-4f4c-89e2-fd0764e33507',	'6b533f73-0aad-4cba-8f30-adb1d4c50da3',	CONV('1', 2, 10) + 0,	'${role_read-token}',	'read-token',	'6b962f6f-6e63-4547-bf35-50e79dd06c0d',	'6b533f73-0aad-4cba-8f30-adb1d4c50da3',	NULL),
('34fabcad-a879-4e9b-84f1-2206a4ef01d5',	'd887d393-5c50-4b59-a5af-03e2ea30b915',	CONV('1', 2, 10) + 0,	'${role_view-events}',	'view-events',	'f0d9d1ed-4880-4b89-95f9-0deb74dc4ead',	'd887d393-5c50-4b59-a5af-03e2ea30b915',	NULL),
('39c25e58-34a6-4296-b782-6155726a89a7',	'35762d11-817a-4fc7-bedd-a82dd8e1fe95',	CONV('1', 2, 10) + 0,	'${role_view-consent}',	'view-consent',	'f0d9d1ed-4880-4b89-95f9-0deb74dc4ead',	'35762d11-817a-4fc7-bedd-a82dd8e1fe95',	NULL),
('3bf82ae1-cc3c-4cfc-8bf4-67b33bae12cd',	'4c3e0fbc-619d-4ca7-a8a1-1cf2d59890fc',	CONV('1', 2, 10) + 0,	'${role_manage-consent}',	'manage-consent',	'841f5ece-1c66-4bb9-93e5-6a5f6101ad0b',	'4c3e0fbc-619d-4ca7-a8a1-1cf2d59890fc',	NULL),
('3cf764f7-ddda-481d-ba05-2cdc56af505c',	'c60493bf-c4d1-41fa-962a-2604ddb6214b',	CONV('1', 2, 10) + 0,	'${role_realm-admin}',	'realm-admin',	'841f5ece-1c66-4bb9-93e5-6a5f6101ad0b',	'c60493bf-c4d1-41fa-962a-2604ddb6214b',	NULL),
('3e57e3c0-d032-4def-86dc-045cddfba9f1',	'90c33ee4-97d6-4ef6-823f-f49a04f14124',	CONV('1', 2, 10) + 0,	'${role_view-events}',	'view-events',	'f0d9d1ed-4880-4b89-95f9-0deb74dc4ead',	'90c33ee4-97d6-4ef6-823f-f49a04f14124',	NULL),
('43fbd066-6a0e-4af1-9b0e-8aeccc09eabf',	'f0d9d1ed-4880-4b89-95f9-0deb74dc4ead',	CONV('0', 2, 10) + 0,	'${role_default-roles}',	'default-roles-master',	'f0d9d1ed-4880-4b89-95f9-0deb74dc4ead',	NULL,	NULL),
('48ce5b56-efae-439e-ac98-ca7abbae14dc',	'4c3e0fbc-619d-4ca7-a8a1-1cf2d59890fc',	CONV('1', 2, 10) + 0,	'${role_delete-account}',	'delete-account',	'841f5ece-1c66-4bb9-93e5-6a5f6101ad0b',	'4c3e0fbc-619d-4ca7-a8a1-1cf2d59890fc',	NULL),
('490fc8d1-0617-45b8-8ffc-52c2d15c71ff',	'45f55a3f-39b3-47bb-a980-14f660613993',	CONV('1', 2, 10) + 0,	'${role_view-clients}',	'view-clients',	'f0d9d1ed-4880-4b89-95f9-0deb74dc4ead',	'45f55a3f-39b3-47bb-a980-14f660613993',	NULL),
('4c40bbf9-d2f8-47ab-a8f3-174e5db86033',	'45f55a3f-39b3-47bb-a980-14f660613993',	CONV('1', 2, 10) + 0,	'${role_manage-events}',	'manage-events',	'f0d9d1ed-4880-4b89-95f9-0deb74dc4ead',	'45f55a3f-39b3-47bb-a980-14f660613993',	NULL),
('4ceb84b0-b427-4553-9be8-80796e43e0fe',	'841f5ece-1c66-4bb9-93e5-6a5f6101ad0b',	CONV('0', 2, 10) + 0,	'${role_uma_authorization}',	'uma_authorization',	'841f5ece-1c66-4bb9-93e5-6a5f6101ad0b',	NULL,	NULL),
('4ebd8564-4e3f-4d26-bdf2-a7e25f13c8c7',	'c60493bf-c4d1-41fa-962a-2604ddb6214b',	CONV('1', 2, 10) + 0,	'${role_view-identity-providers}',	'view-identity-providers',	'841f5ece-1c66-4bb9-93e5-6a5f6101ad0b',	'c60493bf-c4d1-41fa-962a-2604ddb6214b',	NULL),
('522b083a-66dd-4ba4-9838-5ad2c9afedb4',	'c60493bf-c4d1-41fa-962a-2604ddb6214b',	CONV('1', 2, 10) + 0,	'${role_manage-authorization}',	'manage-authorization',	'841f5ece-1c66-4bb9-93e5-6a5f6101ad0b',	'c60493bf-c4d1-41fa-962a-2604ddb6214b',	NULL),
('52dc02e2-244e-41fb-a1e2-f1cd2ce0c1b0',	'90c33ee4-97d6-4ef6-823f-f49a04f14124',	CONV('1', 2, 10) + 0,	'${role_create-client}',	'create-client',	'f0d9d1ed-4880-4b89-95f9-0deb74dc4ead',	'90c33ee4-97d6-4ef6-823f-f49a04f14124',	NULL),
('53cf6af7-1882-436a-9c07-e472a7f4bff8',	'f0d9d1ed-4880-4b89-95f9-0deb74dc4ead',	CONV('0', 2, 10) + 0,	'${role_admin}',	'admin',	'f0d9d1ed-4880-4b89-95f9-0deb74dc4ead',	NULL,	NULL),
('546410cf-90b1-4e2e-8a56-85ac1a76fdb9',	'f9303f24-cb8e-4c89-a103-8ecd866be620',	CONV('1', 2, 10) + 0,	'${role_view-profile}',	'view-profile',	'6b962f6f-6e63-4547-bf35-50e79dd06c0d',	'f9303f24-cb8e-4c89-a103-8ecd866be620',	NULL),
('559b7a40-c8d8-4d31-838f-806fe1353714',	'90c33ee4-97d6-4ef6-823f-f49a04f14124',	CONV('1', 2, 10) + 0,	'${role_manage-users}',	'manage-users',	'f0d9d1ed-4880-4b89-95f9-0deb74dc4ead',	'90c33ee4-97d6-4ef6-823f-f49a04f14124',	NULL),
('5607ed83-1e89-42a8-b15e-8b62a92aa6aa',	'f1636108-2568-4fe2-9a8f-c9d6d463d2f2',	CONV('1', 2, 10) + 0,	'${role_read-token}',	'read-token',	'841f5ece-1c66-4bb9-93e5-6a5f6101ad0b',	'f1636108-2568-4fe2-9a8f-c9d6d463d2f2',	NULL),
('56dcbf3c-41cc-4a49-addc-c2f9367e5e1d',	'c60493bf-c4d1-41fa-962a-2604ddb6214b',	CONV('1', 2, 10) + 0,	'${role_view-clients}',	'view-clients',	'841f5ece-1c66-4bb9-93e5-6a5f6101ad0b',	'c60493bf-c4d1-41fa-962a-2604ddb6214b',	NULL),
('5796ee64-561a-4610-948f-af127137f2fb',	'6b962f6f-6e63-4547-bf35-50e79dd06c0d',	CONV('0', 2, 10) + 0,	'${role_uma_authorization}',	'uma_authorization',	'6b962f6f-6e63-4547-bf35-50e79dd06c0d',	NULL,	NULL),
('5aac0c2c-5172-4bcf-9eda-badb58083184',	'c60493bf-c4d1-41fa-962a-2604ddb6214b',	CONV('1', 2, 10) + 0,	'${role_manage-events}',	'manage-events',	'841f5ece-1c66-4bb9-93e5-6a5f6101ad0b',	'c60493bf-c4d1-41fa-962a-2604ddb6214b',	NULL),
('5ae099ab-a8fe-41d3-906b-1375b52fbce6',	'17da268c-e129-4e11-bf77-1385f61806eb',	CONV('1', 2, 10) + 0,	'${role_manage-realm}',	'manage-realm',	'6b962f6f-6e63-4547-bf35-50e79dd06c0d',	'17da268c-e129-4e11-bf77-1385f61806eb',	NULL),
('5b0ffd8e-a61e-4c9d-aeab-9cfe4d2cbf3a',	'45f55a3f-39b3-47bb-a980-14f660613993',	CONV('1', 2, 10) + 0,	'${role_impersonation}',	'impersonation',	'f0d9d1ed-4880-4b89-95f9-0deb74dc4ead',	'45f55a3f-39b3-47bb-a980-14f660613993',	NULL),
('5c104c09-ee78-4599-ae84-8d77370bc11f',	'4c3e0fbc-619d-4ca7-a8a1-1cf2d59890fc',	CONV('1', 2, 10) + 0,	'${role_view-consent}',	'view-consent',	'841f5ece-1c66-4bb9-93e5-6a5f6101ad0b',	'4c3e0fbc-619d-4ca7-a8a1-1cf2d59890fc',	NULL),
('5cabe7a8-f52a-493b-8722-805d6c172004',	'35762d11-817a-4fc7-bedd-a82dd8e1fe95',	CONV('1', 2, 10) + 0,	'${role_view-profile}',	'view-profile',	'f0d9d1ed-4880-4b89-95f9-0deb74dc4ead',	'35762d11-817a-4fc7-bedd-a82dd8e1fe95',	NULL),
('5d142f37-f7cf-4c72-a766-af0147de7018',	'45f55a3f-39b3-47bb-a980-14f660613993',	CONV('1', 2, 10) + 0,	'${role_create-client}',	'create-client',	'f0d9d1ed-4880-4b89-95f9-0deb74dc4ead',	'45f55a3f-39b3-47bb-a980-14f660613993',	NULL),
('5f952856-d514-4013-81c2-b89c15c2f0a2',	'45f55a3f-39b3-47bb-a980-14f660613993',	CONV('1', 2, 10) + 0,	'${role_manage-realm}',	'manage-realm',	'f0d9d1ed-4880-4b89-95f9-0deb74dc4ead',	'45f55a3f-39b3-47bb-a980-14f660613993',	NULL),
('600ba5ef-f3c3-4f96-8251-4eb33724f788',	'45f55a3f-39b3-47bb-a980-14f660613993',	CONV('1', 2, 10) + 0,	'${role_query-clients}',	'query-clients',	'f0d9d1ed-4880-4b89-95f9-0deb74dc4ead',	'45f55a3f-39b3-47bb-a980-14f660613993',	NULL),
('6444f1a9-6c30-4fa4-839e-b3d297b43770',	'd887d393-5c50-4b59-a5af-03e2ea30b915',	CONV('1', 2, 10) + 0,	'${role_manage-clients}',	'manage-clients',	'f0d9d1ed-4880-4b89-95f9-0deb74dc4ead',	'd887d393-5c50-4b59-a5af-03e2ea30b915',	NULL),
('679836ad-29e5-48a0-9db7-4a8d7412de16',	'35762d11-817a-4fc7-bedd-a82dd8e1fe95',	CONV('1', 2, 10) + 0,	'${role_manage-account-links}',	'manage-account-links',	'f0d9d1ed-4880-4b89-95f9-0deb74dc4ead',	'35762d11-817a-4fc7-bedd-a82dd8e1fe95',	NULL),
('67c3d08d-f25f-457b-9054-925bb89a4dda',	'35762d11-817a-4fc7-bedd-a82dd8e1fe95',	CONV('1', 2, 10) + 0,	'${role_manage-account}',	'manage-account',	'f0d9d1ed-4880-4b89-95f9-0deb74dc4ead',	'35762d11-817a-4fc7-bedd-a82dd8e1fe95',	NULL),
('68798e01-1895-48eb-a38b-f0fa4695bdcd',	'4c3e0fbc-619d-4ca7-a8a1-1cf2d59890fc',	CONV('1', 2, 10) + 0,	'${role_view-profile}',	'view-profile',	'841f5ece-1c66-4bb9-93e5-6a5f6101ad0b',	'4c3e0fbc-619d-4ca7-a8a1-1cf2d59890fc',	NULL),
('6bb9aeed-48f8-44b5-ba64-1d54dceeeeb0',	'17da268c-e129-4e11-bf77-1385f61806eb',	CONV('1', 2, 10) + 0,	'${role_manage-identity-providers}',	'manage-identity-providers',	'6b962f6f-6e63-4547-bf35-50e79dd06c0d',	'17da268c-e129-4e11-bf77-1385f61806eb',	NULL),
('6cb273b3-b01f-4ed4-857c-615a668e2fd5',	'90c33ee4-97d6-4ef6-823f-f49a04f14124',	CONV('1', 2, 10) + 0,	'${role_query-users}',	'query-users',	'f0d9d1ed-4880-4b89-95f9-0deb74dc4ead',	'90c33ee4-97d6-4ef6-823f-f49a04f14124',	NULL),
('6dac0c86-bb17-491b-876c-297a49785ece',	'4c3e0fbc-619d-4ca7-a8a1-1cf2d59890fc',	CONV('1', 2, 10) + 0,	'${role_view-applications}',	'view-applications',	'841f5ece-1c66-4bb9-93e5-6a5f6101ad0b',	'4c3e0fbc-619d-4ca7-a8a1-1cf2d59890fc',	NULL),
('777feb84-4730-4172-ac95-641c3ba566ec',	'90c33ee4-97d6-4ef6-823f-f49a04f14124',	CONV('1', 2, 10) + 0,	'${role_manage-authorization}',	'manage-authorization',	'f0d9d1ed-4880-4b89-95f9-0deb74dc4ead',	'90c33ee4-97d6-4ef6-823f-f49a04f14124',	NULL),
('789e9c9c-6868-4fcd-a6d6-ec13cbfa7fd2',	'c60493bf-c4d1-41fa-962a-2604ddb6214b',	CONV('1', 2, 10) + 0,	'${role_query-clients}',	'query-clients',	'841f5ece-1c66-4bb9-93e5-6a5f6101ad0b',	'c60493bf-c4d1-41fa-962a-2604ddb6214b',	NULL),
('7bbfac5a-02f3-4880-a5fe-883462ea0ed3',	'90c33ee4-97d6-4ef6-823f-f49a04f14124',	CONV('1', 2, 10) + 0,	'${role_view-identity-providers}',	'view-identity-providers',	'f0d9d1ed-4880-4b89-95f9-0deb74dc4ead',	'90c33ee4-97d6-4ef6-823f-f49a04f14124',	NULL),
('7f423681-826b-4dfe-9e3b-1a9388399234',	'45f55a3f-39b3-47bb-a980-14f660613993',	CONV('1', 2, 10) + 0,	'${role_query-users}',	'query-users',	'f0d9d1ed-4880-4b89-95f9-0deb74dc4ead',	'45f55a3f-39b3-47bb-a980-14f660613993',	NULL),
('7f481339-838f-4691-9cf5-bc8689877fd8',	'c60493bf-c4d1-41fa-962a-2604ddb6214b',	CONV('1', 2, 10) + 0,	'${role_view-authorization}',	'view-authorization',	'841f5ece-1c66-4bb9-93e5-6a5f6101ad0b',	'c60493bf-c4d1-41fa-962a-2604ddb6214b',	NULL),
('868e6042-9b45-49e2-a0c6-b7724e89bba0',	'f9303f24-cb8e-4c89-a103-8ecd866be620',	CONV('1', 2, 10) + 0,	'${role_manage-consent}',	'manage-consent',	'6b962f6f-6e63-4547-bf35-50e79dd06c0d',	'f9303f24-cb8e-4c89-a103-8ecd866be620',	NULL),
('87e5758f-6aee-406d-8552-f4fa1153deef',	'c60493bf-c4d1-41fa-962a-2604ddb6214b',	CONV('1', 2, 10) + 0,	'${role_query-realms}',	'query-realms',	'841f5ece-1c66-4bb9-93e5-6a5f6101ad0b',	'c60493bf-c4d1-41fa-962a-2604ddb6214b',	NULL),
('8b184216-7e49-4f2e-80b5-06dc5eb9b3f3',	'c60493bf-c4d1-41fa-962a-2604ddb6214b',	CONV('1', 2, 10) + 0,	'${role_view-realm}',	'view-realm',	'841f5ece-1c66-4bb9-93e5-6a5f6101ad0b',	'c60493bf-c4d1-41fa-962a-2604ddb6214b',	NULL),
('8b33dec5-168d-466e-b09a-0773a86ff8db',	'841f5ece-1c66-4bb9-93e5-6a5f6101ad0b',	CONV('0', 2, 10) + 0,	'${role_default-roles}',	'default-roles-m-go',	'841f5ece-1c66-4bb9-93e5-6a5f6101ad0b',	NULL,	NULL),
('8e200f10-7cf2-4fe0-b79a-c852ad8a0494',	'5286d607-fd93-4672-973f-8ca88a107467',	CONV('1', 2, 10) + 0,	NULL,	'uma_protection',	'6b962f6f-6e63-4547-bf35-50e79dd06c0d',	'5286d607-fd93-4672-973f-8ca88a107467',	NULL),
('8e88a524-ee4a-4374-9add-52ad77705a3e',	'17da268c-e129-4e11-bf77-1385f61806eb',	CONV('1', 2, 10) + 0,	'${role_manage-authorization}',	'manage-authorization',	'6b962f6f-6e63-4547-bf35-50e79dd06c0d',	'17da268c-e129-4e11-bf77-1385f61806eb',	NULL),
('8eca6445-affa-4e6f-a2b0-fd724f99b334',	'c60493bf-c4d1-41fa-962a-2604ddb6214b',	CONV('1', 2, 10) + 0,	'${role_impersonation}',	'impersonation',	'841f5ece-1c66-4bb9-93e5-6a5f6101ad0b',	'c60493bf-c4d1-41fa-962a-2604ddb6214b',	NULL),
('908a80b5-99d2-4f51-90bd-c2fb72c6c896',	'17da268c-e129-4e11-bf77-1385f61806eb',	CONV('1', 2, 10) + 0,	'${role_manage-clients}',	'manage-clients',	'6b962f6f-6e63-4547-bf35-50e79dd06c0d',	'17da268c-e129-4e11-bf77-1385f61806eb',	NULL),
('92ea91d5-362a-4faf-87d4-c60a726c6a61',	'd887d393-5c50-4b59-a5af-03e2ea30b915',	CONV('1', 2, 10) + 0,	'${role_view-realm}',	'view-realm',	'f0d9d1ed-4880-4b89-95f9-0deb74dc4ead',	'd887d393-5c50-4b59-a5af-03e2ea30b915',	NULL),
('9382e87c-89ec-4e99-80ac-7f0b236be6c3',	'c60493bf-c4d1-41fa-962a-2604ddb6214b',	CONV('1', 2, 10) + 0,	'${role_create-client}',	'create-client',	'841f5ece-1c66-4bb9-93e5-6a5f6101ad0b',	'c60493bf-c4d1-41fa-962a-2604ddb6214b',	NULL),
('96245047-baf5-4cb7-9835-655049c61870',	'45f55a3f-39b3-47bb-a980-14f660613993',	CONV('1', 2, 10) + 0,	'${role_manage-users}',	'manage-users',	'f0d9d1ed-4880-4b89-95f9-0deb74dc4ead',	'45f55a3f-39b3-47bb-a980-14f660613993',	NULL),
('986de39f-a604-4b6a-a1a9-ed77c22f1edc',	'90c33ee4-97d6-4ef6-823f-f49a04f14124',	CONV('1', 2, 10) + 0,	'${role_view-users}',	'view-users',	'f0d9d1ed-4880-4b89-95f9-0deb74dc4ead',	'90c33ee4-97d6-4ef6-823f-f49a04f14124',	NULL),
('98f66def-3be9-4100-b5d8-13c9d7a9f18a',	'17da268c-e129-4e11-bf77-1385f61806eb',	CONV('1', 2, 10) + 0,	'${role_view-clients}',	'view-clients',	'6b962f6f-6e63-4547-bf35-50e79dd06c0d',	'17da268c-e129-4e11-bf77-1385f61806eb',	NULL),
('99c4be31-9d46-4ef2-aabd-cb6b92b7ec18',	'35762d11-817a-4fc7-bedd-a82dd8e1fe95',	CONV('1', 2, 10) + 0,	'${role_manage-consent}',	'manage-consent',	'f0d9d1ed-4880-4b89-95f9-0deb74dc4ead',	'35762d11-817a-4fc7-bedd-a82dd8e1fe95',	NULL),
('9d4bc3ae-0006-4b17-acf2-4628e686d27e',	'45f55a3f-39b3-47bb-a980-14f660613993',	CONV('1', 2, 10) + 0,	'${role_query-groups}',	'query-groups',	'f0d9d1ed-4880-4b89-95f9-0deb74dc4ead',	'45f55a3f-39b3-47bb-a980-14f660613993',	NULL),
('9decbd3b-8592-4e78-bca0-74ed011c0ca8',	'45f55a3f-39b3-47bb-a980-14f660613993',	CONV('1', 2, 10) + 0,	'${role_view-events}',	'view-events',	'f0d9d1ed-4880-4b89-95f9-0deb74dc4ead',	'45f55a3f-39b3-47bb-a980-14f660613993',	NULL),
('9e9b6653-0f76-4716-a3ed-1fd8cf4ba860',	'17da268c-e129-4e11-bf77-1385f61806eb',	CONV('1', 2, 10) + 0,	'${role_manage-events}',	'manage-events',	'6b962f6f-6e63-4547-bf35-50e79dd06c0d',	'17da268c-e129-4e11-bf77-1385f61806eb',	NULL),
('9f5d650f-f31c-4007-a73b-5698e69f23a4',	'35762d11-817a-4fc7-bedd-a82dd8e1fe95',	CONV('1', 2, 10) + 0,	'${role_view-applications}',	'view-applications',	'f0d9d1ed-4880-4b89-95f9-0deb74dc4ead',	'35762d11-817a-4fc7-bedd-a82dd8e1fe95',	NULL),
('a0539439-c193-4c18-8226-f7395a6d9318',	'4c3e0fbc-619d-4ca7-a8a1-1cf2d59890fc',	CONV('1', 2, 10) + 0,	'${role_manage-account}',	'manage-account',	'841f5ece-1c66-4bb9-93e5-6a5f6101ad0b',	'4c3e0fbc-619d-4ca7-a8a1-1cf2d59890fc',	NULL),
('a087c378-c431-4624-9db9-c55c70dcde9d',	'f9303f24-cb8e-4c89-a103-8ecd866be620',	CONV('1', 2, 10) + 0,	'${role_manage-account}',	'manage-account',	'6b962f6f-6e63-4547-bf35-50e79dd06c0d',	'f9303f24-cb8e-4c89-a103-8ecd866be620',	NULL),
('a2b322be-9a35-4ba9-a000-3efea8963313',	'f9303f24-cb8e-4c89-a103-8ecd866be620',	CONV('1', 2, 10) + 0,	'${role_view-applications}',	'view-applications',	'6b962f6f-6e63-4547-bf35-50e79dd06c0d',	'f9303f24-cb8e-4c89-a103-8ecd866be620',	NULL),
('a9b06fdb-061b-4762-83d0-2ffe266468a5',	'd887d393-5c50-4b59-a5af-03e2ea30b915',	CONV('1', 2, 10) + 0,	'${role_manage-events}',	'manage-events',	'f0d9d1ed-4880-4b89-95f9-0deb74dc4ead',	'd887d393-5c50-4b59-a5af-03e2ea30b915',	NULL),
('ab6995d2-49f5-441e-845c-3302e0455410',	'c60493bf-c4d1-41fa-962a-2604ddb6214b',	CONV('1', 2, 10) + 0,	'${role_view-events}',	'view-events',	'841f5ece-1c66-4bb9-93e5-6a5f6101ad0b',	'c60493bf-c4d1-41fa-962a-2604ddb6214b',	NULL),
('aea0cf81-55cb-4f3d-8aaa-06f65f18e15b',	'd887d393-5c50-4b59-a5af-03e2ea30b915',	CONV('1', 2, 10) + 0,	'${role_create-client}',	'create-client',	'f0d9d1ed-4880-4b89-95f9-0deb74dc4ead',	'd887d393-5c50-4b59-a5af-03e2ea30b915',	NULL),
('b1455a64-60f0-4323-96a5-ad95ae6cbefc',	'd887d393-5c50-4b59-a5af-03e2ea30b915',	CONV('1', 2, 10) + 0,	'${role_manage-identity-providers}',	'manage-identity-providers',	'f0d9d1ed-4880-4b89-95f9-0deb74dc4ead',	'd887d393-5c50-4b59-a5af-03e2ea30b915',	NULL),
('b2874ce1-127f-48cc-9e7f-dfa3f3122abc',	'90c33ee4-97d6-4ef6-823f-f49a04f14124',	CONV('1', 2, 10) + 0,	'${role_view-clients}',	'view-clients',	'f0d9d1ed-4880-4b89-95f9-0deb74dc4ead',	'90c33ee4-97d6-4ef6-823f-f49a04f14124',	NULL),
('b2b49c5d-aa9d-4121-8436-a6c1aefd55aa',	'd887d393-5c50-4b59-a5af-03e2ea30b915',	CONV('1', 2, 10) + 0,	'${role_impersonation}',	'impersonation',	'f0d9d1ed-4880-4b89-95f9-0deb74dc4ead',	'd887d393-5c50-4b59-a5af-03e2ea30b915',	NULL),
('b3bf0d20-c09b-4ee3-8536-f68d2a5a6fc6',	'90c33ee4-97d6-4ef6-823f-f49a04f14124',	CONV('1', 2, 10) + 0,	'${role_manage-clients}',	'manage-clients',	'f0d9d1ed-4880-4b89-95f9-0deb74dc4ead',	'90c33ee4-97d6-4ef6-823f-f49a04f14124',	NULL),
('ba2c206c-8757-40e4-b9c3-88ce706e08ab',	'17da268c-e129-4e11-bf77-1385f61806eb',	CONV('1', 2, 10) + 0,	'${role_view-identity-providers}',	'view-identity-providers',	'6b962f6f-6e63-4547-bf35-50e79dd06c0d',	'17da268c-e129-4e11-bf77-1385f61806eb',	NULL),
('ba8c17ec-9d6c-41dc-a33b-d0b62b3dc9db',	'd887d393-5c50-4b59-a5af-03e2ea30b915',	CONV('1', 2, 10) + 0,	'${role_view-users}',	'view-users',	'f0d9d1ed-4880-4b89-95f9-0deb74dc4ead',	'd887d393-5c50-4b59-a5af-03e2ea30b915',	NULL),
('bab89003-4238-4745-86d2-8792495e99ab',	'f9303f24-cb8e-4c89-a103-8ecd866be620',	CONV('1', 2, 10) + 0,	'${role_manage-account-links}',	'manage-account-links',	'6b962f6f-6e63-4547-bf35-50e79dd06c0d',	'f9303f24-cb8e-4c89-a103-8ecd866be620',	NULL),
('be4d5d75-76c8-427d-852a-361533b2cdb2',	'45f55a3f-39b3-47bb-a980-14f660613993',	CONV('1', 2, 10) + 0,	'${role_query-realms}',	'query-realms',	'f0d9d1ed-4880-4b89-95f9-0deb74dc4ead',	'45f55a3f-39b3-47bb-a980-14f660613993',	NULL),
('c54abe2f-d430-4c0f-932d-b705eb950901',	'c60493bf-c4d1-41fa-962a-2604ddb6214b',	CONV('1', 2, 10) + 0,	'${role_manage-realm}',	'manage-realm',	'841f5ece-1c66-4bb9-93e5-6a5f6101ad0b',	'c60493bf-c4d1-41fa-962a-2604ddb6214b',	NULL),
('c7f77961-d8e1-4487-b5b5-408e468d6fa4',	'90c33ee4-97d6-4ef6-823f-f49a04f14124',	CONV('1', 2, 10) + 0,	'${role_impersonation}',	'impersonation',	'f0d9d1ed-4880-4b89-95f9-0deb74dc4ead',	'90c33ee4-97d6-4ef6-823f-f49a04f14124',	NULL),
('c9868961-7ddb-4610-8906-cce3aaa0c4fe',	'd887d393-5c50-4b59-a5af-03e2ea30b915',	CONV('1', 2, 10) + 0,	'${role_view-clients}',	'view-clients',	'f0d9d1ed-4880-4b89-95f9-0deb74dc4ead',	'd887d393-5c50-4b59-a5af-03e2ea30b915',	NULL),
('cdfb20ea-bfba-4591-8057-8914a8e7ac3e',	'45f55a3f-39b3-47bb-a980-14f660613993',	CONV('1', 2, 10) + 0,	'${role_view-identity-providers}',	'view-identity-providers',	'f0d9d1ed-4880-4b89-95f9-0deb74dc4ead',	'45f55a3f-39b3-47bb-a980-14f660613993',	NULL),
('d1f3c51f-19cd-47a5-804e-3d20fd086712',	'd887d393-5c50-4b59-a5af-03e2ea30b915',	CONV('1', 2, 10) + 0,	'${role_manage-authorization}',	'manage-authorization',	'f0d9d1ed-4880-4b89-95f9-0deb74dc4ead',	'd887d393-5c50-4b59-a5af-03e2ea30b915',	NULL),
('d2fc4599-a6c6-4c36-b015-16f9e946a2d9',	'17da268c-e129-4e11-bf77-1385f61806eb',	CONV('1', 2, 10) + 0,	'${role_realm-admin}',	'realm-admin',	'6b962f6f-6e63-4547-bf35-50e79dd06c0d',	'17da268c-e129-4e11-bf77-1385f61806eb',	NULL),
('d5ef205d-4f4e-42d3-abad-177b7f44bf27',	'8f8ac6a0-9be6-4f0a-b6db-066ecd8cb5db',	CONV('1', 2, 10) + 0,	NULL,	'uma_protection',	'f0d9d1ed-4880-4b89-95f9-0deb74dc4ead',	'8f8ac6a0-9be6-4f0a-b6db-066ecd8cb5db',	NULL),
('d8f23b86-1628-4f61-86ae-7b2aafd6661b',	'17da268c-e129-4e11-bf77-1385f61806eb',	CONV('1', 2, 10) + 0,	'${role_query-groups}',	'query-groups',	'6b962f6f-6e63-4547-bf35-50e79dd06c0d',	'17da268c-e129-4e11-bf77-1385f61806eb',	NULL),
('d926a2cb-f0ef-4bae-9619-ac8de64821df',	'd887d393-5c50-4b59-a5af-03e2ea30b915',	CONV('1', 2, 10) + 0,	'${role_query-clients}',	'query-clients',	'f0d9d1ed-4880-4b89-95f9-0deb74dc4ead',	'd887d393-5c50-4b59-a5af-03e2ea30b915',	NULL),
('dbc91f0f-f55e-449d-9e4c-d23bf1b4e77a',	'c60493bf-c4d1-41fa-962a-2604ddb6214b',	CONV('1', 2, 10) + 0,	'${role_manage-clients}',	'manage-clients',	'841f5ece-1c66-4bb9-93e5-6a5f6101ad0b',	'c60493bf-c4d1-41fa-962a-2604ddb6214b',	NULL),
('dcbad16e-6fef-48c1-a76f-eaa7530be48c',	'c60493bf-c4d1-41fa-962a-2604ddb6214b',	CONV('1', 2, 10) + 0,	'${role_view-users}',	'view-users',	'841f5ece-1c66-4bb9-93e5-6a5f6101ad0b',	'c60493bf-c4d1-41fa-962a-2604ddb6214b',	NULL),
('de3d6307-4545-4bc9-a52d-82b0f6919934',	'45f55a3f-39b3-47bb-a980-14f660613993',	CONV('1', 2, 10) + 0,	'${role_view-users}',	'view-users',	'f0d9d1ed-4880-4b89-95f9-0deb74dc4ead',	'45f55a3f-39b3-47bb-a980-14f660613993',	NULL),
('de827648-d641-42b4-bae8-4b9307d12d9c',	'f9303f24-cb8e-4c89-a103-8ecd866be620',	CONV('1', 2, 10) + 0,	'${role_view-consent}',	'view-consent',	'6b962f6f-6e63-4547-bf35-50e79dd06c0d',	'f9303f24-cb8e-4c89-a103-8ecd866be620',	NULL),
('debc2580-58d3-4f9e-bc6a-fedb4b6520c1',	'45f55a3f-39b3-47bb-a980-14f660613993',	CONV('1', 2, 10) + 0,	'${role_view-authorization}',	'view-authorization',	'f0d9d1ed-4880-4b89-95f9-0deb74dc4ead',	'45f55a3f-39b3-47bb-a980-14f660613993',	NULL),
('dff9d3f0-0a60-4f22-bb0f-c6946f18c31a',	'90c33ee4-97d6-4ef6-823f-f49a04f14124',	CONV('1', 2, 10) + 0,	'${role_manage-identity-providers}',	'manage-identity-providers',	'f0d9d1ed-4880-4b89-95f9-0deb74dc4ead',	'90c33ee4-97d6-4ef6-823f-f49a04f14124',	NULL),
('e054d2cf-9a3a-4f2a-9315-ca2e600e09c8',	'17da268c-e129-4e11-bf77-1385f61806eb',	CONV('1', 2, 10) + 0,	'${role_view-realm}',	'view-realm',	'6b962f6f-6e63-4547-bf35-50e79dd06c0d',	'17da268c-e129-4e11-bf77-1385f61806eb',	NULL),
('e07ce62f-e7d5-4b48-8ccf-1929ac8d81b0',	'45f55a3f-39b3-47bb-a980-14f660613993',	CONV('1', 2, 10) + 0,	'${role_manage-identity-providers}',	'manage-identity-providers',	'f0d9d1ed-4880-4b89-95f9-0deb74dc4ead',	'45f55a3f-39b3-47bb-a980-14f660613993',	NULL),
('e868eac8-3e83-442e-8426-404d4db8f4b7',	'd887d393-5c50-4b59-a5af-03e2ea30b915',	CONV('1', 2, 10) + 0,	'${role_view-authorization}',	'view-authorization',	'f0d9d1ed-4880-4b89-95f9-0deb74dc4ead',	'd887d393-5c50-4b59-a5af-03e2ea30b915',	NULL),
('e95f432d-068e-46a2-a033-6e1641e66e14',	'17da268c-e129-4e11-bf77-1385f61806eb',	CONV('1', 2, 10) + 0,	'${role_manage-users}',	'manage-users',	'6b962f6f-6e63-4547-bf35-50e79dd06c0d',	'17da268c-e129-4e11-bf77-1385f61806eb',	NULL),
('ea90b0f1-f3ab-4470-94bc-bb3445ebf627',	'd887d393-5c50-4b59-a5af-03e2ea30b915',	CONV('1', 2, 10) + 0,	'${role_view-identity-providers}',	'view-identity-providers',	'f0d9d1ed-4880-4b89-95f9-0deb74dc4ead',	'd887d393-5c50-4b59-a5af-03e2ea30b915',	NULL),
('ec3322c8-b33a-4206-9539-118590afbf06',	'f0d9d1ed-4880-4b89-95f9-0deb74dc4ead',	CONV('0', 2, 10) + 0,	'${role_create-realm}',	'create-realm',	'f0d9d1ed-4880-4b89-95f9-0deb74dc4ead',	NULL,	NULL),
('eccde53a-79e0-4f5b-97be-1f7f9e2ba2e7',	'17da268c-e129-4e11-bf77-1385f61806eb',	CONV('1', 2, 10) + 0,	'${role_impersonation}',	'impersonation',	'6b962f6f-6e63-4547-bf35-50e79dd06c0d',	'17da268c-e129-4e11-bf77-1385f61806eb',	NULL),
('eeddd529-a756-4b40-9d30-c0031c0c1ac1',	'17da268c-e129-4e11-bf77-1385f61806eb',	CONV('1', 2, 10) + 0,	'${role_view-users}',	'view-users',	'6b962f6f-6e63-4547-bf35-50e79dd06c0d',	'17da268c-e129-4e11-bf77-1385f61806eb',	NULL),
('ef4048a6-e790-4596-8652-16432f2a917a',	'4233eca9-3cc4-4907-92d6-e1c2da4c31a2',	CONV('1', 2, 10) + 0,	'${role_read-token}',	'read-token',	'f0d9d1ed-4880-4b89-95f9-0deb74dc4ead',	'4233eca9-3cc4-4907-92d6-e1c2da4c31a2',	NULL),
('f03f9927-e2ff-4917-b93e-aec63c5bcff7',	'd887d393-5c50-4b59-a5af-03e2ea30b915',	CONV('1', 2, 10) + 0,	'${role_manage-users}',	'manage-users',	'f0d9d1ed-4880-4b89-95f9-0deb74dc4ead',	'd887d393-5c50-4b59-a5af-03e2ea30b915',	NULL),
('f10eb968-90ba-4398-8f12-4f8609e1d595',	'c60493bf-c4d1-41fa-962a-2604ddb6214b',	CONV('1', 2, 10) + 0,	'${role_query-groups}',	'query-groups',	'841f5ece-1c66-4bb9-93e5-6a5f6101ad0b',	'c60493bf-c4d1-41fa-962a-2604ddb6214b',	NULL),
('f429de6f-6dac-4c1a-ab3f-e72e0a4400e6',	'17da268c-e129-4e11-bf77-1385f61806eb',	CONV('1', 2, 10) + 0,	'${role_create-client}',	'create-client',	'6b962f6f-6e63-4547-bf35-50e79dd06c0d',	'17da268c-e129-4e11-bf77-1385f61806eb',	NULL),
('f4b55219-b2f2-4408-9662-0274ebbbe843',	'32e494de-37a8-4e6b-aebb-fdaaf4ae2dbb',	CONV('1', 2, 10) + 0,	NULL,	'uma_protection',	'6b962f6f-6e63-4547-bf35-50e79dd06c0d',	'32e494de-37a8-4e6b-aebb-fdaaf4ae2dbb',	NULL),
('f5ed6578-4759-4ad0-9a0b-33b4a3bbb93b',	'f9303f24-cb8e-4c89-a103-8ecd866be620',	CONV('1', 2, 10) + 0,	'${role_delete-account}',	'delete-account',	'6b962f6f-6e63-4547-bf35-50e79dd06c0d',	'f9303f24-cb8e-4c89-a103-8ecd866be620',	NULL),
('f7d55289-c58b-4d47-ae7e-7dbe48629470',	'c60493bf-c4d1-41fa-962a-2604ddb6214b',	CONV('1', 2, 10) + 0,	'${role_manage-users}',	'manage-users',	'841f5ece-1c66-4bb9-93e5-6a5f6101ad0b',	'c60493bf-c4d1-41fa-962a-2604ddb6214b',	NULL),
('f8138180-a7a2-420d-9752-4e22d0f6ff4f',	'90c33ee4-97d6-4ef6-823f-f49a04f14124',	CONV('1', 2, 10) + 0,	'${role_query-realms}',	'query-realms',	'f0d9d1ed-4880-4b89-95f9-0deb74dc4ead',	'90c33ee4-97d6-4ef6-823f-f49a04f14124',	NULL),
('fbf69cb6-4666-4c0f-8d31-8b59da53ef6e',	'45f55a3f-39b3-47bb-a980-14f660613993',	CONV('1', 2, 10) + 0,	'${role_manage-clients}',	'manage-clients',	'f0d9d1ed-4880-4b89-95f9-0deb74dc4ead',	'45f55a3f-39b3-47bb-a980-14f660613993',	NULL),
('fc027cde-ca6e-4590-acec-40b9edf63ef7',	'17da268c-e129-4e11-bf77-1385f61806eb',	CONV('1', 2, 10) + 0,	'${role_view-authorization}',	'view-authorization',	'6b962f6f-6e63-4547-bf35-50e79dd06c0d',	'17da268c-e129-4e11-bf77-1385f61806eb',	NULL),
('fcf28d8e-734a-4d2b-ad2c-47b90a562be4',	'6b962f6f-6e63-4547-bf35-50e79dd06c0d',	CONV('0', 2, 10) + 0,	'${role_offline-access}',	'offline_access',	'6b962f6f-6e63-4547-bf35-50e79dd06c0d',	NULL,	NULL),
('fdbc9485-c534-4142-b38b-058e15954399',	'f0d9d1ed-4880-4b89-95f9-0deb74dc4ead',	CONV('0', 2, 10) + 0,	'${role_offline-access}',	'offline_access',	'f0d9d1ed-4880-4b89-95f9-0deb74dc4ead',	NULL,	NULL),
('fff3f7fc-34ef-447a-9cf2-38180424644a',	'90c33ee4-97d6-4ef6-823f-f49a04f14124',	CONV('1', 2, 10) + 0,	'${role_query-groups}',	'query-groups',	'f0d9d1ed-4880-4b89-95f9-0deb74dc4ead',	'90c33ee4-97d6-4ef6-823f-f49a04f14124',	NULL);

DROP TABLE IF EXISTS `MIGRATION_MODEL`;
CREATE TABLE `MIGRATION_MODEL` (
  `ID` varchar(36) NOT NULL,
  `VERSION` varchar(36) DEFAULT NULL,
  `UPDATE_TIME` bigint NOT NULL DEFAULT '0',
  PRIMARY KEY (`ID`),
  KEY `IDX_UPDATE_TIME` (`UPDATE_TIME`)
) ENGINE=InnoDB DEFAULT CHARSET=utf8mb4 COLLATE=utf8mb4_0900_ai_ci;

INSERT INTO `MIGRATION_MODEL` (`ID`, `VERSION`, `UPDATE_TIME`) VALUES
('suvt0',	'19.0.3',	1667048263),
('y4387',	'19.0.1',	1659951023);

DROP TABLE IF EXISTS `OFFLINE_CLIENT_SESSION`;
CREATE TABLE `OFFLINE_CLIENT_SESSION` (
  `USER_SESSION_ID` varchar(36) NOT NULL,
  `CLIENT_ID` varchar(255) NOT NULL,
  `OFFLINE_FLAG` varchar(4) NOT NULL,
  `TIMESTAMP` int DEFAULT NULL,
  `DATA` longtext,
  `CLIENT_STORAGE_PROVIDER` varchar(36) NOT NULL DEFAULT 'local',
  `EXTERNAL_CLIENT_ID` varchar(255) NOT NULL DEFAULT 'local',
  PRIMARY KEY (`USER_SESSION_ID`,`CLIENT_ID`,`CLIENT_STORAGE_PROVIDER`,`EXTERNAL_CLIENT_ID`,`OFFLINE_FLAG`),
  KEY `IDX_US_SESS_ID_ON_CL_SESS` (`USER_SESSION_ID`),
  KEY `IDX_OFFLINE_CSS_PRELOAD` (`CLIENT_ID`,`OFFLINE_FLAG`)
) ENGINE=InnoDB DEFAULT CHARSET=utf8mb4 COLLATE=utf8mb4_0900_ai_ci;


DROP TABLE IF EXISTS `OFFLINE_USER_SESSION`;
CREATE TABLE `OFFLINE_USER_SESSION` (
  `USER_SESSION_ID` varchar(36) NOT NULL,
  `USER_ID` varchar(255) DEFAULT NULL,
  `REALM_ID` varchar(36) NOT NULL,
  `CREATED_ON` int NOT NULL,
  `OFFLINE_FLAG` varchar(4) NOT NULL,
  `DATA` longtext,
  `LAST_SESSION_REFRESH` int NOT NULL DEFAULT '0',
  PRIMARY KEY (`USER_SESSION_ID`,`OFFLINE_FLAG`),
  KEY `IDX_OFFLINE_USS_CREATEDON` (`CREATED_ON`),
  KEY `IDX_OFFLINE_USS_PRELOAD` (`OFFLINE_FLAG`,`CREATED_ON`,`USER_SESSION_ID`),
  KEY `IDX_OFFLINE_USS_BY_USER` (`USER_ID`,`REALM_ID`,`OFFLINE_FLAG`),
  KEY `IDX_OFFLINE_USS_BY_USERSESS` (`REALM_ID`,`OFFLINE_FLAG`,`USER_SESSION_ID`)
) ENGINE=InnoDB DEFAULT CHARSET=utf8mb4 COLLATE=utf8mb4_0900_ai_ci;


DROP TABLE IF EXISTS `POLICY_CONFIG`;
CREATE TABLE `POLICY_CONFIG` (
  `POLICY_ID` varchar(36) NOT NULL,
  `NAME` varchar(255) NOT NULL,
  `VALUE` longtext,
  PRIMARY KEY (`POLICY_ID`,`NAME`),
  CONSTRAINT `FKDC34197CF864C4E43` FOREIGN KEY (`POLICY_ID`) REFERENCES `RESOURCE_SERVER_POLICY` (`ID`)
) ENGINE=InnoDB DEFAULT CHARSET=utf8mb4 COLLATE=utf8mb4_0900_ai_ci;

INSERT INTO `POLICY_CONFIG` (`POLICY_ID`, `NAME`, `VALUE`) VALUES
('1370c602-f5d5-4f7b-9cc3-8e4dcd483be6',	'defaultResourceType',	'urn:web:resources:default'),
('27be8a3c-ba53-4daf-9933-da6cbe6f5206',	'defaultResourceType',	'urn:webapp:resources:default'),
('2844f3fc-92ec-4ab3-9907-95ebb497bf1b',	'defaultResourceType',	'urn:api:resources:default'),
('35a1e1fe-df57-46bc-a0f8-2e2a820dc5a1',	'defaultResourceType',	'urn:web:resources:default'),
('7b40e82c-4b54-406f-b3be-33a7fde2c597',	'code',	'// by default, grants any permission associated with this policy\n$evaluation.grant();\n'),
('7b87b619-851c-4d15-9f8a-c03ed0e3bab9',	'defaultResourceType',	'urn:web:resources:default'),
('7dbaca15-744b-44af-91c3-72b5b77dd355',	'code',	'// by default, grants any permission associated with this policy\n$evaluation.grant();\n'),
('9263c6b9-e683-4699-97cd-26aa633f728e',	'code',	'// by default, grants any permission associated with this policy\n$evaluation.grant();\n'),
('9b28876a-1b18-4561-84e4-a6b44b4add4e',	'code',	'// by default, grants any permission associated with this policy\n$evaluation.grant();\n'),
('c5073277-2204-4132-bd23-83fb53c475bd',	'code',	'// by default, grants any permission associated with this policy\n$evaluation.grant();\n');

DROP TABLE IF EXISTS `PROTOCOL_MAPPER`;
CREATE TABLE `PROTOCOL_MAPPER` (
  `ID` varchar(36) NOT NULL,
  `NAME` varchar(255) NOT NULL,
  `PROTOCOL` varchar(255) NOT NULL,
  `PROTOCOL_MAPPER_NAME` varchar(255) NOT NULL,
  `CLIENT_ID` varchar(36) DEFAULT NULL,
  `CLIENT_SCOPE_ID` varchar(36) DEFAULT NULL,
  PRIMARY KEY (`ID`),
  KEY `IDX_PROTOCOL_MAPPER_CLIENT` (`CLIENT_ID`),
  KEY `IDX_CLSCOPE_PROTMAP` (`CLIENT_SCOPE_ID`),
  CONSTRAINT `FK_CLI_SCOPE_MAPPER` FOREIGN KEY (`CLIENT_SCOPE_ID`) REFERENCES `CLIENT_SCOPE` (`ID`),
  CONSTRAINT `FK_PCM_REALM` FOREIGN KEY (`CLIENT_ID`) REFERENCES `CLIENT` (`ID`)
) ENGINE=InnoDB DEFAULT CHARSET=utf8mb4 COLLATE=utf8mb4_0900_ai_ci;

INSERT INTO `PROTOCOL_MAPPER` (`ID`, `NAME`, `PROTOCOL`, `PROTOCOL_MAPPER_NAME`, `CLIENT_ID`, `CLIENT_SCOPE_ID`) VALUES
('0249850e-ef74-4b93-9d76-e0511f802f41',	'full name',	'openid-connect',	'oidc-full-name-mapper',	NULL,	'76e0ad45-5da4-4a54-be54-472388854348'),
('082a977e-1482-4a5b-8ca3-4f95dd8a4fa6',	'picture',	'openid-connect',	'oidc-usermodel-attribute-mapper',	NULL,	'76e0ad45-5da4-4a54-be54-472388854348'),
('0d8334da-ab0f-4c0f-a8e9-a050b3e103bc',	'address',	'openid-connect',	'oidc-address-mapper',	NULL,	'5f9fc03a-1e10-4754-ab18-add2206b8a83'),
('0e8f1400-1035-42f6-a8f7-7dc84d8a3667',	'acr loa level',	'openid-connect',	'oidc-acr-mapper',	NULL,	'031e1f6a-80bf-41aa-a194-a4fe0e1d695d'),
('110461a6-b47f-439c-bdc8-6ae0e9a560dd',	'Client IP Address',	'openid-connect',	'oidc-usersessionmodel-note-mapper',	'3b2997cc-a417-4406-8ae7-21167b3d9e88',	NULL),
('150a8038-fa18-483c-ae67-f82cd05e5b00',	'username',	'openid-connect',	'oidc-usermodel-property-mapper',	NULL,	'76e0ad45-5da4-4a54-be54-472388854348'),
('16f1c3bc-95c9-4ead-8d86-d7cc7a808da5',	'audience resolve',	'openid-connect',	'oidc-audience-resolve-mapper',	'4971f0ea-ca04-4a50-9225-3a22f898811f',	NULL),
('185a2413-5c5c-4aa2-96f4-ebb2f49e37c2',	'Client Host',	'openid-connect',	'oidc-usersessionmodel-note-mapper',	'32e494de-37a8-4e6b-aebb-fdaaf4ae2dbb',	NULL),
('189f5a5e-af62-4c99-94c1-7be7f39ec14d',	'locale',	'openid-connect',	'oidc-usermodel-attribute-mapper',	'5d0a80de-f9f4-4149-90dd-d8bf7b819fce',	NULL),
('1ba4d869-dcb2-4642-8977-c1ad592925f5',	'zoneinfo',	'openid-connect',	'oidc-usermodel-attribute-mapper',	NULL,	'76e0ad45-5da4-4a54-be54-472388854348'),
('1f8ee857-2f62-489b-aa39-f2179782ae10',	'given name',	'openid-connect',	'oidc-usermodel-property-mapper',	NULL,	'60e35d68-aa6c-44f8-a03b-d46d5be76c8a'),
('20d21854-9ec2-4b88-bed2-f12fcbc28de7',	'website',	'openid-connect',	'oidc-usermodel-attribute-mapper',	NULL,	'76e0ad45-5da4-4a54-be54-472388854348'),
('2143efbe-f99b-4856-a78f-e407b247c859',	'phone number',	'openid-connect',	'oidc-usermodel-attribute-mapper',	NULL,	'a28ad5c6-eb4f-4d5b-858b-c2cee0548aa1'),
('27aa59a4-820a-4638-8dde-d34ea1cb154a',	'client roles',	'openid-connect',	'oidc-usermodel-client-role-mapper',	NULL,	'd87e72ef-46c6-43b0-9903-f4cba84e72a0'),
('2b0f8947-ed5b-4898-861a-2f0854ca2fa5',	'email verified',	'openid-connect',	'oidc-usermodel-property-mapper',	NULL,	'd3ee2bb7-97d4-45a1-9a77-e137a5a3fc1a'),
('2b5a6a6e-0176-436d-878c-3e22ce7b4aba',	'email verified',	'openid-connect',	'oidc-usermodel-property-mapper',	NULL,	'af6356f3-670a-4b51-bee6-326795ddb10a'),
('31ca4933-ca6a-4bdf-9962-44db9e501d4d',	'locale',	'openid-connect',	'oidc-usermodel-attribute-mapper',	NULL,	'76e0ad45-5da4-4a54-be54-472388854348'),
('338e8e16-5951-4391-9913-b06d5b08e014',	'role list',	'saml',	'saml-role-list-mapper',	NULL,	'b89d5670-9631-4226-bcd5-75fffbc3bcda'),
('34d35b32-09eb-4873-9df0-ac4a14164a01',	'nickname',	'openid-connect',	'oidc-usermodel-attribute-mapper',	NULL,	'60e35d68-aa6c-44f8-a03b-d46d5be76c8a'),
('3a29c054-d570-4025-b8ee-89d701679040',	'acr loa level',	'openid-connect',	'oidc-acr-mapper',	NULL,	'8e8f2dad-8e65-4b36-9332-5f4f7aa94cdb'),
('3ad2a609-c454-4430-b372-3b17bfc5ba6a',	'Client IP Address',	'openid-connect',	'oidc-usersessionmodel-note-mapper',	'5286d607-fd93-4672-973f-8ca88a107467',	NULL),
('405c8164-1d04-4e18-bf83-3e32a52f0be4',	'middle name',	'openid-connect',	'oidc-usermodel-attribute-mapper',	NULL,	'e7223b8f-94f3-4159-81a3-5694197a85ef'),
('416a1862-b5c2-47ee-b8ea-5c43e10835fd',	'upn',	'openid-connect',	'oidc-usermodel-property-mapper',	NULL,	'0c868f7a-e012-47ab-b059-4ff9a5d1add5'),
('4235e833-03ca-4aaf-9e27-83fd691d6a4f',	'audience resolve',	'openid-connect',	'oidc-audience-resolve-mapper',	NULL,	'd87e72ef-46c6-43b0-9903-f4cba84e72a0'),
('42e8d2db-0a07-4138-82e1-df11682e6831',	'address',	'openid-connect',	'oidc-address-mapper',	NULL,	'3a3b8bf0-f5e9-49b4-871f-2add6bc0c9f6'),
('4815f6d5-0ab4-419a-9202-4934b06bc085',	'gender',	'openid-connect',	'oidc-usermodel-attribute-mapper',	NULL,	'60e35d68-aa6c-44f8-a03b-d46d5be76c8a'),
('4a82a918-9c2a-44c6-b91b-2be93cdf661d',	'phone number verified',	'openid-connect',	'oidc-usermodel-attribute-mapper',	NULL,	'a28ad5c6-eb4f-4d5b-858b-c2cee0548aa1'),
('4ad9c934-0599-4167-9d10-fdc53461b0b6',	'family name',	'openid-connect',	'oidc-usermodel-property-mapper',	NULL,	'e7223b8f-94f3-4159-81a3-5694197a85ef'),
('50d192e3-a8c1-40fd-bb29-e289357c3ab6',	'birthdate',	'openid-connect',	'oidc-usermodel-attribute-mapper',	NULL,	'e7223b8f-94f3-4159-81a3-5694197a85ef'),
('560743a6-68bc-49fc-854c-0f14d68f7973',	'phone number verified',	'openid-connect',	'oidc-usermodel-attribute-mapper',	NULL,	'87c4a6c4-b688-466c-a5c0-5b2f34ebd001'),
('57400aca-aaf2-4a38-914f-2c161f5a31da',	'profile',	'openid-connect',	'oidc-usermodel-attribute-mapper',	NULL,	'e7223b8f-94f3-4159-81a3-5694197a85ef'),
('59052d0c-83e5-4f76-b043-592b941d9790',	'website',	'openid-connect',	'oidc-usermodel-attribute-mapper',	NULL,	'60e35d68-aa6c-44f8-a03b-d46d5be76c8a'),
('6605b342-ebc7-48aa-a6d9-fb10426c12af',	'audience resolve',	'openid-connect',	'oidc-audience-resolve-mapper',	NULL,	'16d066de-8808-4fe6-8f99-adaf762cebdc'),
('6671260e-0e75-4297-80f1-d05f4b684312',	'client roles',	'openid-connect',	'oidc-usermodel-client-role-mapper',	NULL,	'16d066de-8808-4fe6-8f99-adaf762cebdc'),
('6679e9e1-fa35-4404-a77a-83febd1eaf86',	'groups',	'openid-connect',	'oidc-usermodel-realm-role-mapper',	NULL,	'0c868f7a-e012-47ab-b059-4ff9a5d1add5'),
('679805e2-05ea-4a13-b871-02a9fdbd6b8c',	'full name',	'openid-connect',	'oidc-full-name-mapper',	NULL,	'60e35d68-aa6c-44f8-a03b-d46d5be76c8a'),
('6851e8d3-5b5a-4b83-874f-c6fa205308a6',	'middle name',	'openid-connect',	'oidc-usermodel-attribute-mapper',	NULL,	'76e0ad45-5da4-4a54-be54-472388854348'),
('693fea55-3fbe-45eb-b893-6cb72c64fd1a',	'Client ID',	'openid-connect',	'oidc-usersessionmodel-note-mapper',	'3b2997cc-a417-4406-8ae7-21167b3d9e88',	NULL),
('6aa78d7f-09cf-4ad1-9928-d3c0c6488361',	'Client Host',	'openid-connect',	'oidc-usersessionmodel-note-mapper',	'3b2997cc-a417-4406-8ae7-21167b3d9e88',	NULL),
('6d928d9a-a025-4f04-933e-47c3734e0140',	'family name',	'openid-connect',	'oidc-usermodel-property-mapper',	NULL,	'76e0ad45-5da4-4a54-be54-472388854348'),
('6dfebc50-c0f0-4f0e-9d5f-b4dec5181819',	'updated at',	'openid-connect',	'oidc-usermodel-attribute-mapper',	NULL,	'e7223b8f-94f3-4159-81a3-5694197a85ef'),
('7247665a-c7d7-4ab4-b63c-6a3f146ee5f1',	'Client ID',	'openid-connect',	'oidc-usersessionmodel-note-mapper',	'7a868d5e-300a-4e4f-9c0f-0d7a3218db03',	NULL),
('757c7e4c-b7a6-4fba-96d6-9e64e0fc579d',	'Client Host',	'openid-connect',	'oidc-usersessionmodel-note-mapper',	'7a868d5e-300a-4e4f-9c0f-0d7a3218db03',	NULL),
('76d88cf6-cc34-479f-addc-8e9db7ab090e',	'realm roles',	'openid-connect',	'oidc-usermodel-realm-role-mapper',	NULL,	'16d066de-8808-4fe6-8f99-adaf762cebdc'),
('7874ce06-495f-4bfb-8024-71f5b2126851',	'updated at',	'openid-connect',	'oidc-usermodel-attribute-mapper',	NULL,	'76e0ad45-5da4-4a54-be54-472388854348'),
('81b60cf4-9fd2-4aed-ab9d-72c3f873d32a',	'realm roles',	'openid-connect',	'oidc-usermodel-realm-role-mapper',	NULL,	'12a62d36-d6de-4c04-b7a9-c4cbd0313bec'),
('854d69fd-b7d9-4919-be87-eaac9649d789',	'audience resolve',	'openid-connect',	'oidc-audience-resolve-mapper',	'7ce013c5-2826-4a37-b615-c829b94cd793',	NULL),
('85ab9425-938e-4ee3-a69c-31cd0c15f697',	'locale',	'openid-connect',	'oidc-usermodel-attribute-mapper',	'9a27d6e7-cfc0-4fe7-8d1d-2e2bb01b6955',	NULL),
('85c2ee92-637d-4c86-bfa2-e545e73ff6b3',	'Client IP Address',	'openid-connect',	'oidc-usersessionmodel-note-mapper',	'8f8ac6a0-9be6-4f0a-b6db-066ecd8cb5db',	NULL),
('86a5d02a-b213-48dc-ba19-46a91e13fe21',	'Client ID',	'openid-connect',	'oidc-usersessionmodel-note-mapper',	'32e494de-37a8-4e6b-aebb-fdaaf4ae2dbb',	NULL),
('87245884-3c30-435a-b6bc-6e329df0aa4e',	'address',	'openid-connect',	'oidc-address-mapper',	NULL,	'46a94732-b9d1-4466-ab6b-22e93c0630be'),
('89753f04-dd17-427a-8821-3c07bdf2ef24',	'gender',	'openid-connect',	'oidc-usermodel-attribute-mapper',	NULL,	'76e0ad45-5da4-4a54-be54-472388854348'),
('8c5c3a53-57f0-4a63-9f9e-dd2aa937c5e2',	'upn',	'openid-connect',	'oidc-usermodel-property-mapper',	NULL,	'd28c1173-add3-4b09-867f-781e09ca4bd8'),
('8d739e3d-45c6-4e82-8014-5b704eb63989',	'family name',	'openid-connect',	'oidc-usermodel-property-mapper',	NULL,	'60e35d68-aa6c-44f8-a03b-d46d5be76c8a'),
('8db38a82-4089-4ef8-90aa-4d03b7935459',	'Client ID',	'openid-connect',	'oidc-usersessionmodel-note-mapper',	'5286d607-fd93-4672-973f-8ca88a107467',	NULL),
('8f2a361e-c831-431b-a002-dfdcc5d7ad24',	'picture',	'openid-connect',	'oidc-usermodel-attribute-mapper',	NULL,	'60e35d68-aa6c-44f8-a03b-d46d5be76c8a'),
('90d16a0a-8a1b-471d-88b2-0a376d7555ac',	'upn',	'openid-connect',	'oidc-usermodel-property-mapper',	NULL,	'7e24cdf7-d2fd-4011-ae6c-25a314e20ef8'),
('91490c6d-a11f-4c67-a69b-7c67415f9082',	'birthdate',	'openid-connect',	'oidc-usermodel-attribute-mapper',	NULL,	'60e35d68-aa6c-44f8-a03b-d46d5be76c8a'),
('9322da3f-8dd3-458b-adb0-7c9cea8f34cf',	'Client Host',	'openid-connect',	'oidc-usersessionmodel-note-mapper',	'5286d607-fd93-4672-973f-8ca88a107467',	NULL),
('9cec96e1-e41f-4ef1-9b63-718edea21701',	'full name',	'openid-connect',	'oidc-full-name-mapper',	NULL,	'e7223b8f-94f3-4159-81a3-5694197a85ef'),
('9f19793e-b837-4ff0-8a17-d35e65cdf70d',	'zoneinfo',	'openid-connect',	'oidc-usermodel-attribute-mapper',	NULL,	'60e35d68-aa6c-44f8-a03b-d46d5be76c8a'),
('a3bc65a1-b3d0-4bb0-a614-ea0dfb0ea158',	'picture',	'openid-connect',	'oidc-usermodel-attribute-mapper',	NULL,	'e7223b8f-94f3-4159-81a3-5694197a85ef'),
('a4916469-d57e-4ab7-9a41-369f8c68e64a',	'nickname',	'openid-connect',	'oidc-usermodel-attribute-mapper',	NULL,	'e7223b8f-94f3-4159-81a3-5694197a85ef'),
('a6d2e45c-0989-45b6-92c1-13da5ce5b2b4',	'locale',	'openid-connect',	'oidc-usermodel-attribute-mapper',	NULL,	'e7223b8f-94f3-4159-81a3-5694197a85ef'),
('a87835dd-4ebe-4e67-9649-dd8e5faf2de7',	'phone number verified',	'openid-connect',	'oidc-usermodel-attribute-mapper',	NULL,	'204310fd-4382-4bc1-a6f1-e2c172557fb3'),
('a9f830a8-1318-4649-856f-fa6b2715baa2',	'Client ID',	'openid-connect',	'oidc-usersessionmodel-note-mapper',	'8f8ac6a0-9be6-4f0a-b6db-066ecd8cb5db',	NULL),
('aa674324-ba3f-49c2-8b6f-48bb0986862a',	'realm roles',	'openid-connect',	'oidc-usermodel-realm-role-mapper',	NULL,	'd87e72ef-46c6-43b0-9903-f4cba84e72a0'),
('ac3197f4-421e-4127-8159-1f5e769869fc',	'zoneinfo',	'openid-connect',	'oidc-usermodel-attribute-mapper',	NULL,	'e7223b8f-94f3-4159-81a3-5694197a85ef'),
('acac0f40-3aa2-4304-9b55-597fd9a0434c',	'locale',	'openid-connect',	'oidc-usermodel-attribute-mapper',	NULL,	'60e35d68-aa6c-44f8-a03b-d46d5be76c8a'),
('b1e413ef-b190-47c3-b632-f2ae646a1157',	'audience resolve',	'openid-connect',	'oidc-audience-resolve-mapper',	'd9e2ad8c-684e-4342-acde-beaf446b3f5c',	NULL),
('b33a43d5-966a-48f2-bda1-a35203479844',	'allowed web origins',	'openid-connect',	'oidc-allowed-origins-mapper',	NULL,	'8ad97144-4eab-4072-802b-078f91d2945c'),
('b5cd3dab-7b7e-4e0e-9076-e605b625fe14',	'username',	'openid-connect',	'oidc-usermodel-property-mapper',	NULL,	'e7223b8f-94f3-4159-81a3-5694197a85ef'),
('b601c76a-e1f6-49f2-a605-57311f16ed71',	'Client Host',	'openid-connect',	'oidc-usersessionmodel-note-mapper',	'8f8ac6a0-9be6-4f0a-b6db-066ecd8cb5db',	NULL),
('bce11970-54b0-40a6-878f-12cd81928d14',	'nickname',	'openid-connect',	'oidc-usermodel-attribute-mapper',	NULL,	'76e0ad45-5da4-4a54-be54-472388854348'),
('bd8c6b5b-05b7-4092-b0da-ed0f1cc4b166',	'groups',	'openid-connect',	'oidc-usermodel-realm-role-mapper',	NULL,	'd28c1173-add3-4b09-867f-781e09ca4bd8'),
('bfef7ba0-347b-4775-8fd4-a1e7271c0d7f',	'given name',	'openid-connect',	'oidc-usermodel-property-mapper',	NULL,	'e7223b8f-94f3-4159-81a3-5694197a85ef'),
('c0467822-c3d7-4987-8713-2ce8314cf887',	'locale',	'openid-connect',	'oidc-usermodel-attribute-mapper',	'3e9d89d9-4463-40ab-9074-e681f40ba6a9',	NULL),
('c0af9648-ddc4-49e4-9da6-26baddff2904',	'middle name',	'openid-connect',	'oidc-usermodel-attribute-mapper',	NULL,	'60e35d68-aa6c-44f8-a03b-d46d5be76c8a'),
('c36f5f29-3266-4778-9a70-48e1282059a7',	'audience resolve',	'openid-connect',	'oidc-audience-resolve-mapper',	NULL,	'12a62d36-d6de-4c04-b7a9-c4cbd0313bec'),
('c600febb-584b-452c-8883-08583d4c8a0c',	'email',	'openid-connect',	'oidc-usermodel-property-mapper',	NULL,	'af6356f3-670a-4b51-bee6-326795ddb10a'),
('c6bdb952-67c2-46d7-95fd-82b5c1abb973',	'allowed web origins',	'openid-connect',	'oidc-allowed-origins-mapper',	NULL,	'1528af3b-5715-4e57-aa72-3fef94e33fe4'),
('c97c7a72-0611-4cdb-be08-1ce16ac2ae8a',	'given name',	'openid-connect',	'oidc-usermodel-property-mapper',	NULL,	'76e0ad45-5da4-4a54-be54-472388854348'),
('c9e4bfc4-2fe9-48c8-a750-33a9bf244dcf',	'client roles',	'openid-connect',	'oidc-usermodel-client-role-mapper',	NULL,	'12a62d36-d6de-4c04-b7a9-c4cbd0313bec'),
('ca5b60f2-49d9-4dbb-8674-ee79c28e4fce',	'role list',	'saml',	'saml-role-list-mapper',	NULL,	'b449a7e6-9fb8-47d3-bcd5-b7753d573528'),
('cd825c41-d67b-4037-8319-9560e8737e00',	'email',	'openid-connect',	'oidc-usermodel-property-mapper',	NULL,	'b184b02c-f491-48a4-845c-92aca5f6c086'),
('cd958a9d-6c14-4620-9f21-bd5dabc4471b',	'updated at',	'openid-connect',	'oidc-usermodel-attribute-mapper',	NULL,	'60e35d68-aa6c-44f8-a03b-d46d5be76c8a'),
('d0b49e4f-1881-412d-9175-953989208df3',	'username',	'openid-connect',	'oidc-usermodel-property-mapper',	NULL,	'60e35d68-aa6c-44f8-a03b-d46d5be76c8a'),
('d91f4add-7f59-4099-9326-355f0cfb7972',	'gender',	'openid-connect',	'oidc-usermodel-attribute-mapper',	NULL,	'e7223b8f-94f3-4159-81a3-5694197a85ef'),
('dac73bac-0d25-4769-af98-1a34a6637646',	'birthdate',	'openid-connect',	'oidc-usermodel-attribute-mapper',	NULL,	'76e0ad45-5da4-4a54-be54-472388854348'),
('df1d1b48-12b7-4dcc-93bc-3c5e2573784c',	'role list',	'saml',	'saml-role-list-mapper',	NULL,	'1591ffe9-af98-4cae-b092-5a1820fb51ba'),
('e3e41685-8998-4b51-9203-29cfed38d02e',	'website',	'openid-connect',	'oidc-usermodel-attribute-mapper',	NULL,	'e7223b8f-94f3-4159-81a3-5694197a85ef'),
('e936addf-494c-470d-9bf4-2011aea16ffa',	'Client IP Address',	'openid-connect',	'oidc-usersessionmodel-note-mapper',	'32e494de-37a8-4e6b-aebb-fdaaf4ae2dbb',	NULL),
('e9412710-fed6-40e4-a356-d0f9944a477b',	'phone number',	'openid-connect',	'oidc-usermodel-attribute-mapper',	NULL,	'204310fd-4382-4bc1-a6f1-e2c172557fb3'),
('ea44fdc4-9a93-4dfb-9fa8-39717c6c2e20',	'allowed web origins',	'openid-connect',	'oidc-allowed-origins-mapper',	NULL,	'5e1ec4e2-71d9-486f-b2e9-1d38fa01f678'),
('eaca7d71-10b8-42f5-a096-76ddac21ddfe',	'profile',	'openid-connect',	'oidc-usermodel-attribute-mapper',	NULL,	'60e35d68-aa6c-44f8-a03b-d46d5be76c8a'),
('eae43cc5-7cad-448c-a003-a6b6b0421819',	'acr loa level',	'openid-connect',	'oidc-acr-mapper',	NULL,	'aed719a5-29cf-41c3-bc43-32a2cefa14f9'),
('ebee8452-89b0-4ab5-b09e-871e146b7609',	'Client IP Address',	'openid-connect',	'oidc-usersessionmodel-note-mapper',	'7a868d5e-300a-4e4f-9c0f-0d7a3218db03',	NULL),
('f0380683-4bed-4ea6-b478-5f11964d6b8b',	'email verified',	'openid-connect',	'oidc-usermodel-property-mapper',	NULL,	'b184b02c-f491-48a4-845c-92aca5f6c086'),
('f632eafb-9713-4394-a1d0-416475abac3d',	'phone number',	'openid-connect',	'oidc-usermodel-attribute-mapper',	NULL,	'87c4a6c4-b688-466c-a5c0-5b2f34ebd001'),
('f9e250e5-7af3-4eb5-89c6-103913cf2949',	'profile',	'openid-connect',	'oidc-usermodel-attribute-mapper',	NULL,	'76e0ad45-5da4-4a54-be54-472388854348'),
('ff273d38-344e-4472-8afc-482fc6b5c1c5',	'groups',	'openid-connect',	'oidc-usermodel-realm-role-mapper',	NULL,	'7e24cdf7-d2fd-4011-ae6c-25a314e20ef8'),
('ffbeddd5-8d64-4fe0-bcf7-ff3678b40076',	'email',	'openid-connect',	'oidc-usermodel-property-mapper',	NULL,	'd3ee2bb7-97d4-45a1-9a77-e137a5a3fc1a');

DROP TABLE IF EXISTS `PROTOCOL_MAPPER_CONFIG`;
CREATE TABLE `PROTOCOL_MAPPER_CONFIG` (
  `PROTOCOL_MAPPER_ID` varchar(36) NOT NULL,
  `VALUE` longtext,
  `NAME` varchar(255) NOT NULL,
  PRIMARY KEY (`PROTOCOL_MAPPER_ID`,`NAME`),
  CONSTRAINT `FK_PMCONFIG` FOREIGN KEY (`PROTOCOL_MAPPER_ID`) REFERENCES `PROTOCOL_MAPPER` (`ID`)
) ENGINE=InnoDB DEFAULT CHARSET=utf8mb4 COLLATE=utf8mb4_0900_ai_ci;

INSERT INTO `PROTOCOL_MAPPER_CONFIG` (`PROTOCOL_MAPPER_ID`, `VALUE`, `NAME`) VALUES
('0249850e-ef74-4b93-9d76-e0511f802f41',	'true',	'access.token.claim'),
('0249850e-ef74-4b93-9d76-e0511f802f41',	'true',	'id.token.claim'),
('0249850e-ef74-4b93-9d76-e0511f802f41',	'true',	'userinfo.token.claim'),
('082a977e-1482-4a5b-8ca3-4f95dd8a4fa6',	'true',	'access.token.claim'),
('082a977e-1482-4a5b-8ca3-4f95dd8a4fa6',	'picture',	'claim.name'),
('082a977e-1482-4a5b-8ca3-4f95dd8a4fa6',	'true',	'id.token.claim'),
('082a977e-1482-4a5b-8ca3-4f95dd8a4fa6',	'String',	'jsonType.label'),
('082a977e-1482-4a5b-8ca3-4f95dd8a4fa6',	'picture',	'user.attribute'),
('082a977e-1482-4a5b-8ca3-4f95dd8a4fa6',	'true',	'userinfo.token.claim'),
('0d8334da-ab0f-4c0f-a8e9-a050b3e103bc',	'true',	'access.token.claim'),
('0d8334da-ab0f-4c0f-a8e9-a050b3e103bc',	'true',	'id.token.claim'),
('0d8334da-ab0f-4c0f-a8e9-a050b3e103bc',	'country',	'user.attribute.country'),
('0d8334da-ab0f-4c0f-a8e9-a050b3e103bc',	'formatted',	'user.attribute.formatted'),
('0d8334da-ab0f-4c0f-a8e9-a050b3e103bc',	'locality',	'user.attribute.locality'),
('0d8334da-ab0f-4c0f-a8e9-a050b3e103bc',	'postal_code',	'user.attribute.postal_code'),
('0d8334da-ab0f-4c0f-a8e9-a050b3e103bc',	'region',	'user.attribute.region'),
('0d8334da-ab0f-4c0f-a8e9-a050b3e103bc',	'street',	'user.attribute.street'),
('0d8334da-ab0f-4c0f-a8e9-a050b3e103bc',	'true',	'userinfo.token.claim'),
('0e8f1400-1035-42f6-a8f7-7dc84d8a3667',	'true',	'access.token.claim'),
('0e8f1400-1035-42f6-a8f7-7dc84d8a3667',	'true',	'id.token.claim'),
('110461a6-b47f-439c-bdc8-6ae0e9a560dd',	'true',	'access.token.claim'),
('110461a6-b47f-439c-bdc8-6ae0e9a560dd',	'clientAddress',	'claim.name'),
('110461a6-b47f-439c-bdc8-6ae0e9a560dd',	'true',	'id.token.claim'),
('110461a6-b47f-439c-bdc8-6ae0e9a560dd',	'String',	'jsonType.label'),
('110461a6-b47f-439c-bdc8-6ae0e9a560dd',	'clientAddress',	'user.session.note'),
('150a8038-fa18-483c-ae67-f82cd05e5b00',	'true',	'access.token.claim'),
('150a8038-fa18-483c-ae67-f82cd05e5b00',	'preferred_username',	'claim.name'),
('150a8038-fa18-483c-ae67-f82cd05e5b00',	'true',	'id.token.claim'),
('150a8038-fa18-483c-ae67-f82cd05e5b00',	'String',	'jsonType.label'),
('150a8038-fa18-483c-ae67-f82cd05e5b00',	'username',	'user.attribute'),
('150a8038-fa18-483c-ae67-f82cd05e5b00',	'true',	'userinfo.token.claim'),
('185a2413-5c5c-4aa2-96f4-ebb2f49e37c2',	'true',	'access.token.claim'),
('185a2413-5c5c-4aa2-96f4-ebb2f49e37c2',	'clientHost',	'claim.name'),
('185a2413-5c5c-4aa2-96f4-ebb2f49e37c2',	'true',	'id.token.claim'),
('185a2413-5c5c-4aa2-96f4-ebb2f49e37c2',	'String',	'jsonType.label'),
('185a2413-5c5c-4aa2-96f4-ebb2f49e37c2',	'clientHost',	'user.session.note'),
('189f5a5e-af62-4c99-94c1-7be7f39ec14d',	'true',	'access.token.claim'),
('189f5a5e-af62-4c99-94c1-7be7f39ec14d',	'locale',	'claim.name'),
('189f5a5e-af62-4c99-94c1-7be7f39ec14d',	'true',	'id.token.claim'),
('189f5a5e-af62-4c99-94c1-7be7f39ec14d',	'String',	'jsonType.label'),
('189f5a5e-af62-4c99-94c1-7be7f39ec14d',	'locale',	'user.attribute'),
('189f5a5e-af62-4c99-94c1-7be7f39ec14d',	'true',	'userinfo.token.claim'),
('1ba4d869-dcb2-4642-8977-c1ad592925f5',	'true',	'access.token.claim'),
('1ba4d869-dcb2-4642-8977-c1ad592925f5',	'zoneinfo',	'claim.name'),
('1ba4d869-dcb2-4642-8977-c1ad592925f5',	'true',	'id.token.claim'),
('1ba4d869-dcb2-4642-8977-c1ad592925f5',	'String',	'jsonType.label'),
('1ba4d869-dcb2-4642-8977-c1ad592925f5',	'zoneinfo',	'user.attribute'),
('1ba4d869-dcb2-4642-8977-c1ad592925f5',	'true',	'userinfo.token.claim'),
('1f8ee857-2f62-489b-aa39-f2179782ae10',	'true',	'access.token.claim'),
('1f8ee857-2f62-489b-aa39-f2179782ae10',	'given_name',	'claim.name'),
('1f8ee857-2f62-489b-aa39-f2179782ae10',	'true',	'id.token.claim'),
('1f8ee857-2f62-489b-aa39-f2179782ae10',	'String',	'jsonType.label'),
('1f8ee857-2f62-489b-aa39-f2179782ae10',	'firstName',	'user.attribute'),
('1f8ee857-2f62-489b-aa39-f2179782ae10',	'true',	'userinfo.token.claim'),
('20d21854-9ec2-4b88-bed2-f12fcbc28de7',	'true',	'access.token.claim'),
('20d21854-9ec2-4b88-bed2-f12fcbc28de7',	'website',	'claim.name'),
('20d21854-9ec2-4b88-bed2-f12fcbc28de7',	'true',	'id.token.claim'),
('20d21854-9ec2-4b88-bed2-f12fcbc28de7',	'String',	'jsonType.label'),
('20d21854-9ec2-4b88-bed2-f12fcbc28de7',	'website',	'user.attribute'),
('20d21854-9ec2-4b88-bed2-f12fcbc28de7',	'true',	'userinfo.token.claim'),
('2143efbe-f99b-4856-a78f-e407b247c859',	'true',	'access.token.claim'),
('2143efbe-f99b-4856-a78f-e407b247c859',	'phone_number',	'claim.name'),
('2143efbe-f99b-4856-a78f-e407b247c859',	'true',	'id.token.claim'),
('2143efbe-f99b-4856-a78f-e407b247c859',	'String',	'jsonType.label'),
('2143efbe-f99b-4856-a78f-e407b247c859',	'phoneNumber',	'user.attribute'),
('2143efbe-f99b-4856-a78f-e407b247c859',	'true',	'userinfo.token.claim'),
('27aa59a4-820a-4638-8dde-d34ea1cb154a',	'true',	'access.token.claim'),
('27aa59a4-820a-4638-8dde-d34ea1cb154a',	'resource_access.${client_id}.roles',	'claim.name'),
('27aa59a4-820a-4638-8dde-d34ea1cb154a',	'String',	'jsonType.label'),
('27aa59a4-820a-4638-8dde-d34ea1cb154a',	'true',	'multivalued'),
('27aa59a4-820a-4638-8dde-d34ea1cb154a',	'foo',	'user.attribute'),
('2b0f8947-ed5b-4898-861a-2f0854ca2fa5',	'true',	'access.token.claim'),
('2b0f8947-ed5b-4898-861a-2f0854ca2fa5',	'email_verified',	'claim.name'),
('2b0f8947-ed5b-4898-861a-2f0854ca2fa5',	'true',	'id.token.claim'),
('2b0f8947-ed5b-4898-861a-2f0854ca2fa5',	'boolean',	'jsonType.label'),
('2b0f8947-ed5b-4898-861a-2f0854ca2fa5',	'emailVerified',	'user.attribute'),
('2b0f8947-ed5b-4898-861a-2f0854ca2fa5',	'true',	'userinfo.token.claim'),
('2b5a6a6e-0176-436d-878c-3e22ce7b4aba',	'true',	'access.token.claim'),
('2b5a6a6e-0176-436d-878c-3e22ce7b4aba',	'email_verified',	'claim.name'),
('2b5a6a6e-0176-436d-878c-3e22ce7b4aba',	'true',	'id.token.claim'),
('2b5a6a6e-0176-436d-878c-3e22ce7b4aba',	'boolean',	'jsonType.label'),
('2b5a6a6e-0176-436d-878c-3e22ce7b4aba',	'emailVerified',	'user.attribute'),
('2b5a6a6e-0176-436d-878c-3e22ce7b4aba',	'true',	'userinfo.token.claim'),
('31ca4933-ca6a-4bdf-9962-44db9e501d4d',	'true',	'access.token.claim'),
('31ca4933-ca6a-4bdf-9962-44db9e501d4d',	'locale',	'claim.name'),
('31ca4933-ca6a-4bdf-9962-44db9e501d4d',	'true',	'id.token.claim'),
('31ca4933-ca6a-4bdf-9962-44db9e501d4d',	'String',	'jsonType.label'),
('31ca4933-ca6a-4bdf-9962-44db9e501d4d',	'locale',	'user.attribute'),
('31ca4933-ca6a-4bdf-9962-44db9e501d4d',	'true',	'userinfo.token.claim'),
('338e8e16-5951-4391-9913-b06d5b08e014',	'Role',	'attribute.name'),
('338e8e16-5951-4391-9913-b06d5b08e014',	'Basic',	'attribute.nameformat'),
('338e8e16-5951-4391-9913-b06d5b08e014',	'false',	'single'),
('34d35b32-09eb-4873-9df0-ac4a14164a01',	'true',	'access.token.claim'),
('34d35b32-09eb-4873-9df0-ac4a14164a01',	'nickname',	'claim.name'),
('34d35b32-09eb-4873-9df0-ac4a14164a01',	'true',	'id.token.claim'),
('34d35b32-09eb-4873-9df0-ac4a14164a01',	'String',	'jsonType.label'),
('34d35b32-09eb-4873-9df0-ac4a14164a01',	'nickname',	'user.attribute'),
('34d35b32-09eb-4873-9df0-ac4a14164a01',	'true',	'userinfo.token.claim'),
('3a29c054-d570-4025-b8ee-89d701679040',	'true',	'access.token.claim'),
('3a29c054-d570-4025-b8ee-89d701679040',	'true',	'id.token.claim'),
('3ad2a609-c454-4430-b372-3b17bfc5ba6a',	'true',	'access.token.claim'),
('3ad2a609-c454-4430-b372-3b17bfc5ba6a',	'clientAddress',	'claim.name'),
('3ad2a609-c454-4430-b372-3b17bfc5ba6a',	'true',	'id.token.claim'),
('3ad2a609-c454-4430-b372-3b17bfc5ba6a',	'String',	'jsonType.label'),
('3ad2a609-c454-4430-b372-3b17bfc5ba6a',	'clientAddress',	'user.session.note'),
('405c8164-1d04-4e18-bf83-3e32a52f0be4',	'true',	'access.token.claim'),
('405c8164-1d04-4e18-bf83-3e32a52f0be4',	'middle_name',	'claim.name'),
('405c8164-1d04-4e18-bf83-3e32a52f0be4',	'true',	'id.token.claim'),
('405c8164-1d04-4e18-bf83-3e32a52f0be4',	'String',	'jsonType.label'),
('405c8164-1d04-4e18-bf83-3e32a52f0be4',	'middleName',	'user.attribute'),
('405c8164-1d04-4e18-bf83-3e32a52f0be4',	'true',	'userinfo.token.claim'),
('416a1862-b5c2-47ee-b8ea-5c43e10835fd',	'true',	'access.token.claim'),
('416a1862-b5c2-47ee-b8ea-5c43e10835fd',	'upn',	'claim.name'),
('416a1862-b5c2-47ee-b8ea-5c43e10835fd',	'true',	'id.token.claim'),
('416a1862-b5c2-47ee-b8ea-5c43e10835fd',	'String',	'jsonType.label'),
('416a1862-b5c2-47ee-b8ea-5c43e10835fd',	'username',	'user.attribute'),
('416a1862-b5c2-47ee-b8ea-5c43e10835fd',	'true',	'userinfo.token.claim'),
('42e8d2db-0a07-4138-82e1-df11682e6831',	'true',	'access.token.claim'),
('42e8d2db-0a07-4138-82e1-df11682e6831',	'true',	'id.token.claim'),
('42e8d2db-0a07-4138-82e1-df11682e6831',	'country',	'user.attribute.country'),
('42e8d2db-0a07-4138-82e1-df11682e6831',	'formatted',	'user.attribute.formatted'),
('42e8d2db-0a07-4138-82e1-df11682e6831',	'locality',	'user.attribute.locality'),
('42e8d2db-0a07-4138-82e1-df11682e6831',	'postal_code',	'user.attribute.postal_code'),
('42e8d2db-0a07-4138-82e1-df11682e6831',	'region',	'user.attribute.region'),
('42e8d2db-0a07-4138-82e1-df11682e6831',	'street',	'user.attribute.street'),
('42e8d2db-0a07-4138-82e1-df11682e6831',	'true',	'userinfo.token.claim'),
('4815f6d5-0ab4-419a-9202-4934b06bc085',	'true',	'access.token.claim'),
('4815f6d5-0ab4-419a-9202-4934b06bc085',	'gender',	'claim.name'),
('4815f6d5-0ab4-419a-9202-4934b06bc085',	'true',	'id.token.claim'),
('4815f6d5-0ab4-419a-9202-4934b06bc085',	'String',	'jsonType.label'),
('4815f6d5-0ab4-419a-9202-4934b06bc085',	'gender',	'user.attribute'),
('4815f6d5-0ab4-419a-9202-4934b06bc085',	'true',	'userinfo.token.claim'),
('4a82a918-9c2a-44c6-b91b-2be93cdf661d',	'true',	'access.token.claim'),
('4a82a918-9c2a-44c6-b91b-2be93cdf661d',	'phone_number_verified',	'claim.name'),
('4a82a918-9c2a-44c6-b91b-2be93cdf661d',	'true',	'id.token.claim'),
('4a82a918-9c2a-44c6-b91b-2be93cdf661d',	'boolean',	'jsonType.label'),
('4a82a918-9c2a-44c6-b91b-2be93cdf661d',	'phoneNumberVerified',	'user.attribute'),
('4a82a918-9c2a-44c6-b91b-2be93cdf661d',	'true',	'userinfo.token.claim'),
('4ad9c934-0599-4167-9d10-fdc53461b0b6',	'true',	'access.token.claim'),
('4ad9c934-0599-4167-9d10-fdc53461b0b6',	'family_name',	'claim.name'),
('4ad9c934-0599-4167-9d10-fdc53461b0b6',	'true',	'id.token.claim'),
('4ad9c934-0599-4167-9d10-fdc53461b0b6',	'String',	'jsonType.label'),
('4ad9c934-0599-4167-9d10-fdc53461b0b6',	'lastName',	'user.attribute'),
('4ad9c934-0599-4167-9d10-fdc53461b0b6',	'true',	'userinfo.token.claim'),
('50d192e3-a8c1-40fd-bb29-e289357c3ab6',	'true',	'access.token.claim'),
('50d192e3-a8c1-40fd-bb29-e289357c3ab6',	'birthdate',	'claim.name'),
('50d192e3-a8c1-40fd-bb29-e289357c3ab6',	'true',	'id.token.claim'),
('50d192e3-a8c1-40fd-bb29-e289357c3ab6',	'String',	'jsonType.label'),
('50d192e3-a8c1-40fd-bb29-e289357c3ab6',	'birthdate',	'user.attribute'),
('50d192e3-a8c1-40fd-bb29-e289357c3ab6',	'true',	'userinfo.token.claim'),
('560743a6-68bc-49fc-854c-0f14d68f7973',	'true',	'access.token.claim'),
('560743a6-68bc-49fc-854c-0f14d68f7973',	'phone_number_verified',	'claim.name'),
('560743a6-68bc-49fc-854c-0f14d68f7973',	'true',	'id.token.claim'),
('560743a6-68bc-49fc-854c-0f14d68f7973',	'boolean',	'jsonType.label'),
('560743a6-68bc-49fc-854c-0f14d68f7973',	'phoneNumberVerified',	'user.attribute'),
('560743a6-68bc-49fc-854c-0f14d68f7973',	'true',	'userinfo.token.claim'),
('57400aca-aaf2-4a38-914f-2c161f5a31da',	'true',	'access.token.claim'),
('57400aca-aaf2-4a38-914f-2c161f5a31da',	'profile',	'claim.name'),
('57400aca-aaf2-4a38-914f-2c161f5a31da',	'true',	'id.token.claim'),
('57400aca-aaf2-4a38-914f-2c161f5a31da',	'String',	'jsonType.label'),
('57400aca-aaf2-4a38-914f-2c161f5a31da',	'profile',	'user.attribute'),
('57400aca-aaf2-4a38-914f-2c161f5a31da',	'true',	'userinfo.token.claim'),
('59052d0c-83e5-4f76-b043-592b941d9790',	'true',	'access.token.claim'),
('59052d0c-83e5-4f76-b043-592b941d9790',	'website',	'claim.name'),
('59052d0c-83e5-4f76-b043-592b941d9790',	'true',	'id.token.claim'),
('59052d0c-83e5-4f76-b043-592b941d9790',	'String',	'jsonType.label'),
('59052d0c-83e5-4f76-b043-592b941d9790',	'website',	'user.attribute'),
('59052d0c-83e5-4f76-b043-592b941d9790',	'true',	'userinfo.token.claim'),
('6671260e-0e75-4297-80f1-d05f4b684312',	'true',	'access.token.claim'),
('6671260e-0e75-4297-80f1-d05f4b684312',	'resource_access.${client_id}.roles',	'claim.name'),
('6671260e-0e75-4297-80f1-d05f4b684312',	'String',	'jsonType.label'),
('6671260e-0e75-4297-80f1-d05f4b684312',	'true',	'multivalued'),
('6671260e-0e75-4297-80f1-d05f4b684312',	'foo',	'user.attribute'),
('6679e9e1-fa35-4404-a77a-83febd1eaf86',	'true',	'access.token.claim'),
('6679e9e1-fa35-4404-a77a-83febd1eaf86',	'groups',	'claim.name'),
('6679e9e1-fa35-4404-a77a-83febd1eaf86',	'true',	'id.token.claim'),
('6679e9e1-fa35-4404-a77a-83febd1eaf86',	'String',	'jsonType.label'),
('6679e9e1-fa35-4404-a77a-83febd1eaf86',	'true',	'multivalued'),
('6679e9e1-fa35-4404-a77a-83febd1eaf86',	'foo',	'user.attribute'),
('679805e2-05ea-4a13-b871-02a9fdbd6b8c',	'true',	'access.token.claim'),
('679805e2-05ea-4a13-b871-02a9fdbd6b8c',	'true',	'id.token.claim'),
('679805e2-05ea-4a13-b871-02a9fdbd6b8c',	'true',	'userinfo.token.claim'),
('6851e8d3-5b5a-4b83-874f-c6fa205308a6',	'true',	'access.token.claim'),
('6851e8d3-5b5a-4b83-874f-c6fa205308a6',	'middle_name',	'claim.name'),
('6851e8d3-5b5a-4b83-874f-c6fa205308a6',	'true',	'id.token.claim'),
('6851e8d3-5b5a-4b83-874f-c6fa205308a6',	'String',	'jsonType.label'),
('6851e8d3-5b5a-4b83-874f-c6fa205308a6',	'middleName',	'user.attribute'),
('6851e8d3-5b5a-4b83-874f-c6fa205308a6',	'true',	'userinfo.token.claim'),
('693fea55-3fbe-45eb-b893-6cb72c64fd1a',	'true',	'access.token.claim'),
('693fea55-3fbe-45eb-b893-6cb72c64fd1a',	'clientId',	'claim.name'),
('693fea55-3fbe-45eb-b893-6cb72c64fd1a',	'true',	'id.token.claim'),
('693fea55-3fbe-45eb-b893-6cb72c64fd1a',	'String',	'jsonType.label'),
('693fea55-3fbe-45eb-b893-6cb72c64fd1a',	'clientId',	'user.session.note'),
('6aa78d7f-09cf-4ad1-9928-d3c0c6488361',	'true',	'access.token.claim'),
('6aa78d7f-09cf-4ad1-9928-d3c0c6488361',	'clientHost',	'claim.name'),
('6aa78d7f-09cf-4ad1-9928-d3c0c6488361',	'true',	'id.token.claim'),
('6aa78d7f-09cf-4ad1-9928-d3c0c6488361',	'String',	'jsonType.label'),
('6aa78d7f-09cf-4ad1-9928-d3c0c6488361',	'clientHost',	'user.session.note'),
('6d928d9a-a025-4f04-933e-47c3734e0140',	'true',	'access.token.claim'),
('6d928d9a-a025-4f04-933e-47c3734e0140',	'family_name',	'claim.name'),
('6d928d9a-a025-4f04-933e-47c3734e0140',	'true',	'id.token.claim'),
('6d928d9a-a025-4f04-933e-47c3734e0140',	'String',	'jsonType.label'),
('6d928d9a-a025-4f04-933e-47c3734e0140',	'lastName',	'user.attribute'),
('6d928d9a-a025-4f04-933e-47c3734e0140',	'true',	'userinfo.token.claim'),
('6dfebc50-c0f0-4f0e-9d5f-b4dec5181819',	'true',	'access.token.claim'),
('6dfebc50-c0f0-4f0e-9d5f-b4dec5181819',	'updated_at',	'claim.name'),
('6dfebc50-c0f0-4f0e-9d5f-b4dec5181819',	'true',	'id.token.claim'),
('6dfebc50-c0f0-4f0e-9d5f-b4dec5181819',	'long',	'jsonType.label'),
('6dfebc50-c0f0-4f0e-9d5f-b4dec5181819',	'updatedAt',	'user.attribute'),
('6dfebc50-c0f0-4f0e-9d5f-b4dec5181819',	'true',	'userinfo.token.claim'),
('7247665a-c7d7-4ab4-b63c-6a3f146ee5f1',	'true',	'access.token.claim'),
('7247665a-c7d7-4ab4-b63c-6a3f146ee5f1',	'clientId',	'claim.name'),
('7247665a-c7d7-4ab4-b63c-6a3f146ee5f1',	'true',	'id.token.claim'),
('7247665a-c7d7-4ab4-b63c-6a3f146ee5f1',	'String',	'jsonType.label'),
('7247665a-c7d7-4ab4-b63c-6a3f146ee5f1',	'clientId',	'user.session.note'),
('757c7e4c-b7a6-4fba-96d6-9e64e0fc579d',	'true',	'access.token.claim'),
('757c7e4c-b7a6-4fba-96d6-9e64e0fc579d',	'clientHost',	'claim.name'),
('757c7e4c-b7a6-4fba-96d6-9e64e0fc579d',	'true',	'id.token.claim'),
('757c7e4c-b7a6-4fba-96d6-9e64e0fc579d',	'String',	'jsonType.label'),
('757c7e4c-b7a6-4fba-96d6-9e64e0fc579d',	'clientHost',	'user.session.note'),
('76d88cf6-cc34-479f-addc-8e9db7ab090e',	'true',	'access.token.claim'),
('76d88cf6-cc34-479f-addc-8e9db7ab090e',	'realm_access.roles',	'claim.name'),
('76d88cf6-cc34-479f-addc-8e9db7ab090e',	'String',	'jsonType.label'),
('76d88cf6-cc34-479f-addc-8e9db7ab090e',	'true',	'multivalued'),
('76d88cf6-cc34-479f-addc-8e9db7ab090e',	'foo',	'user.attribute'),
('7874ce06-495f-4bfb-8024-71f5b2126851',	'true',	'access.token.claim'),
('7874ce06-495f-4bfb-8024-71f5b2126851',	'updated_at',	'claim.name'),
('7874ce06-495f-4bfb-8024-71f5b2126851',	'true',	'id.token.claim'),
('7874ce06-495f-4bfb-8024-71f5b2126851',	'long',	'jsonType.label'),
('7874ce06-495f-4bfb-8024-71f5b2126851',	'updatedAt',	'user.attribute'),
('7874ce06-495f-4bfb-8024-71f5b2126851',	'true',	'userinfo.token.claim'),
('81b60cf4-9fd2-4aed-ab9d-72c3f873d32a',	'true',	'access.token.claim'),
('81b60cf4-9fd2-4aed-ab9d-72c3f873d32a',	'realm_access.roles',	'claim.name'),
('81b60cf4-9fd2-4aed-ab9d-72c3f873d32a',	'String',	'jsonType.label'),
('81b60cf4-9fd2-4aed-ab9d-72c3f873d32a',	'true',	'multivalued'),
('81b60cf4-9fd2-4aed-ab9d-72c3f873d32a',	'foo',	'user.attribute'),
('85ab9425-938e-4ee3-a69c-31cd0c15f697',	'true',	'access.token.claim'),
('85ab9425-938e-4ee3-a69c-31cd0c15f697',	'locale',	'claim.name'),
('85ab9425-938e-4ee3-a69c-31cd0c15f697',	'true',	'id.token.claim'),
('85ab9425-938e-4ee3-a69c-31cd0c15f697',	'String',	'jsonType.label'),
('85ab9425-938e-4ee3-a69c-31cd0c15f697',	'locale',	'user.attribute'),
('85ab9425-938e-4ee3-a69c-31cd0c15f697',	'true',	'userinfo.token.claim'),
('85c2ee92-637d-4c86-bfa2-e545e73ff6b3',	'true',	'access.token.claim'),
('85c2ee92-637d-4c86-bfa2-e545e73ff6b3',	'clientAddress',	'claim.name'),
('85c2ee92-637d-4c86-bfa2-e545e73ff6b3',	'true',	'id.token.claim'),
('85c2ee92-637d-4c86-bfa2-e545e73ff6b3',	'String',	'jsonType.label'),
('85c2ee92-637d-4c86-bfa2-e545e73ff6b3',	'clientAddress',	'user.session.note'),
('86a5d02a-b213-48dc-ba19-46a91e13fe21',	'true',	'access.token.claim'),
('86a5d02a-b213-48dc-ba19-46a91e13fe21',	'clientId',	'claim.name'),
('86a5d02a-b213-48dc-ba19-46a91e13fe21',	'true',	'id.token.claim'),
('86a5d02a-b213-48dc-ba19-46a91e13fe21',	'String',	'jsonType.label'),
('86a5d02a-b213-48dc-ba19-46a91e13fe21',	'clientId',	'user.session.note'),
('87245884-3c30-435a-b6bc-6e329df0aa4e',	'true',	'access.token.claim'),
('87245884-3c30-435a-b6bc-6e329df0aa4e',	'true',	'id.token.claim'),
('87245884-3c30-435a-b6bc-6e329df0aa4e',	'country',	'user.attribute.country'),
('87245884-3c30-435a-b6bc-6e329df0aa4e',	'formatted',	'user.attribute.formatted'),
('87245884-3c30-435a-b6bc-6e329df0aa4e',	'locality',	'user.attribute.locality'),
('87245884-3c30-435a-b6bc-6e329df0aa4e',	'postal_code',	'user.attribute.postal_code'),
('87245884-3c30-435a-b6bc-6e329df0aa4e',	'region',	'user.attribute.region'),
('87245884-3c30-435a-b6bc-6e329df0aa4e',	'street',	'user.attribute.street'),
('87245884-3c30-435a-b6bc-6e329df0aa4e',	'true',	'userinfo.token.claim'),
('89753f04-dd17-427a-8821-3c07bdf2ef24',	'true',	'access.token.claim'),
('89753f04-dd17-427a-8821-3c07bdf2ef24',	'gender',	'claim.name'),
('89753f04-dd17-427a-8821-3c07bdf2ef24',	'true',	'id.token.claim'),
('89753f04-dd17-427a-8821-3c07bdf2ef24',	'String',	'jsonType.label'),
('89753f04-dd17-427a-8821-3c07bdf2ef24',	'gender',	'user.attribute'),
('89753f04-dd17-427a-8821-3c07bdf2ef24',	'true',	'userinfo.token.claim'),
('8c5c3a53-57f0-4a63-9f9e-dd2aa937c5e2',	'true',	'access.token.claim'),
('8c5c3a53-57f0-4a63-9f9e-dd2aa937c5e2',	'upn',	'claim.name'),
('8c5c3a53-57f0-4a63-9f9e-dd2aa937c5e2',	'true',	'id.token.claim'),
('8c5c3a53-57f0-4a63-9f9e-dd2aa937c5e2',	'String',	'jsonType.label'),
('8c5c3a53-57f0-4a63-9f9e-dd2aa937c5e2',	'username',	'user.attribute'),
('8c5c3a53-57f0-4a63-9f9e-dd2aa937c5e2',	'true',	'userinfo.token.claim'),
('8d739e3d-45c6-4e82-8014-5b704eb63989',	'true',	'access.token.claim'),
('8d739e3d-45c6-4e82-8014-5b704eb63989',	'family_name',	'claim.name'),
('8d739e3d-45c6-4e82-8014-5b704eb63989',	'true',	'id.token.claim'),
('8d739e3d-45c6-4e82-8014-5b704eb63989',	'String',	'jsonType.label'),
('8d739e3d-45c6-4e82-8014-5b704eb63989',	'lastName',	'user.attribute'),
('8d739e3d-45c6-4e82-8014-5b704eb63989',	'true',	'userinfo.token.claim'),
('8db38a82-4089-4ef8-90aa-4d03b7935459',	'true',	'access.token.claim'),
('8db38a82-4089-4ef8-90aa-4d03b7935459',	'clientId',	'claim.name'),
('8db38a82-4089-4ef8-90aa-4d03b7935459',	'true',	'id.token.claim'),
('8db38a82-4089-4ef8-90aa-4d03b7935459',	'String',	'jsonType.label'),
('8db38a82-4089-4ef8-90aa-4d03b7935459',	'clientId',	'user.session.note'),
('8f2a361e-c831-431b-a002-dfdcc5d7ad24',	'true',	'access.token.claim'),
('8f2a361e-c831-431b-a002-dfdcc5d7ad24',	'picture',	'claim.name'),
('8f2a361e-c831-431b-a002-dfdcc5d7ad24',	'true',	'id.token.claim'),
('8f2a361e-c831-431b-a002-dfdcc5d7ad24',	'String',	'jsonType.label'),
('8f2a361e-c831-431b-a002-dfdcc5d7ad24',	'picture',	'user.attribute'),
('8f2a361e-c831-431b-a002-dfdcc5d7ad24',	'true',	'userinfo.token.claim'),
('90d16a0a-8a1b-471d-88b2-0a376d7555ac',	'true',	'access.token.claim'),
('90d16a0a-8a1b-471d-88b2-0a376d7555ac',	'upn',	'claim.name'),
('90d16a0a-8a1b-471d-88b2-0a376d7555ac',	'true',	'id.token.claim'),
('90d16a0a-8a1b-471d-88b2-0a376d7555ac',	'String',	'jsonType.label'),
('90d16a0a-8a1b-471d-88b2-0a376d7555ac',	'username',	'user.attribute'),
('90d16a0a-8a1b-471d-88b2-0a376d7555ac',	'true',	'userinfo.token.claim'),
('91490c6d-a11f-4c67-a69b-7c67415f9082',	'true',	'access.token.claim'),
('91490c6d-a11f-4c67-a69b-7c67415f9082',	'birthdate',	'claim.name'),
('91490c6d-a11f-4c67-a69b-7c67415f9082',	'true',	'id.token.claim'),
('91490c6d-a11f-4c67-a69b-7c67415f9082',	'String',	'jsonType.label'),
('91490c6d-a11f-4c67-a69b-7c67415f9082',	'birthdate',	'user.attribute'),
('91490c6d-a11f-4c67-a69b-7c67415f9082',	'true',	'userinfo.token.claim'),
('9322da3f-8dd3-458b-adb0-7c9cea8f34cf',	'true',	'access.token.claim'),
('9322da3f-8dd3-458b-adb0-7c9cea8f34cf',	'clientHost',	'claim.name'),
('9322da3f-8dd3-458b-adb0-7c9cea8f34cf',	'true',	'id.token.claim'),
('9322da3f-8dd3-458b-adb0-7c9cea8f34cf',	'String',	'jsonType.label'),
('9322da3f-8dd3-458b-adb0-7c9cea8f34cf',	'clientHost',	'user.session.note'),
('9cec96e1-e41f-4ef1-9b63-718edea21701',	'true',	'access.token.claim'),
('9cec96e1-e41f-4ef1-9b63-718edea21701',	'true',	'id.token.claim'),
('9cec96e1-e41f-4ef1-9b63-718edea21701',	'true',	'userinfo.token.claim'),
('9f19793e-b837-4ff0-8a17-d35e65cdf70d',	'true',	'access.token.claim'),
('9f19793e-b837-4ff0-8a17-d35e65cdf70d',	'zoneinfo',	'claim.name'),
('9f19793e-b837-4ff0-8a17-d35e65cdf70d',	'true',	'id.token.claim'),
('9f19793e-b837-4ff0-8a17-d35e65cdf70d',	'String',	'jsonType.label'),
('9f19793e-b837-4ff0-8a17-d35e65cdf70d',	'zoneinfo',	'user.attribute'),
('9f19793e-b837-4ff0-8a17-d35e65cdf70d',	'true',	'userinfo.token.claim'),
('a3bc65a1-b3d0-4bb0-a614-ea0dfb0ea158',	'true',	'access.token.claim'),
('a3bc65a1-b3d0-4bb0-a614-ea0dfb0ea158',	'picture',	'claim.name'),
('a3bc65a1-b3d0-4bb0-a614-ea0dfb0ea158',	'true',	'id.token.claim'),
('a3bc65a1-b3d0-4bb0-a614-ea0dfb0ea158',	'String',	'jsonType.label'),
('a3bc65a1-b3d0-4bb0-a614-ea0dfb0ea158',	'picture',	'user.attribute'),
('a3bc65a1-b3d0-4bb0-a614-ea0dfb0ea158',	'true',	'userinfo.token.claim'),
('a4916469-d57e-4ab7-9a41-369f8c68e64a',	'true',	'access.token.claim'),
('a4916469-d57e-4ab7-9a41-369f8c68e64a',	'nickname',	'claim.name'),
('a4916469-d57e-4ab7-9a41-369f8c68e64a',	'true',	'id.token.claim'),
('a4916469-d57e-4ab7-9a41-369f8c68e64a',	'String',	'jsonType.label'),
('a4916469-d57e-4ab7-9a41-369f8c68e64a',	'nickname',	'user.attribute'),
('a4916469-d57e-4ab7-9a41-369f8c68e64a',	'true',	'userinfo.token.claim'),
('a6d2e45c-0989-45b6-92c1-13da5ce5b2b4',	'true',	'access.token.claim'),
('a6d2e45c-0989-45b6-92c1-13da5ce5b2b4',	'locale',	'claim.name'),
('a6d2e45c-0989-45b6-92c1-13da5ce5b2b4',	'true',	'id.token.claim'),
('a6d2e45c-0989-45b6-92c1-13da5ce5b2b4',	'String',	'jsonType.label'),
('a6d2e45c-0989-45b6-92c1-13da5ce5b2b4',	'locale',	'user.attribute'),
('a6d2e45c-0989-45b6-92c1-13da5ce5b2b4',	'true',	'userinfo.token.claim'),
('a87835dd-4ebe-4e67-9649-dd8e5faf2de7',	'true',	'access.token.claim'),
('a87835dd-4ebe-4e67-9649-dd8e5faf2de7',	'phone_number_verified',	'claim.name'),
('a87835dd-4ebe-4e67-9649-dd8e5faf2de7',	'true',	'id.token.claim'),
('a87835dd-4ebe-4e67-9649-dd8e5faf2de7',	'boolean',	'jsonType.label'),
('a87835dd-4ebe-4e67-9649-dd8e5faf2de7',	'phoneNumberVerified',	'user.attribute'),
('a87835dd-4ebe-4e67-9649-dd8e5faf2de7',	'true',	'userinfo.token.claim'),
('a9f830a8-1318-4649-856f-fa6b2715baa2',	'true',	'access.token.claim'),
('a9f830a8-1318-4649-856f-fa6b2715baa2',	'clientId',	'claim.name'),
('a9f830a8-1318-4649-856f-fa6b2715baa2',	'true',	'id.token.claim'),
('a9f830a8-1318-4649-856f-fa6b2715baa2',	'String',	'jsonType.label'),
('a9f830a8-1318-4649-856f-fa6b2715baa2',	'clientId',	'user.session.note'),
('aa674324-ba3f-49c2-8b6f-48bb0986862a',	'true',	'access.token.claim'),
('aa674324-ba3f-49c2-8b6f-48bb0986862a',	'realm_access.roles',	'claim.name'),
('aa674324-ba3f-49c2-8b6f-48bb0986862a',	'String',	'jsonType.label'),
('aa674324-ba3f-49c2-8b6f-48bb0986862a',	'true',	'multivalued'),
('aa674324-ba3f-49c2-8b6f-48bb0986862a',	'foo',	'user.attribute'),
('ac3197f4-421e-4127-8159-1f5e769869fc',	'true',	'access.token.claim'),
('ac3197f4-421e-4127-8159-1f5e769869fc',	'zoneinfo',	'claim.name'),
('ac3197f4-421e-4127-8159-1f5e769869fc',	'true',	'id.token.claim'),
('ac3197f4-421e-4127-8159-1f5e769869fc',	'String',	'jsonType.label'),
('ac3197f4-421e-4127-8159-1f5e769869fc',	'zoneinfo',	'user.attribute'),
('ac3197f4-421e-4127-8159-1f5e769869fc',	'true',	'userinfo.token.claim'),
('acac0f40-3aa2-4304-9b55-597fd9a0434c',	'true',	'access.token.claim'),
('acac0f40-3aa2-4304-9b55-597fd9a0434c',	'locale',	'claim.name'),
('acac0f40-3aa2-4304-9b55-597fd9a0434c',	'true',	'id.token.claim'),
('acac0f40-3aa2-4304-9b55-597fd9a0434c',	'String',	'jsonType.label'),
('acac0f40-3aa2-4304-9b55-597fd9a0434c',	'locale',	'user.attribute'),
('acac0f40-3aa2-4304-9b55-597fd9a0434c',	'true',	'userinfo.token.claim'),
('b5cd3dab-7b7e-4e0e-9076-e605b625fe14',	'true',	'access.token.claim'),
('b5cd3dab-7b7e-4e0e-9076-e605b625fe14',	'preferred_username',	'claim.name'),
('b5cd3dab-7b7e-4e0e-9076-e605b625fe14',	'true',	'id.token.claim'),
('b5cd3dab-7b7e-4e0e-9076-e605b625fe14',	'String',	'jsonType.label'),
('b5cd3dab-7b7e-4e0e-9076-e605b625fe14',	'username',	'user.attribute'),
('b5cd3dab-7b7e-4e0e-9076-e605b625fe14',	'true',	'userinfo.token.claim'),
('b601c76a-e1f6-49f2-a605-57311f16ed71',	'true',	'access.token.claim'),
('b601c76a-e1f6-49f2-a605-57311f16ed71',	'clientHost',	'claim.name'),
('b601c76a-e1f6-49f2-a605-57311f16ed71',	'true',	'id.token.claim'),
('b601c76a-e1f6-49f2-a605-57311f16ed71',	'String',	'jsonType.label'),
('b601c76a-e1f6-49f2-a605-57311f16ed71',	'clientHost',	'user.session.note'),
('bce11970-54b0-40a6-878f-12cd81928d14',	'true',	'access.token.claim'),
('bce11970-54b0-40a6-878f-12cd81928d14',	'nickname',	'claim.name'),
('bce11970-54b0-40a6-878f-12cd81928d14',	'true',	'id.token.claim'),
('bce11970-54b0-40a6-878f-12cd81928d14',	'String',	'jsonType.label'),
('bce11970-54b0-40a6-878f-12cd81928d14',	'nickname',	'user.attribute'),
('bce11970-54b0-40a6-878f-12cd81928d14',	'true',	'userinfo.token.claim'),
('bd8c6b5b-05b7-4092-b0da-ed0f1cc4b166',	'true',	'access.token.claim'),
('bd8c6b5b-05b7-4092-b0da-ed0f1cc4b166',	'groups',	'claim.name'),
('bd8c6b5b-05b7-4092-b0da-ed0f1cc4b166',	'true',	'id.token.claim'),
('bd8c6b5b-05b7-4092-b0da-ed0f1cc4b166',	'String',	'jsonType.label'),
('bd8c6b5b-05b7-4092-b0da-ed0f1cc4b166',	'true',	'multivalued'),
('bd8c6b5b-05b7-4092-b0da-ed0f1cc4b166',	'foo',	'user.attribute'),
('bfef7ba0-347b-4775-8fd4-a1e7271c0d7f',	'true',	'access.token.claim'),
('bfef7ba0-347b-4775-8fd4-a1e7271c0d7f',	'given_name',	'claim.name'),
('bfef7ba0-347b-4775-8fd4-a1e7271c0d7f',	'true',	'id.token.claim'),
('bfef7ba0-347b-4775-8fd4-a1e7271c0d7f',	'String',	'jsonType.label'),
('bfef7ba0-347b-4775-8fd4-a1e7271c0d7f',	'firstName',	'user.attribute'),
('bfef7ba0-347b-4775-8fd4-a1e7271c0d7f',	'true',	'userinfo.token.claim'),
('c0467822-c3d7-4987-8713-2ce8314cf887',	'true',	'access.token.claim'),
('c0467822-c3d7-4987-8713-2ce8314cf887',	'locale',	'claim.name'),
('c0467822-c3d7-4987-8713-2ce8314cf887',	'true',	'id.token.claim'),
('c0467822-c3d7-4987-8713-2ce8314cf887',	'String',	'jsonType.label'),
('c0467822-c3d7-4987-8713-2ce8314cf887',	'locale',	'user.attribute'),
('c0467822-c3d7-4987-8713-2ce8314cf887',	'true',	'userinfo.token.claim'),
('c0af9648-ddc4-49e4-9da6-26baddff2904',	'true',	'access.token.claim'),
('c0af9648-ddc4-49e4-9da6-26baddff2904',	'middle_name',	'claim.name'),
('c0af9648-ddc4-49e4-9da6-26baddff2904',	'true',	'id.token.claim'),
('c0af9648-ddc4-49e4-9da6-26baddff2904',	'String',	'jsonType.label'),
('c0af9648-ddc4-49e4-9da6-26baddff2904',	'middleName',	'user.attribute'),
('c0af9648-ddc4-49e4-9da6-26baddff2904',	'true',	'userinfo.token.claim'),
('c600febb-584b-452c-8883-08583d4c8a0c',	'true',	'access.token.claim'),
('c600febb-584b-452c-8883-08583d4c8a0c',	'email',	'claim.name'),
('c600febb-584b-452c-8883-08583d4c8a0c',	'true',	'id.token.claim'),
('c600febb-584b-452c-8883-08583d4c8a0c',	'String',	'jsonType.label'),
('c600febb-584b-452c-8883-08583d4c8a0c',	'email',	'user.attribute'),
('c600febb-584b-452c-8883-08583d4c8a0c',	'true',	'userinfo.token.claim'),
('c97c7a72-0611-4cdb-be08-1ce16ac2ae8a',	'true',	'access.token.claim'),
('c97c7a72-0611-4cdb-be08-1ce16ac2ae8a',	'given_name',	'claim.name'),
('c97c7a72-0611-4cdb-be08-1ce16ac2ae8a',	'true',	'id.token.claim'),
('c97c7a72-0611-4cdb-be08-1ce16ac2ae8a',	'String',	'jsonType.label'),
('c97c7a72-0611-4cdb-be08-1ce16ac2ae8a',	'firstName',	'user.attribute'),
('c97c7a72-0611-4cdb-be08-1ce16ac2ae8a',	'true',	'userinfo.token.claim'),
('c9e4bfc4-2fe9-48c8-a750-33a9bf244dcf',	'true',	'access.token.claim'),
('c9e4bfc4-2fe9-48c8-a750-33a9bf244dcf',	'resource_access.${client_id}.roles',	'claim.name'),
('c9e4bfc4-2fe9-48c8-a750-33a9bf244dcf',	'String',	'jsonType.label'),
('c9e4bfc4-2fe9-48c8-a750-33a9bf244dcf',	'true',	'multivalued'),
('c9e4bfc4-2fe9-48c8-a750-33a9bf244dcf',	'foo',	'user.attribute'),
('ca5b60f2-49d9-4dbb-8674-ee79c28e4fce',	'Role',	'attribute.name'),
('ca5b60f2-49d9-4dbb-8674-ee79c28e4fce',	'Basic',	'attribute.nameformat'),
('ca5b60f2-49d9-4dbb-8674-ee79c28e4fce',	'false',	'single'),
('cd825c41-d67b-4037-8319-9560e8737e00',	'true',	'access.token.claim'),
('cd825c41-d67b-4037-8319-9560e8737e00',	'email',	'claim.name'),
('cd825c41-d67b-4037-8319-9560e8737e00',	'true',	'id.token.claim'),
('cd825c41-d67b-4037-8319-9560e8737e00',	'String',	'jsonType.label'),
('cd825c41-d67b-4037-8319-9560e8737e00',	'email',	'user.attribute'),
('cd825c41-d67b-4037-8319-9560e8737e00',	'true',	'userinfo.token.claim'),
('cd958a9d-6c14-4620-9f21-bd5dabc4471b',	'true',	'access.token.claim'),
('cd958a9d-6c14-4620-9f21-bd5dabc4471b',	'updated_at',	'claim.name'),
('cd958a9d-6c14-4620-9f21-bd5dabc4471b',	'true',	'id.token.claim'),
('cd958a9d-6c14-4620-9f21-bd5dabc4471b',	'long',	'jsonType.label'),
('cd958a9d-6c14-4620-9f21-bd5dabc4471b',	'updatedAt',	'user.attribute'),
('cd958a9d-6c14-4620-9f21-bd5dabc4471b',	'true',	'userinfo.token.claim'),
('d0b49e4f-1881-412d-9175-953989208df3',	'true',	'access.token.claim'),
('d0b49e4f-1881-412d-9175-953989208df3',	'preferred_username',	'claim.name'),
('d0b49e4f-1881-412d-9175-953989208df3',	'true',	'id.token.claim'),
('d0b49e4f-1881-412d-9175-953989208df3',	'String',	'jsonType.label'),
('d0b49e4f-1881-412d-9175-953989208df3',	'username',	'user.attribute'),
('d0b49e4f-1881-412d-9175-953989208df3',	'true',	'userinfo.token.claim'),
('d91f4add-7f59-4099-9326-355f0cfb7972',	'true',	'access.token.claim'),
('d91f4add-7f59-4099-9326-355f0cfb7972',	'gender',	'claim.name'),
('d91f4add-7f59-4099-9326-355f0cfb7972',	'true',	'id.token.claim'),
('d91f4add-7f59-4099-9326-355f0cfb7972',	'String',	'jsonType.label'),
('d91f4add-7f59-4099-9326-355f0cfb7972',	'gender',	'user.attribute'),
('d91f4add-7f59-4099-9326-355f0cfb7972',	'true',	'userinfo.token.claim'),
('dac73bac-0d25-4769-af98-1a34a6637646',	'true',	'access.token.claim'),
('dac73bac-0d25-4769-af98-1a34a6637646',	'birthdate',	'claim.name'),
('dac73bac-0d25-4769-af98-1a34a6637646',	'true',	'id.token.claim'),
('dac73bac-0d25-4769-af98-1a34a6637646',	'String',	'jsonType.label'),
('dac73bac-0d25-4769-af98-1a34a6637646',	'birthdate',	'user.attribute'),
('dac73bac-0d25-4769-af98-1a34a6637646',	'true',	'userinfo.token.claim'),
('df1d1b48-12b7-4dcc-93bc-3c5e2573784c',	'Role',	'attribute.name'),
('df1d1b48-12b7-4dcc-93bc-3c5e2573784c',	'Basic',	'attribute.nameformat'),
('df1d1b48-12b7-4dcc-93bc-3c5e2573784c',	'false',	'single'),
('e3e41685-8998-4b51-9203-29cfed38d02e',	'true',	'access.token.claim'),
('e3e41685-8998-4b51-9203-29cfed38d02e',	'website',	'claim.name'),
('e3e41685-8998-4b51-9203-29cfed38d02e',	'true',	'id.token.claim'),
('e3e41685-8998-4b51-9203-29cfed38d02e',	'String',	'jsonType.label'),
('e3e41685-8998-4b51-9203-29cfed38d02e',	'website',	'user.attribute'),
('e3e41685-8998-4b51-9203-29cfed38d02e',	'true',	'userinfo.token.claim'),
('e936addf-494c-470d-9bf4-2011aea16ffa',	'true',	'access.token.claim'),
('e936addf-494c-470d-9bf4-2011aea16ffa',	'clientAddress',	'claim.name'),
('e936addf-494c-470d-9bf4-2011aea16ffa',	'true',	'id.token.claim'),
('e936addf-494c-470d-9bf4-2011aea16ffa',	'String',	'jsonType.label'),
('e936addf-494c-470d-9bf4-2011aea16ffa',	'clientAddress',	'user.session.note'),
('e9412710-fed6-40e4-a356-d0f9944a477b',	'true',	'access.token.claim'),
('e9412710-fed6-40e4-a356-d0f9944a477b',	'phone_number',	'claim.name'),
('e9412710-fed6-40e4-a356-d0f9944a477b',	'true',	'id.token.claim'),
('e9412710-fed6-40e4-a356-d0f9944a477b',	'String',	'jsonType.label'),
('e9412710-fed6-40e4-a356-d0f9944a477b',	'phoneNumber',	'user.attribute'),
('e9412710-fed6-40e4-a356-d0f9944a477b',	'true',	'userinfo.token.claim'),
('eaca7d71-10b8-42f5-a096-76ddac21ddfe',	'true',	'access.token.claim'),
('eaca7d71-10b8-42f5-a096-76ddac21ddfe',	'profile',	'claim.name'),
('eaca7d71-10b8-42f5-a096-76ddac21ddfe',	'true',	'id.token.claim'),
('eaca7d71-10b8-42f5-a096-76ddac21ddfe',	'String',	'jsonType.label'),
('eaca7d71-10b8-42f5-a096-76ddac21ddfe',	'profile',	'user.attribute'),
('eaca7d71-10b8-42f5-a096-76ddac21ddfe',	'true',	'userinfo.token.claim'),
('eae43cc5-7cad-448c-a003-a6b6b0421819',	'true',	'access.token.claim'),
('eae43cc5-7cad-448c-a003-a6b6b0421819',	'true',	'id.token.claim'),
('ebee8452-89b0-4ab5-b09e-871e146b7609',	'true',	'access.token.claim'),
('ebee8452-89b0-4ab5-b09e-871e146b7609',	'clientAddress',	'claim.name'),
('ebee8452-89b0-4ab5-b09e-871e146b7609',	'true',	'id.token.claim'),
('ebee8452-89b0-4ab5-b09e-871e146b7609',	'String',	'jsonType.label'),
('ebee8452-89b0-4ab5-b09e-871e146b7609',	'clientAddress',	'user.session.note'),
('f0380683-4bed-4ea6-b478-5f11964d6b8b',	'true',	'access.token.claim'),
('f0380683-4bed-4ea6-b478-5f11964d6b8b',	'email_verified',	'claim.name'),
('f0380683-4bed-4ea6-b478-5f11964d6b8b',	'true',	'id.token.claim'),
('f0380683-4bed-4ea6-b478-5f11964d6b8b',	'boolean',	'jsonType.label'),
('f0380683-4bed-4ea6-b478-5f11964d6b8b',	'emailVerified',	'user.attribute'),
('f0380683-4bed-4ea6-b478-5f11964d6b8b',	'true',	'userinfo.token.claim'),
('f632eafb-9713-4394-a1d0-416475abac3d',	'true',	'access.token.claim'),
('f632eafb-9713-4394-a1d0-416475abac3d',	'phone_number',	'claim.name'),
('f632eafb-9713-4394-a1d0-416475abac3d',	'true',	'id.token.claim'),
('f632eafb-9713-4394-a1d0-416475abac3d',	'String',	'jsonType.label'),
('f632eafb-9713-4394-a1d0-416475abac3d',	'phoneNumber',	'user.attribute'),
('f632eafb-9713-4394-a1d0-416475abac3d',	'true',	'userinfo.token.claim'),
('f9e250e5-7af3-4eb5-89c6-103913cf2949',	'true',	'access.token.claim'),
('f9e250e5-7af3-4eb5-89c6-103913cf2949',	'profile',	'claim.name'),
('f9e250e5-7af3-4eb5-89c6-103913cf2949',	'true',	'id.token.claim'),
('f9e250e5-7af3-4eb5-89c6-103913cf2949',	'String',	'jsonType.label'),
('f9e250e5-7af3-4eb5-89c6-103913cf2949',	'profile',	'user.attribute'),
('f9e250e5-7af3-4eb5-89c6-103913cf2949',	'true',	'userinfo.token.claim'),
('ff273d38-344e-4472-8afc-482fc6b5c1c5',	'true',	'access.token.claim'),
('ff273d38-344e-4472-8afc-482fc6b5c1c5',	'groups',	'claim.name'),
('ff273d38-344e-4472-8afc-482fc6b5c1c5',	'true',	'id.token.claim'),
('ff273d38-344e-4472-8afc-482fc6b5c1c5',	'String',	'jsonType.label'),
('ff273d38-344e-4472-8afc-482fc6b5c1c5',	'true',	'multivalued'),
('ff273d38-344e-4472-8afc-482fc6b5c1c5',	'foo',	'user.attribute'),
('ffbeddd5-8d64-4fe0-bcf7-ff3678b40076',	'true',	'access.token.claim'),
('ffbeddd5-8d64-4fe0-bcf7-ff3678b40076',	'email',	'claim.name'),
('ffbeddd5-8d64-4fe0-bcf7-ff3678b40076',	'true',	'id.token.claim'),
('ffbeddd5-8d64-4fe0-bcf7-ff3678b40076',	'String',	'jsonType.label'),
('ffbeddd5-8d64-4fe0-bcf7-ff3678b40076',	'email',	'user.attribute'),
('ffbeddd5-8d64-4fe0-bcf7-ff3678b40076',	'true',	'userinfo.token.claim');

DROP TABLE IF EXISTS `Payment_transaction`;
CREATE TABLE `Payment_transaction` (
  `id` int NOT NULL AUTO_INCREMENT,
  `correlation_id` varchar(255) DEFAULT NULL,
  `transaction_id` varchar(255) DEFAULT NULL,
  `external_transaction_id` varchar(255) DEFAULT NULL,
  `method` varchar(100) DEFAULT NULL,
  `amount` double DEFAULT NULL,
  `currency` varchar(100) DEFAULT NULL,
  `date` datetime DEFAULT NULL,
  `from` varchar(255) DEFAULT NULL,
  `to` varchar(255) DEFAULT NULL,
  `status` varchar(100) DEFAULT NULL,
  `user_id` varchar(255) DEFAULT NULL,
  `callback_url` text CHARACTER SET utf8mb4 COLLATE utf8mb4_0900_ai_ci,
  `description` text,
  `label` varchar(255) DEFAULT NULL,
  `checkout_url` text CHARACTER SET utf8mb4 COLLATE utf8mb4_0900_ai_ci,
  `redirect_url` text CHARACTER SET utf8mb4 COLLATE utf8mb4_0900_ai_ci,
  PRIMARY KEY (`id`)
) ENGINE=InnoDB DEFAULT CHARSET=utf8mb4 COLLATE=utf8mb4_0900_ai_ci;

INSERT INTO `Payment_transaction` (`id`, `correlation_id`, `transaction_id`, `external_transaction_id`, `method`, `amount`, `currency`, `date`, `from`, `to`, `status`, `user_id`, `callback_url`, `description`, `label`, `checkout_url`, `redirect_url`) VALUES
(7,	NULL,	NULL,	'12343',	'MVOLA',	200,	'Ar',	'2022-10-09 15:18:46',	'0343500003',	'0343500004',	'INIT',	'1a487954-e751-4941-b904-27ee5ef1b846',	NULL,	'Voyage',	'SUBSCRIPTION',	NULL,	NULL),
(8,	NULL,	NULL,	'12343',	'CARD',	200,	'Ar',	'2022-10-09 17:26:36',	'0343500003',	'0343500004',	'INIT',	'1a487954-e751-4941-b904-27ee5ef1b846',	'string',	'string',	'SUBSCRIPTION',	NULL,	NULL),
(9,	NULL,	NULL,	'12343',	'CARD',	200,	'EUR',	'2022-10-09 17:27:13',	'0343500003',	'0343500004',	'INIT',	'1a487954-e751-4941-b904-27ee5ef1b846',	'string',	'string',	'SUBSCRIPTION',	NULL,	NULL),
(10,	NULL,	NULL,	'12343',	'CARD',	200,	'EUR',	'2022-10-09 17:28:01',	'0343500003',	'0343500004',	'INIT',	'1a487954-e751-4941-b904-27ee5ef1b846',	'string',	'string',	'SUBSCRIPTION',	NULL,	NULL),
(11,	NULL,	NULL,	'12343',	'CARD',	200,	'EUR',	'2022-10-09 17:29:10',	'0343500003',	'0343500004',	'COMPLETED',	'1a487954-e751-4941-b904-27ee5ef1b846',	'string',	'string',	'SUBSCRIPTION',	'https://checkout.stripe.com/c/pay/cs_test_a1InTFfXwOgie9npGRgcGYZ8fjWHxD5lnhPcmIGc3wvrYMSJrxBPwx4IkG#fidkdWxOYHwnPyd1blpxYHZxWjZuc1NPdXd8MTZJPFFkY018N2FRT0dGNCcpJ2N3amhWYHdzYHcnP3F3cGApJ2lkfGpwcVF8dWAnPyd2bGtiaWBabHFgaCcpJ2BrZGdpYFVpZGZgbWppYWB3dic%2FcXdwYHgl',	NULL),
(12,	NULL,	NULL,	'EXTERNAL_001',	'CARD',	200,	'EUR',	'2022-10-09 17:54:25',	NULL,	NULL,	'COMPLETED',	'1a487954-e751-4941-b904-27ee5ef1b846',	NULL,	NULL,	'SUBSCRIPTION',	'https://checkout.stripe.com/c/pay/cs_test_a1WqINtslWJ5UQI0nOLAWI9mMY16tB7PR8ogZwYnUSnr4MuY4se1MCwoud#fidkdWxOYHwnPyd1blpxYHZxWjZuc1NPdXd8MTZJPFFkY018N2FRT0dGNCcpJ2N3amhWYHdzYHcnP3F3cGApJ2lkfGpwcVF8dWAnPyd2bGtiaWBabHFgaCcpJ2BrZGdpYFVpZGZgbWppYWB3dic%2FcXdwYHgl',	'http://localhost:3000/departures?filter%5Btransportation%5D=all&filter%5Bseats%5D=1&filter%5Btype%5D=one-way&sort=price_desc'),
(13,	NULL,	NULL,	'EXTERNAL_001',	'CARD',	200,	'EUR',	'2022-10-09 17:56:50',	NULL,	NULL,	'INIT',	'1a487954-e751-4941-b904-27ee5ef1b846',	NULL,	NULL,	'SUBSCRIPTION',	'https://checkout.stripe.com/c/pay/cs_test_a1Egfqmq6QzAMRqhnji4znH9v8J0gVffbRYljMgqlUzTW5LmiCZyTZdE3n#fidkdWxOYHwnPyd1blpxYHZxWjZuc1NPdXd8MTZJPFFkY018N2FRT0dGNCcpJ2N3amhWYHdzYHcnP3F3cGApJ2lkfGpwcVF8dWAnPyd2bGtiaWBabHFgaCcpJ2BrZGdpYFVpZGZgbWppYWB3dic%2FcXdwYHgl',	'http://localhost:3000'),
(14,	NULL,	NULL,	'EXTERNAL_001',	'CARD',	100,	'EUR',	'2022-10-09 17:59:14',	NULL,	NULL,	'COMPLETED',	'1a487954-e751-4941-b904-27ee5ef1b846',	NULL,	NULL,	'SUBSCRIPTION',	'https://checkout.stripe.com/c/pay/cs_test_a1d4Qvjj1yFa2ja0P6dsvHddiPbW3q4Bsu1tnkV2xfgDEkr2NEvT6rrGTF#fidkdWxOYHwnPyd1blpxYHZxWjZuc1NPdXd8MTZJPFFkY018N2FRT0dGNCcpJ2N3amhWYHdzYHcnP3F3cGApJ2lkfGpwcVF8dWAnPyd2bGtiaWBabHFgaCcpJ2BrZGdpYFVpZGZgbWppYWB3dic%2FcXdwYHgl',	'http://localhost:3000'),
(15,	NULL,	NULL,	'EXTERNAL_001',	'CARD',	100,	'EUR',	'2022-10-09 18:05:13',	NULL,	NULL,	'COMPLETED',	'1a487954-e751-4941-b904-27ee5ef1b846',	NULL,	NULL,	'SUBSCRIPTION',	'https://checkout.stripe.com/c/pay/cs_test_a1dVJSQbxMAUjDA3iTvjzIJIaOsvpzUO7qHodbZfjdn0pEvD0GIZ3izkuk#fidkdWxOYHwnPyd1blpxYHZxWjZuc1NPdXd8MTZJPFFkY018N2FRT0dGNCcpJ2N3amhWYHdzYHcnP3F3cGApJ2lkfGpwcVF8dWAnPyd2bGtiaWBabHFgaCcpJ2BrZGdpYFVpZGZgbWppYWB3dic%2FcXdwYHgl',	'http://localhost:3000'),
(16,	NULL,	NULL,	'EXTERNAL_001',	'CARD',	100,	'EUR',	'2022-10-09 18:07:12',	NULL,	NULL,	'COMPLETED',	'1a487954-e751-4941-b904-27ee5ef1b846',	NULL,	NULL,	'SUBSCRIPTION',	'https://checkout.stripe.com/c/pay/cs_test_a1KZ3escY4bzM9oju7dcDpY9JKwcV0tncK4y3nZLNhIZFiHzBpegbDDmhn#fidkdWxOYHwnPyd1blpxYHZxWjZuc1NPdXd8MTZJPFFkY018N2FRT0dGNCcpJ2N3amhWYHdzYHcnP3F3cGApJ2lkfGpwcVF8dWAnPyd2bGtiaWBabHFgaCcpJ2BrZGdpYFVpZGZgbWppYWB3dic%2FcXdwYHgl',	'http://localhost:3000'),
(17,	NULL,	NULL,	'EXTERNAL_001',	'CARD',	100,	'EUR',	'2022-10-09 18:11:38',	NULL,	NULL,	'COMPLETED',	'1a487954-e751-4941-b904-27ee5ef1b846',	NULL,	NULL,	'SUBSCRIPTION',	'https://checkout.stripe.com/c/pay/cs_test_a1IKfrbnN9v4bJN5wg4SuDZFSI75neINt47bdIi28OysmvMMS6qdnHizjc#fidkdWxOYHwnPyd1blpxYHZxWjZuc1NPdXd8MTZJPFFkY018N2FRT0dGNCcpJ2N3amhWYHdzYHcnP3F3cGApJ2lkfGpwcVF8dWAnPyd2bGtiaWBabHFgaCcpJ2BrZGdpYFVpZGZgbWppYWB3dic%2FcXdwYHgl',	'http://localhost:3000'),
(18,	NULL,	NULL,	'EXTERNAL_001',	'CARD',	10,	'EUR',	'2022-10-09 18:13:25',	NULL,	NULL,	'FAILED',	'1a487954-e751-4941-b904-27ee5ef1b846',	NULL,	NULL,	'SUBSCRIPTION',	'https://checkout.stripe.com/c/pay/cs_test_a1zTD79Rx7TSDW00G6PZJmr1X9hH8NDnmva7fXCEB1cXCKNhR9DZEYbJ8j#fidkdWxOYHwnPyd1blpxYHZxWjZuc1NPdXd8MTZJPFFkY018N2FRT0dGNCcpJ2N3amhWYHdzYHcnP3F3cGApJ2lkfGpwcVF8dWAnPyd2bGtiaWBabHFgaCcpJ2BrZGdpYFVpZGZgbWppYWB3dic%2FcXdwYHgl',	'http://localhost:3000'),
(19,	NULL,	NULL,	'EXTERNAL_001',	'CARD',	10,	'MGA',	'2022-10-09 18:27:28',	NULL,	NULL,	'INIT',	'1a487954-e751-4941-b904-27ee5ef1b846',	NULL,	NULL,	'SUBSCRIPTION',	NULL,	'http://localhost:3000'),
(20,	NULL,	NULL,	'EXTERNAL_001',	'CARD',	10,	'MGA',	'2022-10-09 18:27:55',	NULL,	NULL,	'INIT',	'1a487954-e751-4941-b904-27ee5ef1b846',	NULL,	NULL,	'SUBSCRIPTION',	NULL,	'http://localhost:3000'),
(21,	NULL,	NULL,	'EXTERNAL_001',	'CARD',	10,	'MGA',	'2022-10-09 18:28:56',	NULL,	NULL,	'INIT',	'1a487954-e751-4941-b904-27ee5ef1b846',	NULL,	NULL,	'SUBSCRIPTION',	NULL,	'http://localhost:3000'),
(22,	NULL,	NULL,	'EXTERNAL_001',	'CARD',	25000,	'MGA',	'2022-10-09 18:29:28',	NULL,	NULL,	'INIT',	'1a487954-e751-4941-b904-27ee5ef1b846',	NULL,	NULL,	'SUBSCRIPTION',	'https://checkout.stripe.com/c/pay/cs_test_a1ULuzcrxPCIppJ1pOcUDkuKE5cTZAvwY1z6aY66rxOosSbhFGeEZ8ebcK#fidkdWxOYHwnPyd1blpxYHZxWjZuc1NPdXd8MTZJPFFkY018N2FRT0dGNCcpJ2N3amhWYHdzYHcnP3F3cGApJ2lkfGpwcVF8dWAnPyd2bGtiaWBabHFgaCcpJ2BrZGdpYFVpZGZgbWppYWB3dic%2FcXdwYHgl',	'http://localhost:3000'),
(23,	NULL,	NULL,	'EXTERNAL_001',	'CARD',	25000,	'MGA',	'2022-10-09 18:35:01',	NULL,	NULL,	'COMPLETED',	'1a487954-e751-4941-b904-27ee5ef1b846',	NULL,	NULL,	'SUBSCRIPTION',	'https://checkout.stripe.com/c/pay/cs_test_a1NKRG3M96Da7Oap0ugxdYgC8dEqYbHFuGqfVUb6dWSkZgKC3F0XQ3dPtC#fidkdWxOYHwnPyd1blpxYHZxWjZuc1NPdXd8MTZJPFFkY018N2FRT0dGNCcpJ2N3amhWYHdzYHcnP3F3cGApJ2lkfGpwcVF8dWAnPyd2bGtiaWBabHFgaCcpJ2BrZGdpYFVpZGZgbWppYWB3dic%2FcXdwYHgl',	'http://localhost:3000'),
(24,	NULL,	NULL,	'EXTERNAL_001',	'CARD',	10000,	'MGA',	'2022-10-09 18:39:33',	NULL,	NULL,	'COMPLETED',	'1a487954-e751-4941-b904-27ee5ef1b846',	NULL,	NULL,	'SUBSCRIPTION',	'https://checkout.stripe.com/c/pay/cs_test_a1FJtQKTD7RTKsTQPm2FmGlyev5sclXlMHxD02pkifPCymJ4EPeAbgN08U#fidkdWxOYHwnPyd1blpxYHZxWjZuc1NPdXd8MTZJPFFkY018N2FRT0dGNCcpJ2N3amhWYHdzYHcnP3F3cGApJ2lkfGpwcVF8dWAnPyd2bGtiaWBabHFgaCcpJ2BrZGdpYFVpZGZgbWppYWB3dic%2FcXdwYHgl',	'http://localhost:3000'),
(25,	NULL,	'cs_test_a1tZTh6hhrFyJMsll3Y9PHSxXOvUNxpPWJig3xN9848ojCfy83YUvZj9hv',	'EXTERNAL_001',	'CARD',	15000,	'MGA',	'2022-10-09 18:52:15',	NULL,	NULL,	'COMPLETED',	'1a487954-e751-4941-b904-27ee5ef1b846',	NULL,	NULL,	'SUBSCRIPTION',	'https://checkout.stripe.com/c/pay/cs_test_a1tZTh6hhrFyJMsll3Y9PHSxXOvUNxpPWJig3xN9848ojCfy83YUvZj9hv#fidkdWxOYHwnPyd1blpxYHZxWjZuc1NPdXd8MTZJPFFkY018N2FRT0dGNCcpJ2N3amhWYHdzYHcnP3F3cGApJ2lkfGpwcVF8dWAnPyd2bGtiaWBabHFgaCcpJ2BrZGdpYFVpZGZgbWppYWB3dic%2FcXdwYHgl',	'http://localhost:3000'),
(26,	NULL,	'cs_test_a1yJ3Uv4eTla3arkpUCL3s5ZCJuBm1LudRkA4WlRrfWNAL8T6QojhHlNtG',	'EXTERNAL_001',	'CARD',	12000,	'MGA',	'2022-10-09 18:54:08',	NULL,	NULL,	'COMPLETED',	'1a487954-e751-4941-b904-27ee5ef1b846',	NULL,	NULL,	'SUBSCRIPTION',	'https://checkout.stripe.com/c/pay/cs_test_a1yJ3Uv4eTla3arkpUCL3s5ZCJuBm1LudRkA4WlRrfWNAL8T6QojhHlNtG#fidkdWxOYHwnPyd1blpxYHZxWjZuc1NPdXd8MTZJPFFkY018N2FRT0dGNCcpJ2N3amhWYHdzYHcnP3F3cGApJ2lkfGpwcVF8dWAnPyd2bGtiaWBabHFgaCcpJ2BrZGdpYFVpZGZgbWppYWB3dic%2FcXdwYHgl',	'http://localhost:3000'),
(27,	NULL,	'pi_3Lr1uBK0zSaByvba0du07QbX',	'EXTERNAL_001',	'CARD',	11000,	'MGA',	'2022-10-09 18:58:37',	NULL,	NULL,	'COMPLETED',	'1a487954-e751-4941-b904-27ee5ef1b846',	NULL,	NULL,	'SUBSCRIPTION',	'https://checkout.stripe.com/c/pay/cs_test_a1szHj2hbh1WNCULR9kdfDg56LzywgqCfHIbCoO5Wc0sbSEAhDgta3ClhP#fidkdWxOYHwnPyd1blpxYHZxWjZuc1NPdXd8MTZJPFFkY018N2FRT0dGNCcpJ2N3amhWYHdzYHcnP3F3cGApJ2lkfGpwcVF8dWAnPyd2bGtiaWBabHFgaCcpJ2BrZGdpYFVpZGZgbWppYWB3dic%2FcXdwYHgl',	'http://localhost:3000'),
(28,	NULL,	NULL,	'EXTERNAL_002',	'CARD',	10000,	'MGA',	'2022-10-09 19:01:55',	NULL,	NULL,	'INIT',	'1a487954-e751-4941-b904-27ee5ef1b846',	NULL,	NULL,	'SUBSCRIPTION',	'https://checkout.stripe.com/c/pay/cs_test_a1jPODtCdGJs5Mro8OZSfEOBYZSGbg3hYpaFySfhv77Ticfc4hpEf6gUJ7#fidkdWxOYHwnPyd1blpxYHZxWjZuc1NPdXd8MTZJPFFkY018N2FRT0dGNCcpJ2N3amhWYHdzYHcnP3F3cGApJ2lkfGpwcVF8dWAnPyd2bGtiaWBabHFgaCcpJ2BrZGdpYFVpZGZgbWppYWB3dic%2FcXdwYHgl',	'http://localhost:3000'),
(29,	NULL,	'pi_3Lr1zfK0zSaByvba0ZSdg7PJ',	'EXTERNAL_002',	'CARD',	10000,	'MGA',	'2022-10-09 19:03:53',	'test@exemple.com',	NULL,	'COMPLETED',	'1a487954-e751-4941-b904-27ee5ef1b846',	NULL,	NULL,	'SUBSCRIPTION',	'https://checkout.stripe.com/c/pay/cs_test_a1vMuLk0BLa0UCKfyYDFUYsEzlTitsjJLD42L96NpCzl5pwuOOA3OjRtlY#fidkdWxOYHwnPyd1blpxYHZxWjZuc1NPdXd8MTZJPFFkY018N2FRT0dGNCcpJ2N3amhWYHdzYHcnP3F3cGApJ2lkfGpwcVF8dWAnPyd2bGtiaWBabHFgaCcpJ2BrZGdpYFVpZGZgbWppYWB3dic%2FcXdwYHgl',	'http://localhost:3000'),
(30,	NULL,	NULL,	'BOOKING_1',	'MVOLA',	200,	'MGA',	'2022-10-30 17:07:27',	'0343500003',	'0343500004',	'INIT',	'1a487954-e751-4941-b904-27ee5ef1b846',	NULL,	NULL,	'SUBSCRIPTION',	NULL,	NULL),
(31,	NULL,	'pi_3LydXlK0zSaByvba0MPa82lQ',	'7',	'CREDIT_CARD',	24000,	'MGA',	'2022-10-30 18:34:04',	'test@exemple.com',	NULL,	'COMPLETED',	'87940f89-c095-47ae-b16f-18409dc80586',	NULL,	NULL,	'BOOKING',	'https://checkout.stripe.com/c/pay/cs_test_a1UWYrKgfbfAOtOAXTzUrs4UtIwvBdGtIP3ZrNo36D9CzSeOuEqh670XaJ#fidkdWxOYHwnPyd1blpxYHZxWjZuc1NPdXd8MTZJPFFkY018N2FRT0dGNCcpJ2N3amhWYHdzYHcnP3F3cGApJ2lkfGpwcVF8dWAnPyd2bGtiaWBabHFgaCcpJ2BrZGdpYFVpZGZgbWppYWB3dic%2FcXdwYHgl',	'http://localhost:3000/notify'),
(32,	NULL,	'pi_3LydfAK0zSaByvba08BzfGyy',	'8',	'CREDIT_CARD',	24000,	'MGA',	'2022-10-30 18:42:31',	'test@exemple.com',	NULL,	'COMPLETED',	'87940f89-c095-47ae-b16f-18409dc80586',	NULL,	NULL,	'BOOKING',	'https://checkout.stripe.com/c/pay/cs_test_a1fUChzKbiyNVW6pnEtegQbXJg9cdfJqbvle0ttRksD4TN6AY3AiGutzc7#fidkdWxOYHwnPyd1blpxYHZxWjZuc1NPdXd8MTZJPFFkY018N2FRT0dGNCcpJ2N3amhWYHdzYHcnP3F3cGApJ2lkfGpwcVF8dWAnPyd2bGtiaWBabHFgaCcpJ2BrZGdpYFVpZGZgbWppYWB3dic%2FcXdwYHgl',	'http://localhost:3000/booking/payment/notify'),
(33,	NULL,	'pi_3LydqOK0zSaByvba1dOLqbNP',	'9',	'CREDIT_CARD',	24000,	'MGA',	'2022-10-30 18:54:15',	'test@exemple.com',	NULL,	'COMPLETED',	'87940f89-c095-47ae-b16f-18409dc80586',	NULL,	NULL,	'BOOKING',	'https://checkout.stripe.com/c/pay/cs_test_a1K9mwhgHWKYUO8zgJ0Bds8bW3Ez9KbNDflTsUS7GEilspfqeFTOAHaShI#fidkdWxOYHwnPyd1blpxYHZxWjZuc1NPdXd8MTZJPFFkY018N2FRT0dGNCcpJ2N3amhWYHdzYHcnP3F3cGApJ2lkfGpwcVF8dWAnPyd2bGtiaWBabHFgaCcpJ2BrZGdpYFVpZGZgbWppYWB3dic%2FcXdwYHgl',	'http://localhost:3000/booking/payment/notify'),
(34,	NULL,	NULL,	'7778ea5e-8efb-46f9-b3d7-3496466e52a3',	'CREDIT_CARD',	12000,	'MGA',	'2022-11-07 08:58:50',	NULL,	NULL,	'INIT',	'87940f89-c095-47ae-b16f-18409dc80586',	NULL,	NULL,	'BOOKING',	'https://checkout.stripe.com/c/pay/cs_test_a19oQhafzACHg1SvG14Kph5HVRt8PvmbbnE4ji8QwEaVjup4U0t4wZHMqW#fidkdWxOYHwnPyd1blpxYHZxWjZuc1NPdXd8MTZJPFFkY018N2FRT0dGNCcpJ2N3amhWYHdzYHcnP3F3cGApJ2lkfGpwcVF8dWAnPyd2bGtiaWBabHFgaCcpJ2BrZGdpYFVpZGZgbWppYWB3dic%2FcXdwYHgl',	'http://localhost:3000/booking/payment/notify');

DROP TABLE IF EXISTS `REALM`;
CREATE TABLE `REALM` (
  `ID` varchar(36) NOT NULL,
  `ACCESS_CODE_LIFESPAN` int DEFAULT NULL,
  `USER_ACTION_LIFESPAN` int DEFAULT NULL,
  `ACCESS_TOKEN_LIFESPAN` int DEFAULT NULL,
  `ACCOUNT_THEME` varchar(255) DEFAULT NULL,
  `ADMIN_THEME` varchar(255) DEFAULT NULL,
  `EMAIL_THEME` varchar(255) DEFAULT NULL,
  `ENABLED` bit(1) NOT NULL DEFAULT b'0',
  `EVENTS_ENABLED` bit(1) NOT NULL DEFAULT b'0',
  `EVENTS_EXPIRATION` bigint DEFAULT NULL,
  `LOGIN_THEME` varchar(255) DEFAULT NULL,
  `NAME` varchar(255) DEFAULT NULL,
  `NOT_BEFORE` int DEFAULT NULL,
  `PASSWORD_POLICY` text,
  `REGISTRATION_ALLOWED` bit(1) NOT NULL DEFAULT b'0',
  `REMEMBER_ME` bit(1) NOT NULL DEFAULT b'0',
  `RESET_PASSWORD_ALLOWED` bit(1) NOT NULL DEFAULT b'0',
  `SOCIAL` bit(1) NOT NULL DEFAULT b'0',
  `SSL_REQUIRED` varchar(255) DEFAULT NULL,
  `SSO_IDLE_TIMEOUT` int DEFAULT NULL,
  `SSO_MAX_LIFESPAN` int DEFAULT NULL,
  `UPDATE_PROFILE_ON_SOC_LOGIN` bit(1) NOT NULL DEFAULT b'0',
  `VERIFY_EMAIL` bit(1) NOT NULL DEFAULT b'0',
  `MASTER_ADMIN_CLIENT` varchar(36) DEFAULT NULL,
  `LOGIN_LIFESPAN` int DEFAULT NULL,
  `INTERNATIONALIZATION_ENABLED` bit(1) NOT NULL DEFAULT b'0',
  `DEFAULT_LOCALE` varchar(255) DEFAULT NULL,
  `REG_EMAIL_AS_USERNAME` bit(1) NOT NULL DEFAULT b'0',
  `ADMIN_EVENTS_ENABLED` bit(1) NOT NULL DEFAULT b'0',
  `ADMIN_EVENTS_DETAILS_ENABLED` bit(1) NOT NULL DEFAULT b'0',
  `EDIT_USERNAME_ALLOWED` bit(1) NOT NULL DEFAULT b'0',
  `OTP_POLICY_COUNTER` int DEFAULT '0',
  `OTP_POLICY_WINDOW` int DEFAULT '1',
  `OTP_POLICY_PERIOD` int DEFAULT '30',
  `OTP_POLICY_DIGITS` int DEFAULT '6',
  `OTP_POLICY_ALG` varchar(36) DEFAULT 'HmacSHA1',
  `OTP_POLICY_TYPE` varchar(36) DEFAULT 'totp',
  `BROWSER_FLOW` varchar(36) DEFAULT NULL,
  `REGISTRATION_FLOW` varchar(36) DEFAULT NULL,
  `DIRECT_GRANT_FLOW` varchar(36) DEFAULT NULL,
  `RESET_CREDENTIALS_FLOW` varchar(36) DEFAULT NULL,
  `CLIENT_AUTH_FLOW` varchar(36) DEFAULT NULL,
  `OFFLINE_SESSION_IDLE_TIMEOUT` int DEFAULT '0',
  `REVOKE_REFRESH_TOKEN` bit(1) NOT NULL DEFAULT b'0',
  `ACCESS_TOKEN_LIFE_IMPLICIT` int DEFAULT '0',
  `LOGIN_WITH_EMAIL_ALLOWED` bit(1) NOT NULL DEFAULT b'1',
  `DUPLICATE_EMAILS_ALLOWED` bit(1) NOT NULL DEFAULT b'0',
  `DOCKER_AUTH_FLOW` varchar(36) DEFAULT NULL,
  `REFRESH_TOKEN_MAX_REUSE` int DEFAULT '0',
  `ALLOW_USER_MANAGED_ACCESS` bit(1) NOT NULL DEFAULT b'0',
  `SSO_MAX_LIFESPAN_REMEMBER_ME` int NOT NULL,
  `SSO_IDLE_TIMEOUT_REMEMBER_ME` int NOT NULL,
  `DEFAULT_ROLE` varchar(255) DEFAULT NULL,
  PRIMARY KEY (`ID`),
  UNIQUE KEY `UK_ORVSDMLA56612EAEFIQ6WL5OI` (`NAME`),
  KEY `IDX_REALM_MASTER_ADM_CLI` (`MASTER_ADMIN_CLIENT`)
) ENGINE=InnoDB DEFAULT CHARSET=utf8mb4 COLLATE=utf8mb4_0900_ai_ci;

INSERT INTO `REALM` (`ID`, `ACCESS_CODE_LIFESPAN`, `USER_ACTION_LIFESPAN`, `ACCESS_TOKEN_LIFESPAN`, `ACCOUNT_THEME`, `ADMIN_THEME`, `EMAIL_THEME`, `ENABLED`, `EVENTS_ENABLED`, `EVENTS_EXPIRATION`, `LOGIN_THEME`, `NAME`, `NOT_BEFORE`, `PASSWORD_POLICY`, `REGISTRATION_ALLOWED`, `REMEMBER_ME`, `RESET_PASSWORD_ALLOWED`, `SOCIAL`, `SSL_REQUIRED`, `SSO_IDLE_TIMEOUT`, `SSO_MAX_LIFESPAN`, `UPDATE_PROFILE_ON_SOC_LOGIN`, `VERIFY_EMAIL`, `MASTER_ADMIN_CLIENT`, `LOGIN_LIFESPAN`, `INTERNATIONALIZATION_ENABLED`, `DEFAULT_LOCALE`, `REG_EMAIL_AS_USERNAME`, `ADMIN_EVENTS_ENABLED`, `ADMIN_EVENTS_DETAILS_ENABLED`, `EDIT_USERNAME_ALLOWED`, `OTP_POLICY_COUNTER`, `OTP_POLICY_WINDOW`, `OTP_POLICY_PERIOD`, `OTP_POLICY_DIGITS`, `OTP_POLICY_ALG`, `OTP_POLICY_TYPE`, `BROWSER_FLOW`, `REGISTRATION_FLOW`, `DIRECT_GRANT_FLOW`, `RESET_CREDENTIALS_FLOW`, `CLIENT_AUTH_FLOW`, `OFFLINE_SESSION_IDLE_TIMEOUT`, `REVOKE_REFRESH_TOKEN`, `ACCESS_TOKEN_LIFE_IMPLICIT`, `LOGIN_WITH_EMAIL_ALLOWED`, `DUPLICATE_EMAILS_ALLOWED`, `DOCKER_AUTH_FLOW`, `REFRESH_TOKEN_MAX_REUSE`, `ALLOW_USER_MANAGED_ACCESS`, `SSO_MAX_LIFESPAN_REMEMBER_ME`, `SSO_IDLE_TIMEOUT_REMEMBER_ME`, `DEFAULT_ROLE`) VALUES
('6b962f6f-6e63-4547-bf35-50e79dd06c0d',	60,	300,	300,	'',	'',	'',	CONV('1', 2, 10) + 0,	CONV('0', 2, 10) + 0,	0,	'mgo',	'mgo-old',	0,	NULL,	CONV('1', 2, 10) + 0,	CONV('1', 2, 10) + 0,	CONV('1', 2, 10) + 0,	CONV('0', 2, 10) + 0,	'EXTERNAL',	1800,	36000,	CONV('0', 2, 10) + 0,	CONV('0', 2, 10) + 0,	'45f55a3f-39b3-47bb-a980-14f660613993',	1800,	CONV('0', 2, 10) + 0,	NULL,	CONV('0', 2, 10) + 0,	CONV('0', 2, 10) + 0,	CONV('0', 2, 10) + 0,	CONV('1', 2, 10) + 0,	0,	1,	30,	6,	'HmacSHA1',	'totp',	'a605f2cc-5f90-421d-8f7c-ecc5df1a3040',	'fab0f7ef-f846-4224-9734-2326318b8eba',	'1b7d1ed1-bc98-4559-9008-5c62c771b9df',	'42ae01e6-87a2-4c48-9af0-77fd2665b8c3',	'10810f5f-0ffd-4601-8e23-e9b35fa368b1',	2592000,	CONV('0', 2, 10) + 0,	900,	CONV('1', 2, 10) + 0,	CONV('0', 2, 10) + 0,	'4b7f2358-6d48-4d31-a550-2b4333ba6dee',	0,	CONV('0', 2, 10) + 0,	0,	0,	'064b7555-a146-42af-bd59-01a929015fb5'),
('841f5ece-1c66-4bb9-93e5-6a5f6101ad0b',	60,	300,	300,	'',	'',	'',	CONV('1', 2, 10) + 0,	CONV('0', 2, 10) + 0,	0,	'mgo',	'mgo',	0,	NULL,	CONV('1', 2, 10) + 0,	CONV('1', 2, 10) + 0,	CONV('1', 2, 10) + 0,	CONV('0', 2, 10) + 0,	'EXTERNAL',	1800,	36000,	CONV('0', 2, 10) + 0,	CONV('0', 2, 10) + 0,	'90c33ee4-97d6-4ef6-823f-f49a04f14124',	1800,	CONV('0', 2, 10) + 0,	NULL,	CONV('0', 2, 10) + 0,	CONV('0', 2, 10) + 0,	CONV('0', 2, 10) + 0,	CONV('1', 2, 10) + 0,	0,	1,	30,	6,	'HmacSHA1',	'totp',	'528bbccd-ce65-4740-a104-8a9c0673fb6d',	'128c8408-f0b5-43d5-a3ef-ceb96bccedc6',	'3a9e06b3-44a5-4800-b402-3f4e16de251c',	'3e971277-9cc1-430e-853f-976d8257f69a',	'1f265486-6527-45e7-b381-fc576c3c395f',	2592000,	CONV('0', 2, 10) + 0,	900,	CONV('1', 2, 10) + 0,	CONV('0', 2, 10) + 0,	'384cb1a2-bfc2-45f7-aca5-7011eefb9542',	0,	CONV('0', 2, 10) + 0,	0,	0,	'8b33dec5-168d-466e-b09a-0773a86ff8db'),
('f0d9d1ed-4880-4b89-95f9-0deb74dc4ead',	60,	300,	60,	NULL,	NULL,	NULL,	CONV('1', 2, 10) + 0,	CONV('0', 2, 10) + 0,	0,	NULL,	'master',	0,	NULL,	CONV('0', 2, 10) + 0,	CONV('0', 2, 10) + 0,	CONV('0', 2, 10) + 0,	CONV('0', 2, 10) + 0,	'EXTERNAL',	1800,	36000,	CONV('0', 2, 10) + 0,	CONV('0', 2, 10) + 0,	'd887d393-5c50-4b59-a5af-03e2ea30b915',	1800,	CONV('0', 2, 10) + 0,	NULL,	CONV('0', 2, 10) + 0,	CONV('0', 2, 10) + 0,	CONV('0', 2, 10) + 0,	CONV('0', 2, 10) + 0,	0,	1,	30,	6,	'HmacSHA1',	'totp',	'ee78ed06-f44c-411a-a128-07c64c664223',	'6581c984-0f96-4a99-ba98-5f38afbeaa85',	'ab0f665a-f7d9-4f29-b63f-463956054cf4',	'2cba63f6-adb0-4afa-8284-3899f3e0b414',	'26fc7a33-f74a-460e-87d5-dd3437f7131b',	2592000,	CONV('0', 2, 10) + 0,	900,	CONV('1', 2, 10) + 0,	CONV('0', 2, 10) + 0,	'd4b52bfd-d32b-4449-96a6-e4a1dca4e492',	0,	CONV('0', 2, 10) + 0,	0,	0,	'43fbd066-6a0e-4af1-9b0e-8aeccc09eabf');

DROP TABLE IF EXISTS `REALM_ATTRIBUTE`;
CREATE TABLE `REALM_ATTRIBUTE` (
  `NAME` varchar(255) NOT NULL,
  `REALM_ID` varchar(36) NOT NULL,
  `VALUE` longtext CHARACTER SET utf8 COLLATE utf8_general_ci,
  PRIMARY KEY (`NAME`,`REALM_ID`),
  KEY `IDX_REALM_ATTR_REALM` (`REALM_ID`),
  CONSTRAINT `FK_8SHXD6L3E9ATQUKACXGPFFPTW` FOREIGN KEY (`REALM_ID`) REFERENCES `REALM` (`ID`)
) ENGINE=InnoDB DEFAULT CHARSET=utf8mb4 COLLATE=utf8mb4_0900_ai_ci;

INSERT INTO `REALM_ATTRIBUTE` (`NAME`, `REALM_ID`, `VALUE`) VALUES
('_browser_header.contentSecurityPolicy',	'6b962f6f-6e63-4547-bf35-50e79dd06c0d',	'frame-src \'self\'; frame-ancestors \'self\'; object-src \'none\';'),
('_browser_header.contentSecurityPolicy',	'841f5ece-1c66-4bb9-93e5-6a5f6101ad0b',	'frame-src \'self\'; frame-ancestors \'self\'; object-src \'none\';'),
('_browser_header.contentSecurityPolicy',	'f0d9d1ed-4880-4b89-95f9-0deb74dc4ead',	'frame-src \'self\'; frame-ancestors \'self\'; object-src \'none\';'),
('_browser_header.contentSecurityPolicyReportOnly',	'6b962f6f-6e63-4547-bf35-50e79dd06c0d',	''),
('_browser_header.contentSecurityPolicyReportOnly',	'841f5ece-1c66-4bb9-93e5-6a5f6101ad0b',	''),
('_browser_header.contentSecurityPolicyReportOnly',	'f0d9d1ed-4880-4b89-95f9-0deb74dc4ead',	''),
('_browser_header.strictTransportSecurity',	'6b962f6f-6e63-4547-bf35-50e79dd06c0d',	'max-age=31536000; includeSubDomains'),
('_browser_header.strictTransportSecurity',	'841f5ece-1c66-4bb9-93e5-6a5f6101ad0b',	'max-age=31536000; includeSubDomains'),
('_browser_header.strictTransportSecurity',	'f0d9d1ed-4880-4b89-95f9-0deb74dc4ead',	'max-age=31536000; includeSubDomains'),
('_browser_header.xContentTypeOptions',	'6b962f6f-6e63-4547-bf35-50e79dd06c0d',	'nosniff'),
('_browser_header.xContentTypeOptions',	'841f5ece-1c66-4bb9-93e5-6a5f6101ad0b',	'nosniff'),
('_browser_header.xContentTypeOptions',	'f0d9d1ed-4880-4b89-95f9-0deb74dc4ead',	'nosniff'),
('_browser_header.xFrameOptions',	'6b962f6f-6e63-4547-bf35-50e79dd06c0d',	'SAMEORIGIN'),
('_browser_header.xFrameOptions',	'841f5ece-1c66-4bb9-93e5-6a5f6101ad0b',	'SAMEORIGIN'),
('_browser_header.xFrameOptions',	'f0d9d1ed-4880-4b89-95f9-0deb74dc4ead',	'SAMEORIGIN'),
('_browser_header.xRobotsTag',	'6b962f6f-6e63-4547-bf35-50e79dd06c0d',	'none'),
('_browser_header.xRobotsTag',	'841f5ece-1c66-4bb9-93e5-6a5f6101ad0b',	'none'),
('_browser_header.xRobotsTag',	'f0d9d1ed-4880-4b89-95f9-0deb74dc4ead',	'none'),
('_browser_header.xXSSProtection',	'6b962f6f-6e63-4547-bf35-50e79dd06c0d',	'1; mode=block'),
('_browser_header.xXSSProtection',	'841f5ece-1c66-4bb9-93e5-6a5f6101ad0b',	'1; mode=block'),
('_browser_header.xXSSProtection',	'f0d9d1ed-4880-4b89-95f9-0deb74dc4ead',	'1; mode=block'),
('acr.loa.map',	'6b962f6f-6e63-4547-bf35-50e79dd06c0d',	'[]'),
('acr.loa.map',	'841f5ece-1c66-4bb9-93e5-6a5f6101ad0b',	'[]'),
('actionTokenGeneratedByAdminLifespan',	'6b962f6f-6e63-4547-bf35-50e79dd06c0d',	'43200'),
('actionTokenGeneratedByAdminLifespan',	'841f5ece-1c66-4bb9-93e5-6a5f6101ad0b',	'43200'),
('actionTokenGeneratedByUserLifespan',	'6b962f6f-6e63-4547-bf35-50e79dd06c0d',	'300'),
('actionTokenGeneratedByUserLifespan',	'841f5ece-1c66-4bb9-93e5-6a5f6101ad0b',	'300'),
('bruteForceProtected',	'6b962f6f-6e63-4547-bf35-50e79dd06c0d',	'false'),
('bruteForceProtected',	'841f5ece-1c66-4bb9-93e5-6a5f6101ad0b',	'false'),
('bruteForceProtected',	'f0d9d1ed-4880-4b89-95f9-0deb74dc4ead',	'false'),
('cibaAuthRequestedUserHint',	'6b962f6f-6e63-4547-bf35-50e79dd06c0d',	'login_hint'),
('cibaAuthRequestedUserHint',	'841f5ece-1c66-4bb9-93e5-6a5f6101ad0b',	'login_hint'),
('cibaBackchannelTokenDeliveryMode',	'6b962f6f-6e63-4547-bf35-50e79dd06c0d',	'poll'),
('cibaBackchannelTokenDeliveryMode',	'841f5ece-1c66-4bb9-93e5-6a5f6101ad0b',	'poll'),
('cibaExpiresIn',	'6b962f6f-6e63-4547-bf35-50e79dd06c0d',	'120'),
('cibaExpiresIn',	'841f5ece-1c66-4bb9-93e5-6a5f6101ad0b',	'120'),
('cibaInterval',	'6b962f6f-6e63-4547-bf35-50e79dd06c0d',	'5'),
('cibaInterval',	'841f5ece-1c66-4bb9-93e5-6a5f6101ad0b',	'5'),
('client-policies.policies',	'6b962f6f-6e63-4547-bf35-50e79dd06c0d',	'{\"policies\":[]}'),
('client-policies.policies',	'841f5ece-1c66-4bb9-93e5-6a5f6101ad0b',	'{\"policies\":[]}'),
('client-policies.profiles',	'6b962f6f-6e63-4547-bf35-50e79dd06c0d',	'{\"profiles\":[]}'),
('client-policies.profiles',	'841f5ece-1c66-4bb9-93e5-6a5f6101ad0b',	'{\"profiles\":[]}'),
('clientOfflineSessionIdleTimeout',	'6b962f6f-6e63-4547-bf35-50e79dd06c0d',	'0'),
('clientOfflineSessionIdleTimeout',	'841f5ece-1c66-4bb9-93e5-6a5f6101ad0b',	'0'),
('clientOfflineSessionMaxLifespan',	'6b962f6f-6e63-4547-bf35-50e79dd06c0d',	'0'),
('clientOfflineSessionMaxLifespan',	'841f5ece-1c66-4bb9-93e5-6a5f6101ad0b',	'0'),
('clientSessionIdleTimeout',	'6b962f6f-6e63-4547-bf35-50e79dd06c0d',	'0'),
('clientSessionIdleTimeout',	'841f5ece-1c66-4bb9-93e5-6a5f6101ad0b',	'0'),
('clientSessionMaxLifespan',	'6b962f6f-6e63-4547-bf35-50e79dd06c0d',	'0'),
('clientSessionMaxLifespan',	'841f5ece-1c66-4bb9-93e5-6a5f6101ad0b',	'0'),
('defaultSignatureAlgorithm',	'6b962f6f-6e63-4547-bf35-50e79dd06c0d',	'RS256'),
('defaultSignatureAlgorithm',	'841f5ece-1c66-4bb9-93e5-6a5f6101ad0b',	'RS256'),
('defaultSignatureAlgorithm',	'f0d9d1ed-4880-4b89-95f9-0deb74dc4ead',	'RS256'),
('displayName',	'6b962f6f-6e63-4547-bf35-50e79dd06c0d',	'M-GO OLD'),
('displayName',	'841f5ece-1c66-4bb9-93e5-6a5f6101ad0b',	''),
('displayName',	'f0d9d1ed-4880-4b89-95f9-0deb74dc4ead',	'Keycloak'),
('displayNameHtml',	'6b962f6f-6e63-4547-bf35-50e79dd06c0d',	'<strong>M-GO</strong>'),
('displayNameHtml',	'841f5ece-1c66-4bb9-93e5-6a5f6101ad0b',	''),
('displayNameHtml',	'f0d9d1ed-4880-4b89-95f9-0deb74dc4ead',	'<div class=\"kc-logo-text\"><span>Keycloak</span></div>'),
('failureFactor',	'6b962f6f-6e63-4547-bf35-50e79dd06c0d',	'30'),
('failureFactor',	'841f5ece-1c66-4bb9-93e5-6a5f6101ad0b',	'30'),
('failureFactor',	'f0d9d1ed-4880-4b89-95f9-0deb74dc4ead',	'30'),
('frontendUrl',	'6b962f6f-6e63-4547-bf35-50e79dd06c0d',	''),
('frontendUrl',	'841f5ece-1c66-4bb9-93e5-6a5f6101ad0b',	''),
('maxDeltaTimeSeconds',	'6b962f6f-6e63-4547-bf35-50e79dd06c0d',	'43200'),
('maxDeltaTimeSeconds',	'841f5ece-1c66-4bb9-93e5-6a5f6101ad0b',	'43200'),
('maxDeltaTimeSeconds',	'f0d9d1ed-4880-4b89-95f9-0deb74dc4ead',	'43200'),
('maxFailureWaitSeconds',	'6b962f6f-6e63-4547-bf35-50e79dd06c0d',	'900'),
('maxFailureWaitSeconds',	'841f5ece-1c66-4bb9-93e5-6a5f6101ad0b',	'900'),
('maxFailureWaitSeconds',	'f0d9d1ed-4880-4b89-95f9-0deb74dc4ead',	'900'),
('minimumQuickLoginWaitSeconds',	'6b962f6f-6e63-4547-bf35-50e79dd06c0d',	'60'),
('minimumQuickLoginWaitSeconds',	'841f5ece-1c66-4bb9-93e5-6a5f6101ad0b',	'60'),
('minimumQuickLoginWaitSeconds',	'f0d9d1ed-4880-4b89-95f9-0deb74dc4ead',	'60'),
('oauth2DeviceCodeLifespan',	'6b962f6f-6e63-4547-bf35-50e79dd06c0d',	'600'),
('oauth2DeviceCodeLifespan',	'841f5ece-1c66-4bb9-93e5-6a5f6101ad0b',	'600'),
('oauth2DevicePollingInterval',	'6b962f6f-6e63-4547-bf35-50e79dd06c0d',	'5'),
('oauth2DevicePollingInterval',	'841f5ece-1c66-4bb9-93e5-6a5f6101ad0b',	'5'),
('offlineSessionMaxLifespan',	'6b962f6f-6e63-4547-bf35-50e79dd06c0d',	'5184000'),
('offlineSessionMaxLifespan',	'841f5ece-1c66-4bb9-93e5-6a5f6101ad0b',	'5184000'),
('offlineSessionMaxLifespan',	'f0d9d1ed-4880-4b89-95f9-0deb74dc4ead',	'5184000'),
('offlineSessionMaxLifespanEnabled',	'6b962f6f-6e63-4547-bf35-50e79dd06c0d',	'false'),
('offlineSessionMaxLifespanEnabled',	'841f5ece-1c66-4bb9-93e5-6a5f6101ad0b',	'false'),
('offlineSessionMaxLifespanEnabled',	'f0d9d1ed-4880-4b89-95f9-0deb74dc4ead',	'false'),
('parRequestUriLifespan',	'6b962f6f-6e63-4547-bf35-50e79dd06c0d',	'60'),
('parRequestUriLifespan',	'841f5ece-1c66-4bb9-93e5-6a5f6101ad0b',	'60'),
('permanentLockout',	'6b962f6f-6e63-4547-bf35-50e79dd06c0d',	'false'),
('permanentLockout',	'841f5ece-1c66-4bb9-93e5-6a5f6101ad0b',	'false'),
('permanentLockout',	'f0d9d1ed-4880-4b89-95f9-0deb74dc4ead',	'false'),
('quickLoginCheckMilliSeconds',	'6b962f6f-6e63-4547-bf35-50e79dd06c0d',	'1000'),
('quickLoginCheckMilliSeconds',	'841f5ece-1c66-4bb9-93e5-6a5f6101ad0b',	'1000'),
('quickLoginCheckMilliSeconds',	'f0d9d1ed-4880-4b89-95f9-0deb74dc4ead',	'1000'),
('waitIncrementSeconds',	'6b962f6f-6e63-4547-bf35-50e79dd06c0d',	'60'),
('waitIncrementSeconds',	'841f5ece-1c66-4bb9-93e5-6a5f6101ad0b',	'60'),
('waitIncrementSeconds',	'f0d9d1ed-4880-4b89-95f9-0deb74dc4ead',	'60'),
('webAuthnPolicyAttestationConveyancePreference',	'6b962f6f-6e63-4547-bf35-50e79dd06c0d',	'not specified'),
('webAuthnPolicyAttestationConveyancePreference',	'841f5ece-1c66-4bb9-93e5-6a5f6101ad0b',	'not specified'),
('webAuthnPolicyAttestationConveyancePreferencePasswordless',	'6b962f6f-6e63-4547-bf35-50e79dd06c0d',	'not specified'),
('webAuthnPolicyAttestationConveyancePreferencePasswordless',	'841f5ece-1c66-4bb9-93e5-6a5f6101ad0b',	'not specified'),
('webAuthnPolicyAuthenticatorAttachment',	'6b962f6f-6e63-4547-bf35-50e79dd06c0d',	'not specified'),
('webAuthnPolicyAuthenticatorAttachment',	'841f5ece-1c66-4bb9-93e5-6a5f6101ad0b',	'not specified'),
('webAuthnPolicyAuthenticatorAttachmentPasswordless',	'6b962f6f-6e63-4547-bf35-50e79dd06c0d',	'not specified'),
('webAuthnPolicyAuthenticatorAttachmentPasswordless',	'841f5ece-1c66-4bb9-93e5-6a5f6101ad0b',	'not specified'),
('webAuthnPolicyAvoidSameAuthenticatorRegister',	'6b962f6f-6e63-4547-bf35-50e79dd06c0d',	'false'),
('webAuthnPolicyAvoidSameAuthenticatorRegister',	'841f5ece-1c66-4bb9-93e5-6a5f6101ad0b',	'false'),
('webAuthnPolicyAvoidSameAuthenticatorRegisterPasswordless',	'6b962f6f-6e63-4547-bf35-50e79dd06c0d',	'false'),
('webAuthnPolicyAvoidSameAuthenticatorRegisterPasswordless',	'841f5ece-1c66-4bb9-93e5-6a5f6101ad0b',	'false'),
('webAuthnPolicyCreateTimeout',	'6b962f6f-6e63-4547-bf35-50e79dd06c0d',	'0'),
('webAuthnPolicyCreateTimeout',	'841f5ece-1c66-4bb9-93e5-6a5f6101ad0b',	'0'),
('webAuthnPolicyCreateTimeoutPasswordless',	'6b962f6f-6e63-4547-bf35-50e79dd06c0d',	'0'),
('webAuthnPolicyCreateTimeoutPasswordless',	'841f5ece-1c66-4bb9-93e5-6a5f6101ad0b',	'0'),
('webAuthnPolicyRequireResidentKey',	'6b962f6f-6e63-4547-bf35-50e79dd06c0d',	'not specified'),
('webAuthnPolicyRequireResidentKey',	'841f5ece-1c66-4bb9-93e5-6a5f6101ad0b',	'not specified'),
('webAuthnPolicyRequireResidentKeyPasswordless',	'6b962f6f-6e63-4547-bf35-50e79dd06c0d',	'not specified'),
('webAuthnPolicyRequireResidentKeyPasswordless',	'841f5ece-1c66-4bb9-93e5-6a5f6101ad0b',	'not specified'),
('webAuthnPolicyRpEntityName',	'6b962f6f-6e63-4547-bf35-50e79dd06c0d',	'keycloak'),
('webAuthnPolicyRpEntityName',	'841f5ece-1c66-4bb9-93e5-6a5f6101ad0b',	'keycloak'),
('webAuthnPolicyRpEntityNamePasswordless',	'6b962f6f-6e63-4547-bf35-50e79dd06c0d',	'keycloak'),
('webAuthnPolicyRpEntityNamePasswordless',	'841f5ece-1c66-4bb9-93e5-6a5f6101ad0b',	'keycloak'),
('webAuthnPolicyRpId',	'6b962f6f-6e63-4547-bf35-50e79dd06c0d',	''),
('webAuthnPolicyRpId',	'841f5ece-1c66-4bb9-93e5-6a5f6101ad0b',	''),
('webAuthnPolicyRpIdPasswordless',	'6b962f6f-6e63-4547-bf35-50e79dd06c0d',	''),
('webAuthnPolicyRpIdPasswordless',	'841f5ece-1c66-4bb9-93e5-6a5f6101ad0b',	''),
('webAuthnPolicySignatureAlgorithms',	'6b962f6f-6e63-4547-bf35-50e79dd06c0d',	'ES256'),
('webAuthnPolicySignatureAlgorithms',	'841f5ece-1c66-4bb9-93e5-6a5f6101ad0b',	'ES256'),
('webAuthnPolicySignatureAlgorithmsPasswordless',	'6b962f6f-6e63-4547-bf35-50e79dd06c0d',	'ES256'),
('webAuthnPolicySignatureAlgorithmsPasswordless',	'841f5ece-1c66-4bb9-93e5-6a5f6101ad0b',	'ES256'),
('webAuthnPolicyUserVerificationRequirement',	'6b962f6f-6e63-4547-bf35-50e79dd06c0d',	'not specified'),
('webAuthnPolicyUserVerificationRequirement',	'841f5ece-1c66-4bb9-93e5-6a5f6101ad0b',	'not specified'),
('webAuthnPolicyUserVerificationRequirementPasswordless',	'6b962f6f-6e63-4547-bf35-50e79dd06c0d',	'not specified'),
('webAuthnPolicyUserVerificationRequirementPasswordless',	'841f5ece-1c66-4bb9-93e5-6a5f6101ad0b',	'not specified');

DROP TABLE IF EXISTS `REALM_DEFAULT_GROUPS`;
CREATE TABLE `REALM_DEFAULT_GROUPS` (
  `REALM_ID` varchar(36) NOT NULL,
  `GROUP_ID` varchar(36) NOT NULL,
  PRIMARY KEY (`REALM_ID`,`GROUP_ID`),
  UNIQUE KEY `CON_GROUP_ID_DEF_GROUPS` (`GROUP_ID`),
  KEY `IDX_REALM_DEF_GRP_REALM` (`REALM_ID`),
  CONSTRAINT `FK_DEF_GROUPS_REALM` FOREIGN KEY (`REALM_ID`) REFERENCES `REALM` (`ID`)
) ENGINE=InnoDB DEFAULT CHARSET=utf8mb4 COLLATE=utf8mb4_0900_ai_ci;


DROP TABLE IF EXISTS `REALM_ENABLED_EVENT_TYPES`;
CREATE TABLE `REALM_ENABLED_EVENT_TYPES` (
  `REALM_ID` varchar(36) NOT NULL,
  `VALUE` varchar(255) NOT NULL,
  PRIMARY KEY (`REALM_ID`,`VALUE`),
  KEY `IDX_REALM_EVT_TYPES_REALM` (`REALM_ID`),
  CONSTRAINT `FK_H846O4H0W8EPX5NWEDRF5Y69J` FOREIGN KEY (`REALM_ID`) REFERENCES `REALM` (`ID`)
) ENGINE=InnoDB DEFAULT CHARSET=utf8mb4 COLLATE=utf8mb4_0900_ai_ci;


DROP TABLE IF EXISTS `REALM_EVENTS_LISTENERS`;
CREATE TABLE `REALM_EVENTS_LISTENERS` (
  `REALM_ID` varchar(36) NOT NULL,
  `VALUE` varchar(255) NOT NULL,
  PRIMARY KEY (`REALM_ID`,`VALUE`),
  KEY `IDX_REALM_EVT_LIST_REALM` (`REALM_ID`),
  CONSTRAINT `FK_H846O4H0W8EPX5NXEV9F5Y69J` FOREIGN KEY (`REALM_ID`) REFERENCES `REALM` (`ID`)
) ENGINE=InnoDB DEFAULT CHARSET=utf8mb4 COLLATE=utf8mb4_0900_ai_ci;

INSERT INTO `REALM_EVENTS_LISTENERS` (`REALM_ID`, `VALUE`) VALUES
('6b962f6f-6e63-4547-bf35-50e79dd06c0d',	'jboss-logging'),
('841f5ece-1c66-4bb9-93e5-6a5f6101ad0b',	'jboss-logging'),
('f0d9d1ed-4880-4b89-95f9-0deb74dc4ead',	'jboss-logging');

DROP TABLE IF EXISTS `REALM_LOCALIZATIONS`;
CREATE TABLE `REALM_LOCALIZATIONS` (
  `REALM_ID` varchar(255) NOT NULL,
  `LOCALE` varchar(255) NOT NULL,
  `TEXTS` longtext CHARACTER SET utf8 COLLATE utf8_general_ci NOT NULL,
  PRIMARY KEY (`REALM_ID`,`LOCALE`)
) ENGINE=InnoDB DEFAULT CHARSET=utf8mb4 COLLATE=utf8mb4_0900_ai_ci;


DROP TABLE IF EXISTS `REALM_REQUIRED_CREDENTIAL`;
CREATE TABLE `REALM_REQUIRED_CREDENTIAL` (
  `TYPE` varchar(255) NOT NULL,
  `FORM_LABEL` varchar(255) DEFAULT NULL,
  `INPUT` bit(1) NOT NULL DEFAULT b'0',
  `SECRET` bit(1) NOT NULL DEFAULT b'0',
  `REALM_ID` varchar(36) NOT NULL,
  PRIMARY KEY (`REALM_ID`,`TYPE`),
  CONSTRAINT `FK_5HG65LYBEVAVKQFKI3KPONH9V` FOREIGN KEY (`REALM_ID`) REFERENCES `REALM` (`ID`)
) ENGINE=InnoDB DEFAULT CHARSET=utf8mb4 COLLATE=utf8mb4_0900_ai_ci;

INSERT INTO `REALM_REQUIRED_CREDENTIAL` (`TYPE`, `FORM_LABEL`, `INPUT`, `SECRET`, `REALM_ID`) VALUES
('password',	'password',	CONV('1', 2, 10) + 0,	CONV('1', 2, 10) + 0,	'6b962f6f-6e63-4547-bf35-50e79dd06c0d'),
('password',	'password',	CONV('1', 2, 10) + 0,	CONV('1', 2, 10) + 0,	'841f5ece-1c66-4bb9-93e5-6a5f6101ad0b'),
('password',	'password',	CONV('1', 2, 10) + 0,	CONV('1', 2, 10) + 0,	'f0d9d1ed-4880-4b89-95f9-0deb74dc4ead');

DROP TABLE IF EXISTS `REALM_SMTP_CONFIG`;
CREATE TABLE `REALM_SMTP_CONFIG` (
  `REALM_ID` varchar(36) NOT NULL,
  `VALUE` varchar(255) DEFAULT NULL,
  `NAME` varchar(255) NOT NULL,
  PRIMARY KEY (`REALM_ID`,`NAME`),
  CONSTRAINT `FK_70EJ8XDXGXD0B9HH6180IRR0O` FOREIGN KEY (`REALM_ID`) REFERENCES `REALM` (`ID`)
) ENGINE=InnoDB DEFAULT CHARSET=utf8mb4 COLLATE=utf8mb4_0900_ai_ci;


DROP TABLE IF EXISTS `REALM_SUPPORTED_LOCALES`;
CREATE TABLE `REALM_SUPPORTED_LOCALES` (
  `REALM_ID` varchar(36) NOT NULL,
  `VALUE` varchar(255) NOT NULL,
  PRIMARY KEY (`REALM_ID`,`VALUE`),
  KEY `IDX_REALM_SUPP_LOCAL_REALM` (`REALM_ID`),
  CONSTRAINT `FK_SUPPORTED_LOCALES_REALM` FOREIGN KEY (`REALM_ID`) REFERENCES `REALM` (`ID`)
) ENGINE=InnoDB DEFAULT CHARSET=utf8mb4 COLLATE=utf8mb4_0900_ai_ci;


DROP TABLE IF EXISTS `REDIRECT_URIS`;
CREATE TABLE `REDIRECT_URIS` (
  `CLIENT_ID` varchar(36) NOT NULL,
  `VALUE` varchar(255) NOT NULL,
  PRIMARY KEY (`CLIENT_ID`,`VALUE`),
  KEY `IDX_REDIR_URI_CLIENT` (`CLIENT_ID`),
  CONSTRAINT `FK_1BURS8PB4OUJ97H5WUPPAHV9F` FOREIGN KEY (`CLIENT_ID`) REFERENCES `CLIENT` (`ID`)
) ENGINE=InnoDB DEFAULT CHARSET=utf8mb4 COLLATE=utf8mb4_0900_ai_ci;

INSERT INTO `REDIRECT_URIS` (`CLIENT_ID`, `VALUE`) VALUES
('32e494de-37a8-4e6b-aebb-fdaaf4ae2dbb',	'http://localhost:3000/*'),
('32e494de-37a8-4e6b-aebb-fdaaf4ae2dbb',	'http://localhost:8040/*'),
('32e494de-37a8-4e6b-aebb-fdaaf4ae2dbb',	'http://localhost:8090/*'),
('35762d11-817a-4fc7-bedd-a82dd8e1fe95',	'/realms/master/account/*'),
('3b2997cc-a417-4406-8ae7-21167b3d9e88',	'http://localhost:8040/*'),
('3e9d89d9-4463-40ab-9074-e681f40ba6a9',	'/admin/master/console/*'),
('4971f0ea-ca04-4a50-9225-3a22f898811f',	'/realms/M-GO/account/*'),
('4c3e0fbc-619d-4ca7-a8a1-1cf2d59890fc',	'/realms/mgo/account/*'),
('5d0a80de-f9f4-4149-90dd-d8bf7b819fce',	'/admin/mgo/console/*'),
('7a868d5e-300a-4e4f-9c0f-0d7a3218db03',	'http://localhost:3000/*'),
('7a868d5e-300a-4e4f-9c0f-0d7a3218db03',	'http://localhost:8040/*'),
('7a868d5e-300a-4e4f-9c0f-0d7a3218db03',	'http://localhost:8090/*'),
('7a868d5e-300a-4e4f-9c0f-0d7a3218db03',	'http://localhost:8091/*'),
('7ce013c5-2826-4a37-b615-c829b94cd793',	'/realms/master/account/*'),
('8f8ac6a0-9be6-4f0a-b6db-066ecd8cb5db',	'http://localhost:3000/*'),
('8f8ac6a0-9be6-4f0a-b6db-066ecd8cb5db',	'http://localhost:8040/*'),
('9a27d6e7-cfc0-4fe7-8d1d-2e2bb01b6955',	'/admin/mgo-old/console/*'),
('d9e2ad8c-684e-4342-acde-beaf446b3f5c',	'/realms/M-GO/account/*'),
('f9303f24-cb8e-4c89-a103-8ecd866be620',	'/realms/mgo-old/account/*');

DROP TABLE IF EXISTS `REQUIRED_ACTION_CONFIG`;
CREATE TABLE `REQUIRED_ACTION_CONFIG` (
  `REQUIRED_ACTION_ID` varchar(36) NOT NULL,
  `VALUE` longtext,
  `NAME` varchar(255) NOT NULL,
  PRIMARY KEY (`REQUIRED_ACTION_ID`,`NAME`)
) ENGINE=InnoDB DEFAULT CHARSET=utf8mb4 COLLATE=utf8mb4_0900_ai_ci;


DROP TABLE IF EXISTS `REQUIRED_ACTION_PROVIDER`;
CREATE TABLE `REQUIRED_ACTION_PROVIDER` (
  `ID` varchar(36) NOT NULL,
  `ALIAS` varchar(255) DEFAULT NULL,
  `NAME` varchar(255) DEFAULT NULL,
  `REALM_ID` varchar(36) DEFAULT NULL,
  `ENABLED` bit(1) NOT NULL DEFAULT b'0',
  `DEFAULT_ACTION` bit(1) NOT NULL DEFAULT b'0',
  `PROVIDER_ID` varchar(255) DEFAULT NULL,
  `PRIORITY` int DEFAULT NULL,
  PRIMARY KEY (`ID`),
  KEY `IDX_REQ_ACT_PROV_REALM` (`REALM_ID`),
  CONSTRAINT `FK_REQ_ACT_REALM` FOREIGN KEY (`REALM_ID`) REFERENCES `REALM` (`ID`)
) ENGINE=InnoDB DEFAULT CHARSET=utf8mb4 COLLATE=utf8mb4_0900_ai_ci;

INSERT INTO `REQUIRED_ACTION_PROVIDER` (`ID`, `ALIAS`, `NAME`, `REALM_ID`, `ENABLED`, `DEFAULT_ACTION`, `PROVIDER_ID`, `PRIORITY`) VALUES
('04a97e20-afc0-430d-bf65-fbb0002707ae',	'VERIFY_EMAIL',	'Verify Email',	'6b962f6f-6e63-4547-bf35-50e79dd06c0d',	CONV('1', 2, 10) + 0,	CONV('0', 2, 10) + 0,	'VERIFY_EMAIL',	50),
('06599cac-4266-449a-a444-057066944b91',	'UPDATE_PASSWORD',	'Update Password',	'6b962f6f-6e63-4547-bf35-50e79dd06c0d',	CONV('1', 2, 10) + 0,	CONV('0', 2, 10) + 0,	'UPDATE_PASSWORD',	30),
('0c17283e-e801-47d7-87d0-2192b915f452',	'VERIFY_EMAIL',	'Verify Email',	'f0d9d1ed-4880-4b89-95f9-0deb74dc4ead',	CONV('1', 2, 10) + 0,	CONV('0', 2, 10) + 0,	'VERIFY_EMAIL',	50),
('108413c8-0b18-4d8a-b6a7-be51b1847f9c',	'UPDATE_PROFILE',	'Update Profile',	'6b962f6f-6e63-4547-bf35-50e79dd06c0d',	CONV('1', 2, 10) + 0,	CONV('0', 2, 10) + 0,	'UPDATE_PROFILE',	40),
('41853a43-b393-45a2-ae33-89b0fda2fda8',	'UPDATE_PASSWORD',	'Update Password',	'f0d9d1ed-4880-4b89-95f9-0deb74dc4ead',	CONV('1', 2, 10) + 0,	CONV('0', 2, 10) + 0,	'UPDATE_PASSWORD',	30),
('444e4032-b8c3-4a95-ac82-49d7086b13c3',	'VERIFY_EMAIL',	'Verify Email',	'841f5ece-1c66-4bb9-93e5-6a5f6101ad0b',	CONV('1', 2, 10) + 0,	CONV('0', 2, 10) + 0,	'VERIFY_EMAIL',	50),
('483ee035-6bc8-4e4d-8f10-06458b620e6d',	'UPDATE_PASSWORD',	'Update Password',	'841f5ece-1c66-4bb9-93e5-6a5f6101ad0b',	CONV('1', 2, 10) + 0,	CONV('0', 2, 10) + 0,	'UPDATE_PASSWORD',	30),
('4db933a2-354b-4d82-91ef-7b7dd5bcba52',	'CONFIGURE_TOTP',	'Configure OTP',	'841f5ece-1c66-4bb9-93e5-6a5f6101ad0b',	CONV('1', 2, 10) + 0,	CONV('0', 2, 10) + 0,	'CONFIGURE_TOTP',	10),
('501dc723-38d5-4dca-a3d5-2a62caed26e2',	'UPDATE_PROFILE',	'Update Profile',	'841f5ece-1c66-4bb9-93e5-6a5f6101ad0b',	CONV('1', 2, 10) + 0,	CONV('0', 2, 10) + 0,	'UPDATE_PROFILE',	40),
('539c4cd6-6798-4c58-b565-37e622d7e8db',	'terms_and_conditions',	'Terms and Conditions',	'841f5ece-1c66-4bb9-93e5-6a5f6101ad0b',	CONV('0', 2, 10) + 0,	CONV('0', 2, 10) + 0,	'terms_and_conditions',	20),
('720c79ea-fc43-418b-ab39-4059c435713b',	'webauthn-register',	'Webauthn Register',	'6b962f6f-6e63-4547-bf35-50e79dd06c0d',	CONV('1', 2, 10) + 0,	CONV('0', 2, 10) + 0,	'webauthn-register',	70),
('736c0170-fab0-4a7a-99d7-a5a57eb71f6c',	'delete_account',	'Delete Account',	'841f5ece-1c66-4bb9-93e5-6a5f6101ad0b',	CONV('0', 2, 10) + 0,	CONV('0', 2, 10) + 0,	'delete_account',	60),
('74b3bcd7-6a52-42b5-bff9-45af12ac39a0',	'webauthn-register-passwordless',	'Webauthn Register Passwordless',	'f0d9d1ed-4880-4b89-95f9-0deb74dc4ead',	CONV('1', 2, 10) + 0,	CONV('0', 2, 10) + 0,	'webauthn-register-passwordless',	80),
('79900d7d-f6da-4829-ba21-0e2e3d274e4d',	'webauthn-register-passwordless',	'Webauthn Register Passwordless',	'6b962f6f-6e63-4547-bf35-50e79dd06c0d',	CONV('1', 2, 10) + 0,	CONV('0', 2, 10) + 0,	'webauthn-register-passwordless',	80),
('88b74631-af3a-48de-b1a0-e58f4ee5e4de',	'update_user_locale',	'Update User Locale',	'6b962f6f-6e63-4547-bf35-50e79dd06c0d',	CONV('1', 2, 10) + 0,	CONV('0', 2, 10) + 0,	'update_user_locale',	1000),
('92de1ba0-7936-4d08-a01f-f7cb328fb83d',	'terms_and_conditions',	'Terms and Conditions',	'f0d9d1ed-4880-4b89-95f9-0deb74dc4ead',	CONV('0', 2, 10) + 0,	CONV('0', 2, 10) + 0,	'terms_and_conditions',	20),
('96a8aa61-36f8-47fd-a9b2-a2d9fd733c82',	'UPDATE_PROFILE',	'Update Profile',	'f0d9d1ed-4880-4b89-95f9-0deb74dc4ead',	CONV('1', 2, 10) + 0,	CONV('0', 2, 10) + 0,	'UPDATE_PROFILE',	40),
('9931d488-f2e1-4458-be86-a8a35f4c26ce',	'CONFIGURE_TOTP',	'Configure OTP',	'6b962f6f-6e63-4547-bf35-50e79dd06c0d',	CONV('1', 2, 10) + 0,	CONV('0', 2, 10) + 0,	'CONFIGURE_TOTP',	10),
('a1d0465e-3415-4a8c-a432-abafd18a0b3e',	'delete_account',	'Delete Account',	'f0d9d1ed-4880-4b89-95f9-0deb74dc4ead',	CONV('0', 2, 10) + 0,	CONV('0', 2, 10) + 0,	'delete_account',	60),
('bebb8177-b8a4-4c87-9b45-9edbbc4515a9',	'webauthn-register',	'Webauthn Register',	'f0d9d1ed-4880-4b89-95f9-0deb74dc4ead',	CONV('1', 2, 10) + 0,	CONV('0', 2, 10) + 0,	'webauthn-register',	70),
('c094a906-1806-4a58-916f-6cc6c9849d23',	'CONFIGURE_TOTP',	'Configure OTP',	'f0d9d1ed-4880-4b89-95f9-0deb74dc4ead',	CONV('1', 2, 10) + 0,	CONV('0', 2, 10) + 0,	'CONFIGURE_TOTP',	10),
('c7f49c4e-6d62-4aa3-9ffc-d5140134425c',	'webauthn-register',	'Webauthn Register',	'841f5ece-1c66-4bb9-93e5-6a5f6101ad0b',	CONV('1', 2, 10) + 0,	CONV('0', 2, 10) + 0,	'webauthn-register',	70),
('d01124dd-f951-446f-93f1-323326f30fdc',	'delete_account',	'Delete Account',	'6b962f6f-6e63-4547-bf35-50e79dd06c0d',	CONV('0', 2, 10) + 0,	CONV('0', 2, 10) + 0,	'delete_account',	60),
('d5338a1d-5f9f-491f-9e38-e51b30837dbf',	'update_user_locale',	'Update User Locale',	'f0d9d1ed-4880-4b89-95f9-0deb74dc4ead',	CONV('1', 2, 10) + 0,	CONV('0', 2, 10) + 0,	'update_user_locale',	1000),
('eee93efd-4680-4c90-947b-b711eb530be1',	'update_user_locale',	'Update User Locale',	'841f5ece-1c66-4bb9-93e5-6a5f6101ad0b',	CONV('1', 2, 10) + 0,	CONV('0', 2, 10) + 0,	'update_user_locale',	1000),
('fe4a0ac5-1849-4d7e-944c-cdc4c32fc943',	'terms_and_conditions',	'Terms and Conditions',	'6b962f6f-6e63-4547-bf35-50e79dd06c0d',	CONV('0', 2, 10) + 0,	CONV('0', 2, 10) + 0,	'terms_and_conditions',	20),
('ff30ca3f-1e9a-48b2-b35e-2a151edc7be4',	'webauthn-register-passwordless',	'Webauthn Register Passwordless',	'841f5ece-1c66-4bb9-93e5-6a5f6101ad0b',	CONV('1', 2, 10) + 0,	CONV('0', 2, 10) + 0,	'webauthn-register-passwordless',	80);